,0,1,2,3,4,5,6,7,8,9,10,11,12,13,14,15,16,17,18,19,20,21,22,23,24,25,26,27,28,29,30,31,32,33,34,35,36,37,38,39,40,41,42,43,44,45,46,47,48,49,50,51,52,53,54,55,56,57,58,59,60,61,62,63,64,65,66,67
k__Bacteria;p__Firmicutes;c__Clostridia;o__Clostridiales;f__Lachnospiraceae;g__Dorea,65.47792807642102,42.25748885588692,92.29441294799891,91.65807784799082,53.37506596675568,63.301268566050474,98.16205265533443,90.0567510014274,100.8414543467908,89.83634925842121,52.56617885886483,63.87380394410414,49.9059310221466,79.11656913255713,44.81893357781789,95.7575996314022,62.140390549585334,95.38190516639672,90.56359786370452,66.3489898749479,102.85595439490316,72.17537130098819,101.68150760373246,85.05107527752597,88.82650296331221,61.40176183989453,66.22421064674555,52.07769089386231,73.04328980739922,40.82122524953557,90.22906580321913,64.38914587667904,84.12754777457005,72.97062551573477,65.65427074165902,97.08005331606523,66.7894031716085,76.8338966673343,80.20642224752905,45.714850941180885,76.13347662602602,58.96061562507713,67.31915467799351,77.18661401318046,53.35131119001882,46.05460482217043,80.48713103071188,78.48219866278153,73.78808325024373,90.48748410752621,89.2970730487862,86.76241986315979,94.11705484475155,82.03477946048143,62.96924555470707,83.58203744043165,95.55594799837114,101.13131378185308,96.63146035976973,87.45764964598693,90.16012351155972,87.48569263620666,77.07845140159962,99.04367204973751,62.531822586322114,2823.012982881598,1127.3604229331474,60.41583601897295
k__Bacteria;p__Actinobacteria;c__Coriobacteriia;o__Coriobacteriales;f__Coriobacteriaceae;g__Eggerthella,55.30805830574482,38.17704566983928,7.337993451175537,10.99286714102767,66.1051489911277,50.689397333706324,7.7107554896079655,11.769142769317515,14.082179002721341,12.633012088162445,12.188169198523294,2.52302499800262,40.088943055514186,7.247110137421626,15.885212742040512,11.448751932268946,6.877645626950759,13.284452992957368,6.847796301953022,4.6611573447583865,9.413605449504175,14.009153331735792,8.409325913868226,6.4955209465546835,10.870876246673427,27.65017361903141,6.498657396328013,27.920333873405557,4.455260719179456,20.139846216311255,11.102045164836552,58.48961015878915,4.97611263614196,5.285252146558183,4.832193937182867,11.146749249858035,7.475000455409213,14.343568369079966,10.338907642913313,1.1369308892026069,14.937155487106944,2.4929986465998533,25.70167093287408,8.423017311151753,22.893954231567196,4.873453208467195,7.879711496183591,5.35173987905274,4.9691743424019466,9.295007458793009,30.001687368585216,18.41157762938964,9.288749051481137,9.637371042391967,6.168414321328553,9.49384599398388,8.246445483260384,7.417364265780625,12.315893101852744,9.058093574696883,6.7808516987134615,11.235293782512626,5.540859309954223,0.2,35.446243829808786,558.5835125406089,137.14709350723308,18.876613714581865
k__Bacteria;p__Firmicutes;c__Clostridia;o__Clostridiales;f__[Tissierellaceae];g__Finegoldia,256.2651959666258,168.05543210654227,285.28723199887315,287.3043576066284,188.48583802038524,244.7571597576764,303.32363526600045,283.3260966741845,318.22724871025366,283.5924853429053,171.09601270916076,194.6900469577404,193.09902546115242,245.58255614708835,151.78612587188,300.1159276335122,194.16218425893655,300.96047473513687,279.5580884095756,204.42829103873265,319.2623791616475,231.990754077294,314.65270531854236,262.6110422774884,278.66269208962115,214.276556823739,206.02891621932807,186.54286277679927,224.32711428759583,144.3452565858355,283.1267458391672,256.4135492178912,258.2016641210546,225.00111340754106,202.52415912594813,303.76594779752463,208.77739549509917,246.35184682425145,252.18245202734764,138.62169329795591,244.88490170768088,179.89082144041248,229.9667005605733,241.04625833132914,184.96651690557738,143.66031230876058,250.3820441331001,241.63803048786124,227.11819844977387,281.96053528261416,300.6462443686188,280.5666137935618,292.8627427191361,256.92342759739165,195.89081066299858,261.41950653270874,296.06676741374724,311.93251280476767,303.67471886855225,272.5994224924802,278.2734391303489,275.02460742003797,237.6223058956657,130.11182605054128,226.05527755053157,9085.351280746021,3535.8219093246053,201.88005874030608
k__Bacteria;p__Firmicutes;c__Bacilli;o__Lactobacillales;f__Carnobacteriaceae;g__Granulicatella,70.58546080682578,48.716567041748455,9.532384123910454,14.18687971601658,84.28645653850383,64.69760800281824,10.018980673042504,15.172532998325105,18.140601474752074,16.27253367111842,15.631218570687027,3.3418988185194016,51.16736195440978,9.390217421114157,20.325189432678112,14.775820916670375,8.885571419780087,17.113480880591762,8.904478475782721,6.07052185986331,12.197562148880232,17.990160371730465,10.915905731125154,8.444690227188325,14.025809758950903,35.34522960782269,8.410976047378844,35.67069814578846,5.821648369172832,25.73695783863593,14.32309415806468,74.63610793702293,6.507338291605277,6.878789516695218,6.287005760068014,14.393762859960432,9.6558251983119,18.42548668203189,13.330894477992144,1.539847560694945,19.180226225678343,3.2938087292534686,32.874976835177144,10.88428413340266,29.2703826671899,6.300306539365188,10.198803459303786,6.9745245730117365,6.477790341032734,12.021712181321245,38.396584717884295,23.627417115048274,12.021009797054026,12.44090243028902,7.983775484284894,12.261171786054833,10.696150797560735,9.651190842726727,15.88218121448185,11.713850174337336,8.818392777535419,14.487338367791061,7.212623184366818,0.1,45.27853695420721,717.2074254026892,176.96323769082989,24.167033225299374
k__Bacteria;p__Firmicutes;c__Clostridia;o__Clostridiales;f__Lachnospiraceae;g__Blautia,33.45006666473798,19.244668689158818,312.9064080431256,296.4605895791036,4.700622236152556,38.55703371260211,333.16102347928484,287.54731051196063,318.49797054631387,283.40139069012434,147.33310481569026,226.4053565483371,29.91181440585376,264.5398545525894,104.436443806066,309.8581471666647,203.20550720336664,301.3907002199868,308.39800222663985,227.3111043788373,343.9475823421212,212.80428197758513,343.4783324937166,289.3772171899809,286.46297873801336,120.37506667789158,219.76432579836685,84.86327680433392,252.85312366438018,73.25130625480716,290.7566976438323,28.966771697448653,291.82194767815224,249.38400724433293,224.08328113988492,315.91164551191946,218.08895560113086,228.73680572165063,256.64680680543177,164.61859544934597,223.8585328086911,208.35763593655895,149.7645162644514,252.87067636245357,108.95365620423792,151.46642712947505,267.1673278202018,269.503292393274,253.62486677571653,298.680060639129,214.43334487921487,249.7550083481779,312.1223073722188,266.11119446208517,209.0045189562904,272.3846719857556,321.46090322468615,345.2693771959061,309.7449759928671,288.39265476184994,307.1645444480298,280.1009434384236,263.5845438117118,532.3709792634127,94.49077234326359,8282.437447328102,3638.879015870415,150.56145634078146
k__Bacteria;p__Firmicutes;c__Clostridia;o__Clostridiales;f__Lachnospiraceae;g__[Ruminococcus],311.2381224212077,213.88702007999646,68.28048712531597,87.24570577014923,359.34534000124825,286.3096396208658,72.12968224455929,90.80056072764734,106.41406716836815,95.26060345105805,80.89711554561815,33.851219444133584,226.38413219765735,63.55019607084621,97.78824121703876,90.96017906531422,56.13264624412905,100.46756729034092,65.15061695288351,45.865142949948456,82.57661825577927,96.77809822832377,76.92985920959148,61.52350487602208,85.69185155836601,164.85071088664938,55.46295852924676,163.2581063878079,46.94597813018702,118.81433676447996,87.3571072963438,327.5746214734807,53.255774577398775,51.27601103964521,46.53802378232621,89.80297450077566,60.76652749686387,100.03587295478687,80.11914093600096,20.719443754371408,102.92328414569114,32.10782942469356,156.5404210605368,69.0951307268315,137.30474216193372,40.427992666453534,67.31072395111035,53.40379766512421,49.881975098173704,77.96220988811936,186.1890590420496,124.57823855337013,79.10094802715052,77.0295902438711,52.680112497236365,76.77619882792119,74.09828708261752,71.54920863577159,95.79059303051537,75.74156441605126,64.66924298577102,87.17051054974091,53.94266451834175,0.2,206.10757992449055,3841.1149557409117,1083.259824478544,118.5132175939462
k__Bacteria;p__Firmicutes;c__Clostridia;o__Clostridiales;f__[Tissierellaceae];g__Anaerococcus,50.454536863254326,33.747676110826376,37.38917987517272,38.90113650250298,45.913858256910935,47.44952325772753,39.721429526744494,38.6839843066635,43.748141708635686,39.01565340640339,25.12000119716723,24.65532982810664,37.468816409450454,32.50772252461793,24.041432341612225,40.62394735928301,26.098711375703395,41.3627525256322,36.51961711284976,26.585235745424146,42.25801220857723,33.18893434459504,41.347184713215796,34.32752797693009,37.80330231089149,35.74855099267573,27.41701994764757,32.45438497737195,28.944612557994308,24.605757221183442,38.42863950459209,51.574324397290226,33.262794888069486,29.31434111288085,26.411867394732084,40.96522943990362,28.090826176476842,35.058960844860486,34.38449699823304,17.32653539382985,35.085310778201844,22.837184446416746,36.990424382667214,32.36078442024303,30.52136322246593,19.23584432059068,33.313036277156776,31.36958872471305,29.463499052916195,37.66046782015467,47.112992978519344,40.646964242195935,38.99002221580484,34.720695613034394,26.064282466565718,35.22020063110964,39.020483601343116,40.67142555634741,41.358921450428475,36.43495801082153,36.33951452225952,37.48509036437128,30.944547554909853,0.1,39.88686063533881,1303.208645805991,479.39559938944114,31.196306609497906
k__Bacteria;p__Bacteroidetes;c__Bacteroidia;o__Bacteroidales;f__Rikenellaceae;g__,877.9451588189122,576.9543892152286,942.9787277186776,951.9309972919116,661.8624412643768,837.1655595633663,1002.5378310694152,939.3385773833597,1055.597228091097,940.7625895818668,570.4734938116948,641.9461439914384,660.5366031644993,812.3302639283207,509.3068083286768,994.3580558205052,642.9715722121964,998.2999750554525,923.8243929693859,675.3317086847879,1056.0411294581952,771.9144188591863,1040.2427724247443,867.8612363621378,923.4307279737843,722.3022771734164,681.7615505188081,631.2559856994901,740.6494405406221,487.53157425888946,938.2598442061743,880.4507654792192,852.3949802211334,743.3926210177084,669.1773831231187,1006.17164673967,691.4206212385802,819.3609082370448,835.9984233812918,456.6552662745751,814.9124852388624,593.2516483106298,772.6723148680255,798.155867364373,622.8836879629163,475.5971708035328,828.5172204591549,798.1545066513335,750.1553792481913,933.2781340793554,1007.8681282443363,934.4749636159167,969.1321154464856,851.1468507322669,648.2073403242769,865.8436774999154,979.0093218510136,1030.6668334570822,1006.6130331790573,902.3386823058536,919.5566572821756,911.6959755626804,785.0665061924975,382.3481704536365,765.9872100979553,30236.452499878847,11716.48505971691,675.965540289073
k__Bacteria;p__Firmicutes;c__Clostridia;o__Clostridiales;f__Veillonellaceae;g__Dialister,496.5240791811449,277.54576911017966,1919.9787072037839,1842.7231018259874,103.19359779035685,528.0487093578863,2043.6615525701693,1793.800041973508,1993.0040371105686,1773.9875568519035,955.1560022933768,1376.333186928574,414.12922625447777,1629.3121748245765,719.4776933785629,1925.75943290853,1259.2253312955772,1885.7131142420953,1890.0644865901625,1391.0938704254286,2118.3356797811043,1358.5561167957185,2109.6413121670403,1773.9029071762113,1782.0366548279223,883.9653554589522,1356.3372722278125,672.5238756469219,1544.220859378554,557.3171987432296,1809.1465757325827,417.41226095414686,1781.4742984756006,1526.9118282977663,1372.4889963858468,1960.3042475705474,1352.00324299086,1456.0877076050808,1600.0652267377618,997.7209547694357,1430.299734154704,1267.371968674867,1048.8552427132174,1566.1970362083496,787.6071911530571,937.1268019577077,1648.7770198824066,1648.5228779109614,1551.1096378506854,1846.0969283000293,1461.9556964121844,1605.984668183251,1926.6957430869434,1652.7317545025494,1289.8594707091013,1689.5239475946616,1976.6126877582349,2114.5777951668883,1930.1571866044392,1782.9992895522155,1882.273470594856,1746.0064364218454,1613.6543736382273,2897.68814710698,774.3359529152542,52953.71350306526,22631.314249197392,1013.6789026668857
k__Bacteria;p__Firmicutes;c__Clostridia;o__Clostridiales;f__Lachnospiraceae;g__Anaerostipes,26.118045932638818,16.98373196753649,33.175958769725646,33.1381451750743,17.287952466117588,25.106571190051238,35.280297847106525,32.609092581069476,36.560737879710466,32.57528069536925,19.30798010808877,22.82828249719746,19.80020261440577,28.4883788984517,16.74539622358084,34.61844622781233,22.436663686634343,34.579522394002055,32.535636744179676,23.81803414516347,37.03606778918899,26.37015558248104,36.566969774370115,30.55854815268652,32.12562721826822,23.244476553045672,23.868368595700034,19.94498141240586,26.18632129837523,15.543982589932744,32.63595477719726,25.8950624530477,30.15207544495009,26.203264062086983,23.579970340160354,35.07283471279903,24.11952174391308,28.04284627480856,29.034973793070307,16.303873622511986,27.82452826902199,21.080777877482397,25.2468940931292,27.86313529222091,20.138595487946287,16.61713128485435,29.008018141887426,28.165290210479395,26.477471261332674,32.634680052665395,33.27855412052179,31.78066220205177,33.924166966520254,29.64855510521885,22.69466401950236,30.190995833916467,34.38178995202621,36.32034184724442,34.973661577133285,31.54578694965199,32.388808245883304,31.66793138171364,27.676196878470673,20.81920324304124,24.047744735356822,1031.9705802872068,407.6868175319322,22.44206374571436
k__Bacteria;p__Firmicutes;c__Clostridia;o__Clostridiales;f__Veillonellaceae;g__Veillonella,2.830052224581264,1.7806655424344344,5.290813663128066,5.186035377247391,1.0781531848401549,2.78721686954126,5.628906499931083,5.077583452307528,5.668991131325157,5.048702775433712,2.865756233228232,3.708691892999574,2.1950835724299385,4.51775185363296,2.3421440159776057,5.4186468704056585,3.5265174935706782,5.362723341497611,5.198092968449481,3.8147996301760916,5.873477723996895,3.9850329980052006,5.822942110126902,4.880500162729311,5.021813174624357,3.1002081976933447,3.7735944686148017,2.547058225405437,4.212158534337761,2.028692721045958,5.100010108057528,2.7073985687556332,4.854211302103354,4.192587917941565,3.7708038918979634,5.501961674671509,3.7888264223093904,4.252747764292273,4.524836454156274,2.6666599700522955,4.2006283028816105,3.4203946965602525,3.4840122229118027,4.382613471220293,2.7145830230925454,2.6177618424840965,4.58666811594954,4.5153926174781605,4.2464730037547165,5.1485105381844045,4.696854290873248,4.7614717398588295,5.362011541452733,4.645258084137108,3.5883193430349536,4.7388682288907065,5.465817343668345,5.808879829249703,5.454038536251893,4.974750771759839,5.175606297879192,4.9362687203562645,4.429379186158303,5.3824650835111605,3.0229462558418136,155.6714516359331,63.750576845955926,3.2039613037854053
k__Bacteria;p__Firmicutes;c__Clostridia;o__Clostridiales;f__Ruminococcaceae;g__,2005.1434329229448,1324.0607933749232,3623.6004561160717,3543.1721267677044,1650.1821513734485,1904.9377433791806,3855.374558054909,3466.781465187242,3868.4232217787435,3444.939904460649,1943.9813591263323,2558.673640834716,1503.3716788588333,3091.9037115335736,1575.2787898548406,3702.180366841863,2410.7290378757743,3659.5155247157295,3560.9221285741023,2614.136346933648,4019.7676802432734,2709.944891665324,3987.2872185923275,3343.2063178208464,3430.4575136752205,2070.0310010851995,2581.594352493161,1688.8208246179818,2891.737928867582,1349.9054167472893,3483.7335628330657,2021.300843650919,3333.9263845585438,2872.649622120357,2583.475056263464,3760.193780725635,2589.847899020152,2893.3829263701195,3089.726699998883,1845.8695507400714,2856.1683957666246,2358.2905008334424,2338.5507999112515,2996.2400203855323,1815.5498348334893,1790.0320925579128,3137.878649107612,3094.7393255684965,2911.0074007011,3521.2255794945827,3163.237792377909,3234.1316616328663,3668.138900112178,3174.18263961594,2454.869274494892,3238.918302214984,3741.9395422182847,3979.874085512748,3724.553833450568,3402.2107683508675,3545.602891100169,3370.767640902573,3034.990529709741,4569.253852504474,1999.0902933231966,105835.53103605217,43550.69360342559,2161.428306552795
k__Bacteria;p__Firmicutes;c__Clostridia;o__Clostridiales;f__Ruminococcaceae;g__Oscillospira,374.478178691648,247.94384415682597,349.5951577201139,356.53753021484926,306.9804617394348,355.0125482949244,371.5841204028209,352.75267238370634,397.27718301216726,354.1424882792199,219.32601815485532,235.4930706049276,280.2056314752616,302.0948694142253,200.8669303651317,372.3937936205664,240.26623971284667,375.6794813292366,342.1491941156349,249.7686374807082,392.7198879528174,294.26333772369486,385.9721425389981,321.4857986002875,346.07233931154923,290.04709969819567,253.9589363670057,257.28215484126594,273.2624036327801,197.26536462603215,351.6870186549845,378.6028784565354,314.337939008003,275.09666712902856,247.7082771247944,376.37536967003655,258.4506831876214,311.81823757475513,313.8081173964516,166.85565114231673,310.8039563503881,217.79294207133069,306.35559833225994,298.1398538320542,249.16410092113296,177.50548415690648,308.6079831084008,295.03532104869333,277.23122119621786,348.05299091589995,396.04703768798976,357.7011021355048,361.0570075085985,318.5960104613832,241.4493472498661,323.7839950385488,363.5877295609269,381.4947765608717,377.7171508733834,336.58654447856725,340.53290126202086,342.18245204629034,290.4772123543718,208.13680581025451,313.77829207957353,11536.44984999717,4390.173451395749,264.36572999321754
k__Bacteria;p__Firmicutes;c__Clostridia;o__Clostridiales;f__;g__,488.8222243519733,321.8277559853153,508.2175024823549,514.2000992213303,392.1112574919885,465.45506119956787,540.2875322864047,507.69575498082025,570.8080455889078,508.73861769609385,309.9585262177097,345.1778500313806,367.28168575761117,438.1036013039614,278.34040235998594,537.1067247706059,347.1341737086851,539.8141194153267,497.7841254877883,363.7775437192133,569.5385378512574,418.60676419424794,560.7394147193592,467.6497071293725,498.8721311952857,396.3981444207595,367.8201308053677,347.6448705773748,398.74984224291404,268.03333867609496,506.90165630730513,491.1937475629544,458.8623832658205,400.48941418120825,360.53137454637664,543.346435005576,373.31689756069017,444.1667671512858,451.79849718050883,245.33352038309607,441.9721608380605,319.0466683339248,422.78921671814794,430.8796815511165,341.53048831305284,256.7012848780081,446.99115640410014,429.88713741768487,404.0151301312903,503.645736613024,550.3453544648702,507.2317927057544,522.8770854097644,459.6981117124082,349.713795136911,467.5356712552694,527.8389821425109,555.2821990923085,543.960764752202,486.97219074282265,495.47313944731354,492.6948685441673,422.92733427274567,319.7229507642439,422.3499209973661,16400.30914536929,6329.434724214311,368.7081816371948
k__Bacteria;p__Firmicutes;c__Erysipelotrichi;o__Erysipelotrichales;f__Erysipelotrichaceae;g__[Eubacterium],30.497491815386105,18.581143378885802,74.3044543227809,72.14898406850921,8.684766595913311,30.71648374413963,79.06995216324502,70.45909396350406,78.49618018345299,69.89080393412628,38.76854862097709,52.55672517770679,24.160594862351974,63.270920885708286,30.618814521296137,75.39180593329708,49.1690399763954,74.26206406535667,73.0673609431971,53.68857323460704,82.2592937497707,54.439381016314286,81.71770452813506,68.59119659558522,69.82360196653396,39.33687691772949,52.768887074299,31.381710169183105,59.40534765803292,25.37269634331152,70.89971737967534,28.171705357423612,68.48889532123256,58.976229904619714,53.028929500590884,76.63703470258208,52.8108854233436,58.20581961318209,62.815724269726466,37.911733597571406,57.354007436860286,48.44130425024725,45.173536522210576,61.12765769113408,34.68090194689714,36.54030078521143,64.14213165540778,63.57832738601317,59.80333322160128,71.91819709204758,61.735584401519134,64.74519228109588,74.97103642514206,64.66325386547308,50.18006265016464,66.02711804049738,76.64239607912707,81.69523612954399,75.74161471137923,69.47717203174297,72.75799257469309,68.53526989308736,62.31484205335192,94.85111705717866,36.82938387025079,2124.582569197023,886.5459986147825,42.398954478236206
k__Bacteria;p__Firmicutes;c__Clostridia;o__Clostridiales;f__Ruminococcaceae;g__Faecalibacterium,2175.505631349963,1426.1142651014002,2437.6521782529485,2453.839910566989,1592.7146234727961,2078.431570983976,2591.791709343404,2419.591957940429,2717.395177758881,2421.618919906651,1459.6746668588412,1664.262147627922,1639.7319587498587,2098.122886121075,1293.4608107668862,2563.272321399803,1658.4815765234564,2569.961116633595,2388.798893541698,1746.9221943977475,2727.605213456849,1979.9190175537674,2688.4751605807205,2243.9696239338905,2379.971570644563,1824.459962812745,1760.0764716030692,1587.2019215317587,1917.1574706716376,1228.589050476764,2418.081086916006,2175.8491961059626,2206.702299776269,1922.6801821770466,1730.5882590036606,2594.5752350626794,1783.297649692519,2102.638320624238,2153.666359369872,1185.1667657147555,2089.920348739368,1537.7074058173694,1959.2091997052667,2058.986375273551,1575.1825698389084,1227.1706685330487,2138.98431548367,2064.9403213523824,1940.8774761280133,2408.633080063673,2562.4126361876724,2394.0612271588275,2501.8709436823324,2194.4153399496813,1673.4710835045275,2232.9076932081753,2529.574959771664,2665.5004335277163,2593.455069152938,2328.6454211560463,2377.831996497763,2348.752580237599,2030.5427162502847,2089.498620691836,1922.924973653213,77535.79954737265,30198.586855243306,1720.995941604481
k__Bacteria;p__Bacteroidetes;c__Bacteroidia;o__Bacteroidales;f__Bacteroidaceae;g__Bacteroides,12174.56442199523,8038.200748057109,12009.505416940126,12196.98223679978,9678.291563650291,11567.070214265286,12766.174290945528,12054.523092984387,13564.017673435032,12090.133087846492,7424.1662295486585,8124.9796876316195,9128.528384601734,10364.574182267137,6730.672966874583,12739.897310018532,8227.10476708188,12827.086625766096,11758.571073162173,8588.656942607735,13473.938163088691,9994.852722053847,13254.675581019297,11047.5455438854,11836.055782440066,9650.430994717628,8707.171880928989,8510.9449726068,9405.8907277783,6544.002199684087,12027.287397947772,12271.267662170669,10821.90422289625,9457.396744977312,8514.763199440202,12882.279861620753,8848.65276884367,10598.404465077836,10725.584051422738,5766.3115616923205,10554.622932085307,7511.9698170487745,10243.971560840855,10210.408401651774,8302.658974009479,6081.093656346416,10581.107963213477,10147.458803303974,9535.970305837694,11927.608733086241,13289.965281494871,12129.464864203039,12378.389465851926,10901.71965958296,8278.418531367532,11083.609843734852,12481.250293520494,13113.92014447099,12911.7873750829,11533.651640034454,11703.52718318256,11695.943645585301,9986.735894958249,6805.1879999286475,10359.570628309695,391707.2131178758,150159.78958613626,8887.912182655837
k__Bacteria;p__Firmicutes;c__Clostridia;o__Clostridiales;f__Clostridiaceae;g__,13.048935291053574,7.195651115727278,53.257227586292046,51.06074080811306,5.973550080722492,13.987609264433772,56.68935216642842,49.69063609537972,55.19521540498161,49.128334240757944,26.37883333446509,38.119017687124426,10.96542694483558,45.18076505577727,19.7791692148248,53.362162216834776,34.90096820035673,52.22438591557486,52.43254770102718,38.588898009659154,58.74148574438085,37.56474170466739,58.51347814627866,49.20916329140892,49.37590289571957,24.190871068211933,37.60486930475654,18.311198965230016,42.81615192228981,15.215026174929896,50.12616121631875,10.80727883835989,49.3901004085923,42.361623376926346,38.07631528107797,54.326264140347064,37.47119318018908,40.2706362196975,44.32608202428374,27.612177951584826,39.545937215538565,35.10590852499394,28.799609582562308,43.41084278024497,21.577515127395404,25.97693385965032,45.713124223916815,45.725509034547215,43.021451575053455,51.177511385079825,40.22149440733959,44.3811757684739,53.417457049632425,45.79920569018197,35.76191067299026,46.82361496269884,54.81878754504738,58.66410828768821,53.472624497438915,49.427223414744304,52.21694075532379,48.3696753283925,44.767034670266746,78.9903155673191,21.03858283864568,1464.0262060982996,627.0710212983298,27.91455053597071
k__Bacteria;p__Firmicutes;c__Clostridia;o__Clostridiales;f__Lachnospiraceae;g__Lachnospira,90.45808202523187,45.902168371472605,482.38559291379374,460.4393660809478,0.30000000000000004,101.42118617474001,513.5244911955257,447.52923599196345,496.5820596155335,441.9481938271254,234.49698659485645,346.68345611905295,79.32576371198287,408.7021114853988,172.33199133452734,481.2129135440583,315.0486286944836,469.8746180282743,475.11110562824064,349.8648172286045,531.3759619779361,335.6700915012065,529.8149899055525,445.86719245693473,445.1215925981993,206.5088621223006,339.92916175931265,152.69290153892203,388.5624291984202,128.46040649694174,451.8509364008319,68.34482412029988,448.30649991760407,383.98281620072015,345.0967644670418,490.1707970092643,338.20277770068714,360.19906064281975,399.29715049455626,251.48420935710328,353.2755727872313,319.1921363592404,249.5922784117484,391.93488729414406,185.1165361908324,234.61928689683361,413.23417356093455,414.65750074005285,390.17025894672435,462.3853853383796,351.6347289527397,395.61598375045776,482.8372485215605,413.10900999449217,323.2758318199068,422.5353033666783,496.17032509078086,531.704243584412,481.7718860312647,446.5296791249189,473.1775127158664,435.7467911520105,405.80949983295716,749.5633616080991,173.6906463716838,13075.679083433835,5653.490568871155,245.04998788665486
k__Bacteria;p__Firmicutes;c__Bacilli;o__Lactobacillales;f__Streptococcaceae;g__Streptococcus,1807.4679808104247,1211.429836394541,1269.3526902258425,1327.6759588386549,1677.984495559936,1697.0590829005537,1348.3550195204891,1322.0089054913005,1496.6825935643476,1334.932296816904,867.9311377070379,832.2195668950386,1340.2220097327524,1105.4342065222597,839.4532572606877,1386.4101561837451,889.6998576982501,1415.0129938022733,1239.1658854884183,901.4029428120942,1436.9805740366405,1142.3635636430631,1404.3392183216524,1164.907347909316,1290.5994155558894,1256.620890480871,933.1281415779092,1146.693645695204,980.1101884793508,867.2408529795738,1312.0552550055588,1851.6518724566708,1126.031168873558,994.2395892360754,895.9441395567708,1397.228248890734,957.7613807836076,1205.782589249855,1174.8213415621992,583.5177588173991,1207.902437039074,771.1745259420953,1294.217213418958,1102.9543719932872,1071.3914824943697,655.3386624383312,1133.7625639203027,1063.3132139524453,998.5843263436801,1282.5271198683192,1642.6929000077164,1401.6810550679031,1327.1087463749898,1184.6369687111646,887.0682233752948,1201.092028285566,1325.9600352996056,1379.6079528186635,1412.8676359162037,1240.928894146958,1232.98565375935,1280.6850877204545,1049.4506929584982,5.6550014629303655,1411.6581432146222,44874.14849337834,16365.019951209724,1085.6643750387013
k__Bacteria;p__Firmicutes;c__Clostridia;o__Clostridiales;f__Lachnospiraceae;g__,1000.9248949006106,633.6801724831297,2216.5046935185446,2087.21805145593,723.8743458020468,982.728097714471,2360.303970523953,2020.960792653078,2235.1784056923875,1988.5502410218207,1016.0033185830288,1612.5864838924952,774.0748289631254,1870.592303685205,809.5969206292121,2181.6724608000054,1432.7404019015555,2115.252616006546,2185.7860397148,1612.3010813765811,2432.121797818996,1478.8709715372684,2431.942190243967,2050.753470540918,2016.042925282684,1075.6233342013284,1552.4655392906232,886.8849768931755,1795.778590949133,705.1362716808862,2046.0448798067841,964.1121141842636,2073.0623935316817,1768.3197363069119,1588.6553923184226,2225.9584769458797,1537.382735156782,1591.85479737611,1804.307541918596,1174.7145807567842,1555.0578005467041,1483.498824087569,1205.5102274284452,1783.3436595273313,941.042574217208,1068.7448906085954,1887.396738129525,1912.119901158268,1799.6757292429345,2108.479519777676,1622.3110605780626,1729.4218113586167,2204.716795446342,1874.2729499349348,1476.4939911250547,1919.6318556377546,2274.860558314204,2447.9024172347035,2178.117324878326,2035.5938940214014,2177.169069053392,1969.3508664564574,1869.1557524497969,4331.404974158377,1053.9728817953483,57516.083812782286,25612.355955011266,1105.7269484595347
k__Bacteria;p__Firmicutes;c__Clostridia;o__Clostridiales;f__[Mogibacteriaceae];g__,56.53190269798726,38.05838512923004,34.90361034786259,37.01259163035419,54.7209093528823,52.88979309404334,37.063167472294396,36.97997224726953,41.9814799365059,37.45551065390277,24.957690041087623,22.535252448978238,41.77758418660817,30.52678460353374,24.76272479158133,38.64533480054071,24.72836119503248,39.68621062534889,34.02548189671284,24.70230966263173,39.68142382938795,32.539520972361714,38.65967321229932,31.99530924328057,36.007154730177845,37.658083323606355,25.82656671088565,34.773314965515794,26.76588837051885,26.150281990436632,36.61344529993191,58.19245661391358,30.72915836201427,27.268367603789788,24.58306105570023,38.887285633757536,26.63091245217197,34.278460574033005,32.844499406233744,15.704517793948606,34.42528183082943,20.905856230663353,38.36203852605859,30.639858878507845,32.003542514977674,18.18519720642636,31.37713395104847,29.117011732905947,27.335874934539685,35.55230617601232,48.292197073936244,40.112169647819684,36.73797320177854,32.99892258408079,24.550306304963232,33.415046065629795,36.54866522755096,37.85033976169635,39.48160556862076,34.40901488714222,33.850788891496165,35.798764414666145,28.77683691832512,16.389979332690686,42.971946148908174,1279.4731003303875,456.47062476321884,31.77163828268713
k__Bacteria;p__Firmicutes;c__Clostridia;o__Clostridiales;f__Lachnospiraceae;g__Coprococcus,337.56516114601175,218.0991490603976,660.1553293866849,640.96989514161,235.4664354143054,326.90024324199027,702.4951199808539,625.9475335724479,697.3389047408408,620.890199783471,344.3616630099112,466.9626872914429,257.7201494016666,562.1191886393602,271.91462415208963,669.7793971253552,436.82219933171257,659.7245058584365,649.16776908697,477.0000922728068,730.8180706733714,483.58613553967336,726.0150016278078,609.3986254725768,620.3091383706618,349.27061254457436,468.81160619008585,278.5835935386219,527.7975936734332,225.2621922543905,629.8687104044643,332.4030884976825,608.5034827361454,523.9771649328287,471.1373590180562,680.8464600548724,469.1758826187343,517.0492697146183,558.0464352546934,336.84922281302875,509.47520044303286,430.3959449323159,401.1492121703808,543.0648012831869,307.94390469700767,324.62950339173693,569.8544512441816,564.8678738180092,531.3291589430678,638.9347357249504,548.2698760030568,575.1169224090353,666.0603836243313,574.4688003401453,445.8119654265016,586.5885384294328,680.9205188201205,725.8243982128823,672.879676278237,617.2474960098813,646.419528149064,608.8585182809455,553.6396230002247,922.0782030933883,326.9196022191976,18872.60244773955,7876.0351604399875,376.558213198314
k__Bacteria;p__Firmicutes;c__Erysipelotrichi;o__Erysipelotrichales;f__Erysipelotrichaceae;g__Holdemania,5.5095350522839865,3.606035333751633,6.333934576900807,6.365402267333052,3.958351869650509,5.270010431734834,6.734714930685723,6.2738298304120885,7.043472699027733,6.276576693173577,3.7698846047641235,4.331683092626416,4.1573665963238975,5.448974488903467,3.3256675955504136,6.6493771882609725,4.3038189014399135,6.66142342787269,6.208003482791012,4.540914511190485,7.083807801716759,5.1209256741455285,6.984737566655857,5.831436830224584,6.173169741931615,4.675535427002571,4.569812390568108,4.056158174440512,4.985359971137676,3.144033498708573,6.271850454773871,5.5010840565051184,5.738736478383651,4.997320543374983,4.497825900790397,6.731877948575977,4.627486783053309,5.4398992807273485,5.5847054008558406,3.086648762534993,5.404996911199578,4.001815427556574,5.032580442932062,5.343482476890911,4.039587565547306,3.1851849859328314,5.553650714884966,5.3680284964881375,5.045693438069487,6.252526140285378,6.592631097093474,6.187751528529263,6.495636018109683,5.693007870878698,4.344983398322537,5.793787497149849,6.570928517304423,6.927751610094296,6.7255227272977685,6.0446768327075455,6.179607054332693,6.090704425903176,5.27779082685081,3.1668407914691312,4.9093519854434335,200.5117751278604,78.33140731365339,4.431557019202887
k__Bacteria;p__Firmicutes;c__Erysipelotrichi;o__Erysipelotrichales;f__Erysipelotrichaceae;g__,14.085814453207295,8.976196277617149,23.10759171667041,22.777594222630785,6.878601668955313,13.745619173540248,24.58098085931037,22.335052022782367,24.968153067466016,22.23927214362465,12.792004310719895,16.109676490081686,10.831068561138576,19.764204411989667,10.653676732452762,23.797998822783065,15.468756307295216,23.618005825683788,22.69049121223003,16.639963466263207,25.69493896406801,17.689458910134253,25.442852356275765,21.306368982294085,22.063907079814697,14.324308096388956,16.523627714166324,11.9432662159617,18.350003366227245,9.442162259670539,22.409552752339987,13.662683540218135,21.14175112276345,18.29331376444232,16.455605451822038,24.147853020621554,16.62223198595031,18.857462519600436,19.89864741819153,11.560595168902033,18.652192985183,14.86296013457016,15.917257010126894,19.219772992873047,12.498327188711134,11.474793133722134,20.083230286177603,19.69035861773186,18.515531937761093,22.558433756727585,21.302252136868702,21.192231030201537,23.48074349765395,20.39541965045688,15.71197897875717,20.795081264129372,23.89427624315439,25.348777627496585,23.980044219692655,21.79967617197427,22.59108001263608,21.70651481345797,19.32505294963741,20.842612858773567,14.252279155106216,691.4020433124907,280.066667431001,14.477976349417427
k__Bacteria;p__Firmicutes;c__Clostridia;o__Clostridiales;f__Clostridiaceae;g__Clostridium,24.32548319788065,14.881933170013385,57.526263641337366,55.91034332840708,3.6182114394820135,24.431634488619302,61.214359508064916,54.61492063069362,60.85796201393488,54.18752047596917,30.12868342370577,40.652805720065494,19.220117464300348,48.997782352577026,23.88068683447297,58.422778287833204,38.09413038423516,57.57473774556297,56.56348236159553,41.55676105053934,63.70249730732485,42.264725153526676,63.27021179707314,53.099277058472154,54.111510843637475,30.779142915046744,40.871086131811545,24.63470216158444,45.97214360445155,19.884360115572893,54.94634207364275,22.57146830985793,52.99945694206361,45.6518395977068,41.04929353261472,59.38102464491715,40.916882396808006,45.18017662897722,48.68822216975954,29.315523677415428,44.52996470814652,37.471802382773035,35.26337248721899,47.357430770953314,27.11580858610545,28.306660223487945,49.67973754058138,49.2094678399757,46.286746424900244,55.708785500778134,48.12205431963703,50.28968860532379,58.068079523667386,50.10649718692197,38.86580792482549,51.15859561374107,59.34554676669018,63.23929583974968,58.70497328054458,53.819008657373494,56.32347322529663,53.12080485879328,48.2355698299617,68.47789356469009,28.94773602807749,1649.6093951444657,687.038521274312,33.025805499602626
k__Bacteria;p__Proteobacteria;c__Gammaproteobacteria;o__Pasteurellales;f__Pasteurellaceae;g__Haemophilus,1922.037010681264,1334.5333199874726,32.45453866893495,172.6783749728497,2401.5870287389776,1752.7707613975547,30.96435370932039,206.3639341886159,265.32699713311627,239.6936927032621,322.0413750767665,0.1,1386.6404228707806,64.08755874825017,482.7919108454828,179.04528239465276,95.272254595539,249.62356693924943,18.481898769124037,0.1,83.01258405515037,338.86460573438114,48.07379375341952,19.80330978211383,175.59187111854962,884.575627740047,70.0369221775729,919.6349586519457,0.1,654.6958802330263,180.62037845495567,2045.524975023716,0.1,6.087347327312176,8.390377813633759,164.0783268767995,105.53859923086408,339.1394710042487,178.3743292505302,0.1,363.5025218858008,0.1,794.9705442501456,113.79504445587938,725.7308166099692,62.12605164528578,84.41666713516932,0.1,0.1,111.44068997649721,899.4508230586099,466.89999106528677,101.54202055967323,146.91726328571076,66.1840861091942,137.35865524297446,58.205632117884704,11.940203596940494,209.58626497574696,110.52602348630823,17.018507701541935,192.9733881932229,4.841064870665964,0.1,1177.0605376621993,13657.382769576221,2197.369752574189,554.657440142595
k__Bacteria;p__Firmicutes;c__Clostridia;o__Clostridiales;f__Ruminococcaceae;g__Ruminococcus,224.59906763462928,127.15617054384613,827.028817122547,794.5440144484078,91.87566560922554,237.22691174760627,880.2850101796178,773.6638258624471,859.782232478457,765.3182363488547,413.1463327475522,590.8281502544886,186.1156331899834,702.029275973038,312.5511281840872,830.3396356362798,542.8245288412098,813.4889573488257,814.0678445824917,598.9759048448201,912.7353579111723,586.9665621423134,908.7953351504492,764.04977101821,768.4254623192837,385.6395678202978,584.5048088672361,294.777828897578,664.2971491562433,243.67917328570283,780.1286387450401,191.45396429487948,766.2256729377721,657.6051662136642,591.1152217191977,845.1326492407468,582.8372509897744,628.9704957199608,690.0742841078702,427.69323787684084,618.0012977684465,544.1958034540143,456.1480547080354,675.1269767170547,343.25253334358644,403.9257171805695,710.5257948525838,709.6798316769983,667.6845587625432,795.653862200942,634.6369047484933,694.2400797518504,830.3086232289061,712.5790989299637,555.8542746571765,728.3702576987448,851.5627604805321,910.7188017901137,832.4046631641987,768.4754715285999,810.7044113296979,753.006281689276,694.9275578712579,1181.9563643019087,340.0659463900572,22881.261608043344,9758.583049960602,439.65277873875146
k__Bacteria;p__Firmicutes;c__Clostridia;o__Clostridiales;f__Christensenellaceae;g__,5.35024633252828,3.3963505701130847,9.149561154625284,9.002101225081962,2.438056874636358,5.235695068617768,9.733381567948161,8.822778802379704,9.858769964324095,8.780859194768954,5.028753352786108,6.3902859294900605,4.124886346439746,7.821393918997325,4.162522725670325,9.405546281189944,6.1161475548996,9.325821080629453,8.986006396185969,6.591456036207764,10.16843163714767,6.966736611489465,10.072745614654645,8.437566759475821,8.719045904023881,5.568575551971872,6.537018495993272,4.621205890652259,7.271900256305204,3.6620920272472417,8.855363588213386,5.167892164702781,8.378939766768335,7.2456654311763025,6.517432976758106,9.545918199769199,6.571839520570233,7.429376241755095,7.861005772470069,4.58879413409476,7.345155807806517,5.8950081273067925,6.210275803910714,7.5997981242481485,4.864227097812801,4.538006233867557,7.94534025303405,7.800516895835415,7.3353810651231885,8.92259765984811,8.330919938322054,8.33897785920228,9.289126993999997,8.061543881208943,6.215966182821815,8.220999963666364,9.458110277608784,10.039794284187762,9.474012436934228,8.622145947431202,8.946802094626916,8.575399726730524,7.6545092656744655,8.603500424432651,5.505125184184748,272.24939125072257,110.67836158777669,5.6688340267410675
k__Bacteria;p__Actinobacteria;c__Coriobacteriia;o__Coriobacteriales;f__Coriobacteriaceae;g__,7.0681181758037654,4.438288930746207,13.468854432401693,13.192034670863762,2.798127567516545,6.97117146421018,14.329794454389052,12.91348870491348,14.415076968067426,12.837568135258064,7.273574509631131,9.448192879551069,5.489726750607513,11.498262380044858,5.928873319689388,13.783841398925798,8.972203508810152,13.636399070883176,13.233774458799672,9.713028250665273,14.948781919076989,10.12221085054858,14.822612304807544,12.425042568420672,12.773692569137475,7.830249562122879,9.603103953526544,6.419339600868845,10.72659604102084,5.118473769935574,12.972433281639715,6.746983307246372,12.362054362601356,10.67450031896101,9.600412212391944,13.997044490415378,9.63934503644222,10.803831745268603,11.508118647229704,6.79532935981226,10.669383819071356,8.713291620911043,8.813885315759745,11.15062176738808,6.859764213378003,6.6607530304263225,11.672277741088473,11.49727777327001,10.812713040340128,13.100875195033765,11.894476825667114,12.089969894884625,13.645188351872791,11.816981671123257,9.131642483614428,12.056010990036244,13.912595549817484,14.789394618971796,13.871767180926707,12.658523144651964,13.176624907157278,12.554639599668665,11.277494412139287,13.912791234873989,7.612589545596725,395.3842894291713,162.16088619849762,8.118039886957582
k__Bacteria;p__Proteobacteria;c__Gammaproteobacteria;o__Enterobacteriales;f__Enterobacteriaceae;g__,10258.230959158376,7152.607599491743,0.1,119.46471918478709,13217.460012785814,9321.258739414592,0.1,324.95701955391456,557.5818338317748,515.5229677183393,1329.8013373987128,0.1,7375.786264156556,0.1,2311.416433161827,117.13676044032476,0.1,519.8233479895007,0.1,0.1,0.1,1241.5695604645935,0.1,0.1,162.42283778898528,4428.726997896079,0.1,4714.209989263532,0.1,3321.047931970566,177.74644043608998,10966.830116240259,0.1,0.1,0.1,20.12016490771964,0.1,1199.5588809663448,258.7723537957046,0.1,1343.9003635967194,0.1,3866.605134889779,0.1,3605.625916875921,0.1,0.1,0.1,0.1,0.1,4251.988112784811,1829.2917365460376,0.1,63.76073053554867,0.1,0.1,0.1,0.1,281.69684470265304,0.1,0.1,273.26725828914954,0.1,0.1,6072.380772157123,50842.713246302585,1885.0110902142817,2572.012019612759
