,10283.LS.12.28.2011,10283.LS.4.3.2012,10283.LS.8.7.2012,10283.LS.11.6.2012,10283.LS.1.26.2013,10283.LS.2.8.2013,10283.LS.2.25.2013,10283.LS.3.24.2013,10283.LS.4.7.2013,10283.LS.4.29.2013,10283.LS.7.14.2013,10283.LS.9.3.2013,10283.LS.9.24.2013,10283.LS.11.10.2013,10283.LS.12.14.2013,10283.LS.1.19.2014,10283.LS.2.17.2014,10283.LS.3.23.2014,10283.LS.5.4.2014,10283.LS.6.16.2014,10283.LS.7.27.2014,10283.LS.8.22.2014,10283.LS.8.25.2014,10283.LS.9.28.2014,10283.LS.11.16.2014,10283.LS.12.7.2014,10283.LS.12.17.2014,10283.LS.1.6.2015,10283.LS.1.14.2015,10283.LS.1.25.2015,10283.LS.2.8.2015,10283.LS.2.23.2015,10283.LS.3.8.2015,10283.LS.3.24.2015,10283.LS.4.4.2015,10283.LS.4.19.2015,10283.LS.5.3.2015,10283.LS.5.31.2015,10283.LS.6.14.2015,10283.T.LS.7.1.15,10283.T.LS.7.2.15,10283.T.LS.7.4.15,10283.T.LS.7.5.15,10283.T.LS.7.6.15,10283.T.LS.7.8.15B,10283.LS.7.8.2015,10283.LS.7.9.2015,10283.T.LS.7.9.15B,10283.T.LS.7.9.15A,10283.T.LS.7.10.15D,10283.LS.7.10.2015,10283.T.LS.7.10.15B,10283.T.LS.7.10.15C,10283.LS.7.11.2015,10283.T.LS.7.11.15A,10283.T.LS.7.12.15A,10283.T.LS.7.12.15C,10283.T.LS.7.12.15,10283.T.LS.7.12.15B,10283.LS.7.12.2015,10283.T.LS.7.13.15A,10283.T.LS.7.13.15B,10283.T.LS.7.14.15A,10283.T.LS.7.15.15B,10283.LS.7.15.2015,10283.T.LS.7.15.15A,10283.T.LS.7.16.15A,10283.T.LS.7.16.15B,10283.T.LS.7.17.15B,10283.T.LS.7.19.15A,10283.T.LS.7.19.15B,10283.LS.7.19.2015,10283.T.LS.7.21.15A,10283.T.LS.7.21.15B,10283.T.LS.7.22.15A,10283.T.LS.7.22.15B,10283.T.LS.7.23.15B,10283.T.LLS.7.23.15A,10283.T.LS.7.24.15A,10283.T.LS.7.24.15B,10283.T.LS.7.25.15A,10283.T.LS.7.25.15B,10283.T.LS.7.26.15A,10283.T.LS.7.26.15B,10283.LS.7.26.2015,10283.T.LS.7.27.15A,10283.T.LS.7.27.15B,10283.T.LS.7.30.15B,10283.T.LS.7.30.15A,10283.T.LS.7.31.15,10283.000065842,10283.000065608,10283.000065606,10283.000065607,10283.000065617,10283.000065619,10283.000065622,10283.000065613,10283.000065612,10283.000065604,10283.000065615,10283.000065611,10283.000065621,10283.000065610,10283.000065620,10283.000065609,10283.000065614,10283.000065623,10283.000065618,10283.000065616,10283.000065840,10283.000065838,10283.000065835,10283.000065843,10283.000065834,10283.000065841,10283.000065837,10283.000065839,10283.000065830,10283.000065836,10283.000065831,10283.000065825,10283.000065828,10283.000065823,10283.000065827,10283.000065829,10283.000065818,10283.000065826,10283.000065814,10283.000065806,10283.000065810,10283.000065817,10283.000065822,10283.000065820,10283.000065819,10283.000065815,10283.000065807,10283.000065811,10283.000065808,10283.000065821,10283.000065816,10283.000065824,10283.000065813,10283.000065809,10283.000065812
k__Bacteria;p__Bacteroidetes;c__Bacteroidia;o__Bacteroidales;f__Bacteroidaceae;g__Bacteroides,1158.507246722399,357.5182301418231,3803.843845241983,1736.5090542710311,9489.990718706707,7636.732214935153,6019.866029323453,7812.82723411264,7045.898928067364,7265.063612250377,5732.771478148147,2388.2987695018296,1318.0043563982385,3566.1016780622,4469.466635402053,5318.926938543561,6425.438958107964,5289.3431640949375,3165.649013873273,3927.235379430996,5351.524900473015,3030.0533361084554,6026.312581382384,4740.269822063399,3893.743908447391,4584.232334418636,7303.085363632782,7196.713269112845,3951.6236403272655,3398.382113360323,4108.655743326888,3472.885408177126,5790.354137466194,3689.521494165013,2515.818278876565,3676.108326631882,3949.3721654707692,4508.208826615149,4990.665554072255,4317.815625364292,9046.10082883952,7241.9487732308435,5301.813211517138,6337.458493197117,11942.736404237317,6415.464023874532,9834.175747578101,13046.413572187663,11657.953370492778,12094.414833658007,9077.729305269091,2635.4044329626167,11715.27606762989,7508.0946301200465,11666.724036973274,9215.633141644472,6889.296898937862,9562.588086540052,6454.134836993032,8085.901014294663,9640.236042009235,8737.200488748142,6372.67299270979,6159.777075450573,5052.6072659137435,5735.4560987870655,6981.432507680644,5363.857993509481,6778.173159151274,0.1,7400.307681813928,1437.882502880628,6218.718701588902,1543.9143300584444,6535.615278086263,7040.810249714991,8844.26924893515,6806.713372334276,7701.537907792481,8192.638859623778,6320.074416214249,5822.467196943533,4977.023823075159,5321.933707180418,3593.479243447209,4433.36968050687,4184.632805478979,9031.412362099209,7843.915419528942,5777.172399317015,1586.9397923512327,9470.299179253829,10562.225859645567,3199.641561912981,9212.114785482903,6353.395595916978,10705.467560865834,12417.388529365622,11040.657480388403,7716.661668198371,12805.255980032129,7514.380271471621,9580.16464068109,11752.572713328334,7325.382111682647,13417.141758898308,6281.753848388066,4695.177358027891,5360.579744791883,8885.735175070959,8069.2182896020995,6053.610995868684,7217.09933141184,462.0037127680764,13173.604532641826,20759.985984487,13876.582309413321,17339.597563410352,19701.249254605336,14329.031585933457,19067.130926392543,15457.014856843016,13508.863381141548,14229.513472138382,11887.354197193603,11742.386932041556,10025.89783474612,11479.890359172681,8671.809439346855,6458.933062011702,5982.409007918664,7225.506374446931,4517.564187730973,5304.099853630272,3892.3858651286987,3562.2005709256487,2877.6694518411855,7972.041543329074,626.6127153212467,6765.729330869715,6770.252521200407,7530.213359506265,8108.481288375681,5575.189461574917,8116.450808501822
k__Bacteria;p__Firmicutes;c__Clostridia;o__Clostridiales;f__Ruminococcaceae;g__Oscillospira,116.45948711757748,94.58650952202795,188.59991476208836,143.3780439898359,309.55749930307405,267.8339312319044,242.2240474076315,265.5936011336153,240.77691801382355,256.88682905912117,221.40494639917625,136.1483218864974,115.44878421075413,165.51095131118245,189.86568530662086,197.3385975222512,242.38935750324703,214.09026000615867,174.65369647706856,170.9027829711488,208.1518683254813,162.6823604606631,236.22820682443827,190.92002937010395,170.03315957533454,196.57195669139648,237.24599732458603,249.10861217924324,179.8938496994846,174.98190003155062,191.19604087696914,168.9271361879308,233.6988557601056,176.36208838167752,150.85728908454584,178.2634717442376,179.16451874632315,202.28181928054443,202.7694355538681,193.5425149044636,294.61963843380613,249.66546824245617,212.17794029719707,236.6546668780452,336.7245638664964,217.48913327465286,291.94800430262814,365.3640158202063,331.2002315070713,338.84714396188144,281.06696655890096,183.48838059437068,337.2151064284048,251.1593619224987,330.7405327301925,291.1196424223991,289.49524652638286,296.60027386837436,287.2679329994862,265.48098325840493,295.27935404529626,274.2093833678069,232.17701213212314,215.7453816694873,199.53058517257125,209.1796840138575,235.23953709154117,203.73594277974502,402.3630394692363,0.1,252.5879063483297,128.9237277809068,232.78795208767002,143.1780098745271,236.62552780668273,240.77876546465438,288.63507498005464,244.62261158068802,266.0545275358451,278.17772267624576,225.59852201548725,217.70978618028636,203.71786035525105,215.2102468654012,178.54221190914458,193.73036205101383,188.8380343215577,289.0713002799332,263.81833529846404,224.80460022360376,132.688478675327,293.603683800773,321.56983418481025,174.6051409016034,306.09620083423704,239.6046164462153,316.1336699830566,347.8309556674904,321.58939875008394,271.0679598970813,367.64308947845666,255.53903057564628,311.6270320493065,346.7186397126747,259.42660513495264,385.8507894635329,231.0951053252924,204.15817928073398,201.1914906994436,285.0580766348685,270.0789334428934,226.1711793608897,231.6762510870284,78.61249711383135,376.1269678981331,562.1568013776773,372.91662988691286,457.30711027991305,514.4936373076325,389.2609348470662,502.94256045078265,422.06287664533767,391.82961881240783,406.91635140219546,341.57382336535056,341.9236141657297,308.1267230756028,350.77996540759835,286.32524987731887,243.2625844139975,235.45618231102662,250.17117594812007,185.40169592247898,213.8537669257914,178.04674494184917,182.78534229070962,181.36595163616118,274.8085299562146,131.2283863793983,257.80003568698686,260.6519590725159,282.4141543757364,287.91723028435,235.0509971949469,293.1445499463142
k__Bacteria;p__Actinobacteria;c__Actinobacteria;o__Actinomycetales;f__Corynebacteriaceae;g__Corynebacterium,3.479739212540516,3.2223266659599457,4.326313167547992,4.073403303232372,4.8965028921433165,4.626389111605931,4.786070999364369,4.424745677949906,4.036365565141487,4.477720819240923,4.218324419398381,3.3659746420689136,3.334412221860897,3.641901353001756,3.920715933409552,3.6176830864332623,4.516737073627177,4.251452106432619,4.248750288216027,3.5942109494891077,3.9916824791431496,3.902263222477354,4.562041785120512,3.77546153122436,3.5850943190228586,4.088466226421469,3.7323803253948165,4.2391841233323815,3.9070301367431814,4.102744561361924,4.214448074531504,3.830345233694768,4.629600624065494,3.955618583509061,3.818236055506888,4.034381688307092,3.8818405756792433,4.349262671646716,4.039530910978741,4.158386321813727,4.6506762560149095,4.2288684514063375,4.1729287512358235,4.366392154192652,4.226292528870455,3.6113141885805837,4.017689177758268,4.526058775080818,4.217285684191586,4.201059375504562,4.132710829290824,4.9324442949851015,4.398711957763915,4.102878925477508,4.1944896473168765,4.407342333662097,5.927450201545877,4.372532607160815,6.141336045330879,4.235198970115508,4.2714178784541135,4.112713805025515,4.178446379057776,3.721048656669855,3.8788193894296064,3.768640673732013,3.87728252140592,3.8215349015106224,10.137708980055766,0.1,4.228401192518442,3.746654950739108,4.305364780355188,4.196849856236,4.230773339755537,4.039888531184569,4.56848404249944,4.339659350994701,4.5171983453407725,4.627855385863182,3.973164852890113,4.0220510478995015,4.0835384839928635,4.2703523071566485,4.100699415367049,4.086805043009994,4.076475221478041,4.457391851701222,4.338601175090943,4.312718631104333,3.78336095334452,4.325420889931312,4.608500125663405,4.223890067564259,4.958383308602717,4.463639224331127,4.3120882316044575,4.310868939041123,4.284354842111634,4.690591414444849,4.773299973316783,4.259055875548855,4.9110888526595255,4.721539888849369,4.529805961599148,5.024842406297927,4.200547171420144,4.291046988159303,3.730547300261188,4.4092881478112975,4.414968310115053,4.175076138518535,3.586723737841404,2.5661867694627074,4.833984770599788,6.497747535556813,4.239044982731742,4.979172286380504,5.4705504965746865,4.530583411486491,5.477963338545168,4.966334313947403,5.181590815344523,5.244947032730279,4.441545856426697,4.552794985993711,4.48019905903717,5.055477964621701,4.600968511956715,4.525983927641669,4.563570565468037,4.258559199142412,3.7245229959923383,4.232768401248014,3.8795865212822034,4.277381130038038,4.690189667398443,4.654216996710057,4.381947882207563,4.850230497356627,4.951636683746916,5.232849554899083,5.041797187330218,4.825234975402423,5.227883647042009
k__Bacteria;p__Firmicutes;c__Clostridia;o__Clostridiales;f__Lachnospiraceae;g__Blautia,402.11596186392836,348.56171008709913,578.6123111654052,483.37911116542375,827.4437243116482,737.5384652738513,700.4055056618444,722.3323711445581,656.2285861893049,709.6351980639861,631.5327960086057,431.16277435961587,392.24124334897726,499.1933181669706,558.3911170735546,555.0045317705158,685.7652517310885,620.2347255019242,549.2668617887043,506.2307912796528,595.164208620307,508.55341306392825,677.213968485961,552.2287226032903,504.1635659583856,579.7372095328574,633.0291008353497,682.4383902734702,539.7252338356432,541.7588358891323,577.0703169156751,515.7789081333972,676.4186736678794,536.0777782162223,482.65849744014395,543.8603360961757,537.0185422709636,604.4542931274295,588.1523776792487,578.1748331263154,786.9857236948558,682.8662605240778,612.4458251083357,667.1291630997233,839.059360402147,590.8365455082327,747.0830403181433,907.113388968801,828.6395521386992,841.4715570061563,733.9225046736842,603.0489908917283,849.5025348959979,678.5616044513216,826.5497947906599,767.205459295914,848.5927894731226,775.116749340889,856.4550909110768,711.6179838164169,767.136947565931,720.4990083289772,648.6650682928476,593.7910239855187,573.4232564081021,584.6401301070845,637.4622040412232,577.7980418029869,1284.7731897110925,0.1,688.0883010106105,439.301560493826,656.8009843169523,489.86617757552506,659.5554932185712,656.4272854650483,771.6806380333037,679.9549758032366,728.2874507308577,756.1945985742101,625.4669772598079,614.0120182140505,592.2961423941222,623.2941311580236,548.0388264478431,574.5423010985604,565.1840406037429,766.3028768376523,714.3669200133211,642.8727584213954,448.09778845897085,767.1228474383082,833.0423456365137,547.8009344227498,824.6599672185008,677.8197891535268,806.8415417708653,863.6941712993236,815.100562637209,746.9065807256154,924.9178831613636,695.0878599412765,831.9690071552252,884.4723161755504,717.0846017755838,971.5646767949717,647.9479368356367,604.5951485028438,568.1827325853035,756.4283449730323,729.8446380724159,637.6932108531297,614.9492225694422,283.48730151243086,943.5183125842219,1369.8518575674104,904.758335690206,1097.3491875637899,1227.2931834030196,950.2771020598584,1206.961503850296,1033.3475349863943,990.9943103337014,1021.5999393586503,859.7052242570717,866.503173882472,801.7864371256558,910.2854413280812,769.3343510244464,687.8461701723431,675.9123944206532,685.4210149931504,539.4941787718873,618.7738563409551,534.8862966545641,565.4570767490333,585.8023430950094,751.606386867283,478.67313062218733,731.9342627694944,742.6795210286948,797.3547887059021,796.6412538768077,689.6965468650717,816.3484393175331
k__Bacteria;p__Firmicutes;c__Clostridia;o__Clostridiales;f__Clostridiaceae;g__Clostridium,30.08964443700026,26.32213348103253,42.504001971163405,36.042879956079496,59.280521096262724,53.144371745572215,50.9257956096388,51.92496304432926,47.192348802857744,51.16445409977757,45.80505744391729,31.838074159909805,29.28102657525889,36.56452917202621,40.72239617775858,40.15029857015461,49.66421860939444,45.11203782195986,40.51348231643303,36.96470607762048,43.186201106628026,37.47375228369635,49.1632398303895,40.15424840235429,36.82023222649594,42.29993065325309,45.33618988489249,49.12565318619331,39.49778328508924,39.85732561450182,42.27391414727588,37.85789738433387,49.190396887767974,39.31816705548232,35.699140375209005,39.91381369385757,39.293188983383104,44.20407683274424,42.78786860244622,42.28016565846241,56.374525677929476,49.14134925865754,44.5162596117779,48.282430208267115,59.25238333425122,42.46312805267926,53.05373901438496,64.0081141431254,58.56717922017321,59.379203654498866,52.33546316114428,44.79204550380547,60.129352906561486,48.71592539798874,58.405320152361355,54.81038595788237,61.85027089047593,55.28214174832432,62.608397276686965,51.0104911582966,54.6477001142667,51.44296478369746,46.86800235225459,42.78219845084443,41.6470003187725,42.24505583514076,45.791950129963425,41.86358928928893,94.99620761118963,0.1,49.4789500910779,32.80829362407121,47.5425947310925,36.606661644085946,47.63411575504104,47.20931685345894,55.28777752102723,49.0818215368187,52.41821227951145,54.35412676901385,45.12684910570489,44.44201719541019,43.10742705717658,45.332149196236074,40.26159525461456,41.96160868324029,41.34360311809827,54.810210623198,51.30887968576845,46.64925654447681,33.42061403444112,54.70965986270376,59.30774480715828,40.38961513892428,59.17230739616784,49.08790400525055,57.26605756990614,60.94603864103492,57.76856870633702,53.82573626293874,65.44886506931029,49.96788486306517,59.5905301551717,62.76961593929471,51.70746816972943,68.76226042269029,46.847296412401974,44.14542033089003,41.1350334657131,54.114796651426886,52.400024552851896,46.15361357397578,43.99587636252435,21.344436647505933,66.72395799468671,96.26753013390896,63.52146185058621,76.85406295764443,85.8404625264941,66.8083787822036,84.5325476729457,72.69479228014082,70.20288878448494,72.25846929987631,60.83988084083578,61.40959247260541,57.134444720821655,64.82988936433348,55.17366738499098,49.809730748710024,49.08073837033945,49.34134560569314,39.2703385130062,44.99568916260127,39.15249457297104,41.59518699585288,43.39322261813183,54.087715890881654,36.09737348297722,53.042087016057074,53.855940667318755,57.72375063376594,57.45511491565525,50.277950693531935,58.94787240705828
k__Bacteria;p__Firmicutes;c__Clostridia;o__Clostridiales;f__Ruminococcaceae;g__,5348.659042799565,5266.062979457738,5615.459796369192,6094.697893438056,4086.251624952304,4442.841527990567,5419.228339157904,4026.441607918279,3708.5451080186986,4355.334755842945,4589.478630241096,4618.957748642597,5034.2932357938735,4567.784769983089,4641.588120025363,3759.849734752043,4788.480225937316,4839.306704883557,5764.263248629714,4329.469395029599,4374.949645669484,5240.5414448306265,5039.409668725115,4278.627774185063,4328.786519458681,4873.647981728253,3084.431774814196,3983.840116789257,4845.20828679795,5416.701171376225,5293.802086029024,4925.697882034348,5256.3727301754525,5041.690540968471,5324.21178243116,5180.10406850773,4803.804637661186,5345.79127094435,4613.410870934406,5107.915614755086,3866.85643246233,3946.682092815801,4701.709415699547,4573.986765760569,1884.8961500884425,3269.197344553904,2456.7372278242856,1906.2839418574847,1994.383871760276,1776.0467612722787,2981.37921610984,7146.864491341782,2274.59950105312,3618.179177176592,1952.183858026757,3383.171995089638,6959.410736583302,3172.7380571637405,7509.801265063979,3587.9522199794537,2968.5967156802844,3096.771563948374,4242.298211135757,3565.768514886325,4315.854185885765,3831.574271782828,3469.055423097724,4083.226743584074,14093.085517817259,56072.77813127409,3876.5849091121254,5675.548178792525,4523.2599877284,6386.729462409549,4259.037258478015,3716.7007913889256,3816.881188173685,4323.616195174976,4230.7306328613,4201.998524338489,3919.8712174368056,4219.930906860035,4693.437708686772,4856.847726124366,5327.869047454779,4936.882438044136,5028.367086924575,3548.025655477558,3867.870597349042,4728.892039277619,5672.077440191334,3133.8515119424696,3132.3013248064744,5707.550450222443,4312.00555741565,4730.659082021633,2570.804028085749,1819.4748264692469,2377.427516756866,4515.897682513196,2427.8926678280245,3878.24317031964,4071.3294068186656,2801.531370697293,4416.583477029154,2583.3776090030333,4319.283193267185,5165.992917223893,3931.547327676345,3530.8368925662653,3897.7704131827113,4376.274522270216,2876.95492785864,4116.177075714861,2368.7936399289315,1848.1550362377786,1059.9460520082923,789.7346058960893,582.9745836067096,1352.5189143674654,872.9912578290688,1592.1038024007025,2807.0094453851625,2598.209772553429,2271.364994505695,2522.025005463116,3151.13709155311,3482.8317270454413,3947.02875718016,4789.381089759003,5061.198119080931,4003.842330441298,4290.382529286994,4801.406961139719,4824.953397708332,5638.879761043035,6633.162482554998,4342.911456755225,7099.6996628194065,5200.745055687257,5369.412013551598,5510.016648814389,4935.415478639037,5679.760640065027,5245.074293266847
k__Bacteria;p__Firmicutes;c__Erysipelotrichi;o__Erysipelotrichales;f__Erysipelotrichaceae;g__[Eubacterium],0.1,0.1,0.1,0.1,86.3100601513178,53.89335085244793,16.644758478827928,62.12919709860729,54.9878894378694,49.535529435315524,23.55104547420352,0.1,0.1,0.1,4.027526905605634,28.56733651433165,31.188476659341234,13.577457614635966,0.1,0.15596397845725826,20.76255774122902,0.1,21.860070786241504,12.95410113441906,0.1,2.609600666883748,67.23146661776765,53.52429738831518,0.1,0.1,0.1,0.1,15.420405786683936,0.1,0.1,0.1,0.1,0.1,12.172317096639766,0.1,82.65387716789539,54.699055452241325,15.617803709326074,32.768695751676795,152.52225419227904,51.5170538473061,113.40076339400034,168.676970854243,146.80375596300053,156.24910785185284,95.05972228816366,0.1,143.88097019387277,63.09181919827738,147.50320447062418,91.69882350633516,8.8389819303957,99.70415412144156,0.1,72.10759444059316,103.61243804715728,88.4311193431575,37.76389647022327,43.71049295414466,17.105673669081494,33.80622290389258,57.25533328455259,24.878198146033746,0.1,0.1,58.00312764264179,0.1,31.683372268145085,0.1,39.96585802859538,54.802152577871034,80.32049256593696,43.13436907291709,57.717721240158774,65.42157943370772,41.325996816079396,29.868200461616873,10.890460468905948,13.826582161532428,0.1,0.1,0.1,86.7323056694587,64.72961086918826,22.333505821925673,0.1,98.8533206315855,115.14213673859241,0.1,79.1274080371966,30.89447286208237,124.8441726567428,160.47555606964727,132.44432034582542,54.09950410565717,158.0537740823615,59.680272371302536,87.85462869774511,137.33453997511847,49.608654399172224,165.0742158424369,35.371731438164275,0.3222187709809419,26.873721991795588,84.7936272034733,67.6832598150052,31.204635805179855,68.74682823164787,0.1,164.3381134012442,284.380061744716,192.45223297185814,247.68746063030548,285.65896126707804,195.24963408910267,272.30273426038684,208.8255694438021,163.4265650828539,176.97731549427237,146.48824830246474,140.95002913032585,106.89785389766512,124.08932122560984,75.99696934040459,31.675342033037925,20.912310386062,53.683673895486145,9.477718422221976,14.308128211974877,0.1,0.1,0.1,60.235788414290894,0.1,30.701662077223702,28.495724462651282,37.92280215590042,54.28263418844818,6.508300055912508,50.22772584273678
k__Bacteria;p__Firmicutes;c__Clostridia;o__Clostridiales;f__[Tissierellaceae];g__Peptoniphilus,7.5660575934425855,7.26306485270854,8.558566504238003,8.720369935981282,7.825815194325853,7.871328296755299,8.817869712225512,7.345601453427028,6.729971611998396,7.663697974965923,7.618605746127906,6.863755190190541,7.175466062951412,7.073984222581582,7.3893281199711565,6.389376021110394,8.054519098541352,7.853732186340268,8.609689048941313,6.834987834064442,7.235556862001465,7.86357993418204,8.301678051599911,6.958957414178848,6.826095576509224,7.732926395616852,5.940390979266588,7.14107227241142,7.543779855440311,8.191257600460103,8.192579087770277,7.539690297025516,8.541325579160295,7.749295593761145,7.855387843661375,7.934776105013743,7.486808063757888,8.358424588546665,7.474817274926134,7.9889210764703185,7.421241981708437,7.101176008440784,7.669140080866555,7.741232539314313,5.4082421959357365,5.9812403011807636,5.686471083841864,5.699756692110541,5.489785628354492,5.295927835438703,6.221782242333775,10.368240969113323,5.885369086108638,6.716666496279353,5.4343484600867145,6.802240746875593,11.123942272020347,6.597878541343868,11.770725088713933,6.812818202673659,6.338075215518125,6.298122529225839,7.297484774702872,6.324710461291746,7.083947530309595,6.5861579077083245,6.3882027942920265,6.840846305777129,20.821312247970027,0.1,7.043272146210513,8.078046218254741,7.643861476580232,9.072650245806576,7.359035381542253,6.7398788218795005,7.305143114863143,7.511506007458128,7.597609008486468,7.675187090972193,6.845486750090673,7.1362038493578535,7.580657589828973,7.885389319299657,8.116549717764258,7.783257771598949,7.848830265030048,6.9831577173399975,7.136846259699722,7.819192483466865,8.108748544814233,6.5229344756911525,6.780389345786038,8.540465393117387,8.067480965387777,7.958578296579366,6.0490730938203825,5.431899717653028,5.86516483557442,7.989910318106258,6.353425413900901,7.072649316015342,7.826910722385413,6.6124865807034245,7.761523665152437,6.7108189219747505,7.380808750688684,8.157789954379988,6.6333154884754375,6.92509829274987,7.231160155005012,7.404259528875393,5.637142748886187,5.72051355224456,6.360430737523293,7.454157974650665,4.743472477550059,5.198364460183224,5.47793475938368,5.2498275754783466,5.722511595153911,5.844540608532935,7.03745117114338,6.92414973396904,5.921865827037268,6.229075084008527,6.678570558478932,7.476334212221057,7.441548591460643,8.063709117908243,8.32094094241769,7.1751815033433495,6.922039530341448,7.805579610466883,7.5020890370074165,8.533047490406442,9.72561300605235,7.81482361212506,9.826430487787297,8.697362287901003,8.928344464850163,9.300654628949042,8.654889198633366,9.067290164511807,9.078874125687324
k__Bacteria;p__Firmicutes;c__Bacilli;o__Lactobacillales;f__Streptococcaceae;g__Streptococcus,44.37095145107646,42.87211789974503,49.2727183115127,50.992528953811544,42.83889327729889,43.7912761929742,49.99144713021244,40.613612679808995,37.25113605928863,42.698874053954846,42.996519701694375,39.759527138793175,41.99952635268284,40.57026472172536,42.10450383906114,35.87087401782118,45.322277755753056,44.55207740063401,49.81057711783714,39.022118079019045,40.86901168819699,45.44290731365489,46.93275396828634,39.4565353250334,38.98180916075045,44.096624011244685,32.481340164745696,39.629647390907294,43.20981587378318,47.24732810808813,46.993424804962,43.3620115719929,48.4386302902763,44.52323504019567,45.58389251489151,45.626388650898,42.87332140308109,47.828148208884194,42.41862049557753,45.71051366664149,40.60702527340335,39.376756954298095,43.454531478041794,43.499760084106725,27.620883761032943,33.05028308665191,30.045228802525358,28.940218692795487,28.20863331414052,26.899990232012573,33.493492908118704,60.418171048614035,30.52971948572671,37.0020440190655,27.877163657911982,36.87951197270046,63.32509003742586,35.541655471193344,67.31497674289386,37.35843334259995,33.97477434355937,34.07097685436781,40.85939911350635,35.17815225541859,40.08149616618027,36.882513087510674,35.25131321144029,38.5274265162285,120.78316715925881,0.1,38.9755607040135,47.29943680962133,42.96699029841047,53.14931335041149,41.163791555088686,37.31167074872189,39.9939884593836,41.96665789335055,42.146732310953155,42.42509907769301,38.20254731503167,40.10721588897879,43.05031692555545,44.72750678416559,46.733099368945005,44.450222066085566,44.93012673720735,38.01858597590646,39.366139028721854,44.16781189270852,47.42629622133292,35.131926778622805,36.25392809077,49.38818511375707,44.372165525753296,44.78076929771057,31.871096925393893,27.586053642657088,30.65868141709257,44.4639350459459,32.89938770947441,39.10746545998664,42.81215172923382,34.82116392895932,43.25586321869671,34.79000497986077,41.38625446005118,46.57131543372655,37.29986590907463,37.728502474113306,39.84154036752117,41.60917213027929,30.71752347917705,33.70032875014273,32.80513328881343,36.48548503136222,22.97225063992401,24.389537801046753,25.174603175782682,25.80360467254699,26.856382778970204,28.909190406904568,36.69016253412528,35.753765088410546,30.68240411261833,32.554777272381344,35.84870026448651,40.036397146059926,40.86518070714146,45.36434872085351,47.06298552545079,39.82099470638989,39.32001280968939,44.2615332851338,42.984797271193216,49.210665635298824,56.523965153684216,43.333160127233675,57.95038369602109,49.00309299726457,50.36904794388856,52.29342123637518,48.256825498835475,51.63209817027626,50.76425992643336
k__Bacteria;p__Firmicutes;c__Clostridia;o__Clostridiales;f__Lachnospiraceae;g__Coprococcus,1326.2273145322972,1323.624618918165,1333.310603941448,1501.7051684082364,816.7646710675572,949.2543655755676,1233.0939753690527,839.9268113328083,777.0391011544085,935.6087665668376,1029.804517485131,1113.6109845929773,1243.0830848966816,1073.7812014513422,1071.8230738097818,829.4391977124768,1064.3190323347883,1103.1090511016603,1385.5123663640106,1005.2669371302203,984.2536789223517,1256.158734943673,1136.890729718554,973.8482793318306,1005.8588171657348,1127.8909789576826,613.3296185609187,843.2182106201888,1135.1404534167038,1292.3008960831576,1245.0048516556335,1166.4254071313976,1197.1473628312172,1190.8143302880376,1289.0584573795395,1226.1252979010105,1124.7208767020745,1249.0314821492973,1052.798565493421,1193.2192691462835,771.4132579411996,832.7882681952757,1068.026040584733,1012.0821851350247,204.048343519012,680.3203696831202,396.8033341673656,184.26138857646302,238.23910156528896,173.0576741328744,546.7541724951565,1747.2769753205625,307.7969624461959,743.6340744375312,227.3664991390533,645.2192812550735,1602.7575419551695,584.0799154250991,1751.8855579436533,722.7988994730334,530.6799743959641,583.7108338927449,927.3942920499272,761.1602633501712,976.1324589792888,838.0693473274373,717.9439092083809,910.1954537767798,3409.3995270054493,25389.876159355248,811.4455157316901,1402.5196437687432,1001.964110705946,1579.956660835025,927.9077733499036,779.2178418819469,763.3821545567058,938.0508579132512,894.1321027089964,875.6543791426384,847.0533370396829,934.2982914964427,1073.348767126243,1106.8011605722606,1265.3813809923124,1147.327016311371,1176.1419000276042,691.1163329569862,799.1145154769673,1064.0485130536574,1398.2390552063239,576.3523847491738,551.0326715689162,1370.3936910622085,880.2014512741672,1051.3407579086963,405.76002627239404,176.66743514694042,349.2030653076406,965.905539452509,321.6815499181698,809.2607185214657,810.9322578331015,440.206494499013,949.7215424170292,347.03488142010315,948.9393804292964,1199.2921914359533,871.9105947795175,690.0949725198312,801.5327186982074,968.5607670510153,562.82174060159,1030.4333638784599,298.3263608001816,0.1,0.1,0.1,0.1,14.933330733839188,0.1,49.77349841996737,401.49741525656594,332.2402419706288,303.05057254939237,369.75191440438203,568.0401040284468,618.7323228922279,800.2335496661183,1063.7822213835307,1143.4033028627532,847.619447205063,981.9052175056884,1093.187330879037,1131.370338770154,1344.7500003404532,1611.8311398810574,916.3272673513443,1781.2078458970655,1160.812224446976,1203.3648090428978,1221.5744977573884,1063.0566407022256,1309.134102450624,1141.1873652790578
k__Bacteria;p__Firmicutes;c__Erysipelotrichi;o__Erysipelotrichales;f__Erysipelotrichaceae;g__,337.5522966651588,330.7910812778668,359.5069697243629,385.4580553380474,274.89862642915796,293.5852968187942,351.5891638397651,267.8330098370182,246.3901952222984,287.36526576583736,299.0115713622402,294.24556544099187,318.1628254966047,293.3671141609192,299.7796417443136,246.19089963602949,312.85503661674284,313.7942459195583,367.5721250793157,279.1433313432497,284.8106724074904,334.4763767223252,327.7943548894957,277.5643091663736,279.03429734827114,314.5524260806147,207.7785062912019,263.9443054022731,311.5187836957499,346.24669240872345,339.94779647880375,315.6172627659388,340.9272832201972,323.3162468524205,338.7040330398073,331.9656723779482,308.919093601643,343.9966786807217,299.04413986887806,328.70979662689587,260.268827785552,261.70464390038984,305.19411828892436,299.2363071382004,141.76501442541237,217.60456809100398,173.43905694766255,145.28818620702697,148.06468835631097,135.24213362771565,204.8284430054505,453.1868995997242,165.74234720400787,241.63994047631192,145.4368776563388,230.28607666690857,449.8492433531521,217.78190178285743,483.487933105702,240.88790307885762,205.13959265270594,211.38798803403355,278.5152496142844,235.6884285681216,280.515368807941,251.51039159492856,231.2511677077354,266.5494683252252,896.778049824527,2543.7507654067317,257.6240155270346,358.5946309392312,295.82187125933825,403.38213416560035,279.8866995294643,246.89134166690602,256.73718250938117,284.47070101506995,280.4180491241549,279.5882482404157,258.20106642197015,276.02518730222096,304.03335529923197,314.95819008315436,341.0643831508621,318.21771332673325,323.46021225561367,240.25502881630538,257.9550384134245,307.83799997532014,358.6718456397309,215.1619354357888,217.2240861675657,364.08451010103255,288.4996855340175,309.0882597420807,182.31192739751663,138.60295496419494,170.85366979805642,298.32262012184475,177.5064427570049,257.95353967732717,274.1416029555708,198.84491754847787,291.3237016262413,188.4624758928672,283.16097888448917,333.0964063408988,257.0355108629731,238.8895323731013,260.2747433919905,286.28211434524684,194.60353184197663,258.9212728992428,174.53045491187137,156.89841306788324,93.88024622712558,83.79123993156169,75.5014759214817,113.11384842109858,92.42613186478115,130.36198068121692,202.66140962757083,190.99866637518784,165.8798936742426,181.30493104943253,217.34413279519816,241.01052417090904,264.55396674672755,312.9777396220911,329.07326428970174,265.2550109448734,277.8607061585236,311.4478196079517,310.1320348377636,360.4971083478426,421.46643693936926,287.9846268781831,446.2580958026397,339.36929843929715,349.9505203305346,360.26665838880615,325.39340853457384,367.0403255770851,344.8190093515409
k__Bacteria;p__Firmicutes;c__Clostridia;o__Clostridiales;f__[Mogibacteriaceae];g__,22.07631691493652,21.688082742121424,23.33389049892081,25.180718152921308,17.385795214839515,18.740940832668077,22.660439249549288,17.038363279782438,15.684076765006877,18.358446330123254,19.229201125456985,19.14838030978588,20.792541390853746,19.009011609045896,19.367256036147168,15.790800492580981,20.089823602082127,20.23028706457249,23.90755493656759,18.050319945072587,18.32351273866496,21.744580884334674,21.0981181589406,17.89027138992211,18.04548643938336,20.32896915748676,13.131791903756998,16.82585327764097,20.173729093490685,22.491623708767953,22.028894921886877,20.4759618047016,21.976523139862994,20.966288784982364,22.057755219312053,21.53496126924148,20.00324352692688,22.26694236827432,19.282821062730036,21.276730760198703,16.456299924571226,16.675705407417936,19.66491588524911,19.202003624529947,8.476847706893599,13.838344435794715,10.702186035580947,8.63154065782124,8.910109973377791,8.038168179449611,12.815039411394984,29.564030873625146,10.066481932403605,15.340209580720265,8.737013951037722,14.476493071855185,29.04984398751729,13.631658840019902,31.288051531397578,15.250762194199538,12.796440229130736,13.269226682799275,17.839445610913945,15.043093612219861,18.062308982019704,16.111072152498682,14.694834293799474,17.124005060989784,58.393633284815216,201.03213763902718,16.396870099313933,23.43813924336221,18.986119891809217,26.370602477492447,17.918162775132313,15.717324668688299,16.238486984882115,18.200246376922788,17.87215654510875,17.78361984196964,16.50968639357753,17.71416920390288,19.611255886869237,20.30442660307816,22.13792622924521,20.580021739292587,20.94139117848416,15.143627767558005,16.38782377021981,19.805481222380894,23.432866998495196,13.46608852789587,13.525696291991105,23.67627227033649,18.297835902543248,19.847572989293877,11.224150583140345,8.23636436038662,10.44878577355119,19.046350321546225,10.763053318982244,16.410586258316556,17.329849105594533,12.236723080287671,18.614090688392047,11.439750935473773,18.15069522567705,21.538485875777262,16.499743266829938,15.064103652058648,16.524457558898618,18.37139124631038,12.272961322180542,16.963352554301945,10.542158182301359,8.858513286903076,5.1995696876341535,4.297094695406695,3.589125620841016,6.430661488214112,4.744038404272713,7.484564627716135,12.365395560907016,11.549867908011699,10.063572794528282,11.086117801194666,13.57078278513884,15.023359501486835,16.763539056784992,20.095554148970848,21.18511056308012,16.90988956573651,17.92517644490305,20.075245639106807,20.086813417869905,23.41564600986629,27.46511621407091,18.35005551332574,29.24858529823671,21.806593388167023,22.50082327421681,23.125246224282915,20.796075364422627,23.705490793909288,22.070604738431
k__Bacteria;p__Firmicutes;c__Clostridia;o__Clostridiales;f__Lachnospiraceae;g__[Ruminococcus],13.151184837810511,0.1,98.10457532906356,28.55142446740193,290.37902262128495,228.3639512545904,171.20053840115904,236.01521417337986,212.491699983634,216.65801433242427,165.6623680739509,56.57029213575739,19.792611717878845,95.1761359479156,124.26672860724987,155.99436935006847,187.3132324086073,150.06771991846486,76.62927200099608,108.03685222335908,154.2283910293529,74.61966494014982,173.15679329674737,134.75771147965716,106.94890351694212,126.93866749048945,223.73974118065223,216.13925877668504,106.46023558519217,85.80920958199849,109.51360589648148,90.49380117272659,164.47221674693324,97.01810877185542,57.482187999225815,95.94476907132484,106.57724252237342,122.2912602113525,141.37594216033241,117.18225995847557,276.9266185820704,217.7837814361708,151.10658186050887,185.43314282434704,380.4056607947872,193.9732598531667,309.08370222180645,416.26302693275284,370.62459635366434,385.8474962438874,282.02804725797,52.998324601922064,371.2037528076695,227.96461733681485,371.10434497252646,284.6734255384243,192.44385986820882,296.94403842730236,175.73665700897598,246.9274178357844,300.41221250638006,270.40374464034056,188.10532157784738,184.2799633124681,144.76191926706284,169.234337449979,211.49257473913502,155.97139276585128,156.02617384682125,0.1,223.2650886323928,20.7498061058902,181.79804613868146,20.93442337649204,193.33671180690044,212.2884243148167,270.5810946438532,201.8716653837564,231.45038939236665,247.58161957202412,187.8741371801675,170.28350081236584,140.5635925143881,151.04881180241438,92.57351296824356,121.73312576840445,113.20914662801115,277.91393946094195,237.75704746128864,166.46790413610944,25.62176531398807,294.116224957276,329.69624131287566,77.99742480588169,280.28843765063067,185.23203311916856,336.94429943749856,396.1697003725862,348.75320771695954,230.6320205037334,406.008445810634,226.97373214943426,293.38532283476815,369.99620636452426,218.34148146218845,425.22766671025823,184.78940625886452,129.20897190602142,156.56194864690147,273.2470808104504,244.95951923554446,177.09492615810956,221.8923671215626,0.1,418.2802505600738,667.8237597601899,447.199429395778,561.260176374339,639.1488768105111,460.5942433207787,617.1571421469257,496.24028205476577,427.18762184883207,451.62499644706025,376.8246010016931,370.9494198704249,312.13709833606333,357.98041700679244,264.3643218252044,188.40026467682725,171.626324910783,216.98532190337727,127.44834337094332,150.72271101251346,104.6235048529944,90.1246235355858,63.252631981102326,239.74712418121868,0.1,196.50383229076584,195.87573301742646,219.98737009565338,241.4679990797744,155.51601121486868,240.3039563638084
k__Bacteria;p__Bacteroidetes;c__Bacteroidia;o__Bacteroidales;f__Prevotellaceae;g__Prevotella,363.3209551101268,294.9748451066618,588.7375468320935,447.3570288924138,966.925417012316,836.4919799983388,756.3428801891246,829.5396899811651,752.0218300047012,802.2911973933701,691.3782371166006,424.9369797858466,360.199393002735,516.7049533345856,592.8079027235209,616.2655175516943,756.9337585106482,668.4894981917524,545.1363224471984,533.5831713644824,649.9859421546747,507.7860381686688,737.6498356173846,596.1455962789665,530.8655681364598,613.7385307193625,741.0607362168938,778.0270203217931,561.620675263109,546.2029216626065,596.8886423311376,527.3388251111866,729.7197472163363,550.5603388050333,470.82133610943566,556.4861068666385,559.3462981456652,631.5269875644668,633.1370796731665,604.243557843458,920.2685346417458,779.7716412135527,662.5294565552033,739.0373756228302,1052.0851303589843,679.2962712445484,912.0853636128436,1141.5845392174306,1034.8079987641588,1058.731278658058,878.0189673381218,572.5830478391628,1053.5722551627814,784.4789262190723,1033.3763502266956,909.3875505308496,903.89004634455,926.5399964618488,896.8646064211995,829.2393718413562,922.4359894164484,856.5745622559558,725.0831879702953,673.8119080617507,623.0502944633079,653.2619729405552,734.7450080288968,636.2199606062402,1255.7763358352431,0.1,788.9128848239399,402.2348038118794,726.9593729873521,446.6975135352962,738.9833939679899,752.0266432863446,901.5718973003926,763.9676936576967,830.9560909054654,868.8459992770125,704.5625323567468,679.873901782355,636.0916054781665,671.9875342097805,557.3398076959111,604.8507412191283,589.5508240644729,902.966811416752,824.0104285299537,701.9861730559828,414.0005374424134,917.1798501156312,1004.5778066823835,544.991257376437,956.0818395119713,748.2378965745282,987.6552124775923,1086.8017188025683,1004.727826058244,846.5901290624361,1148.6455206683502,798.1353278392396,973.3947267703439,1083.2099643327774,810.2211090742605,1205.5285905156559,721.6930276165144,637.4120201915222,628.2860829810737,890.4270012794417,843.5720730082834,706.2984231497386,723.6789993778426,245.18941197036568,1175.1656771342634,1756.593847653144,1165.2870644620316,1429.0498547796576,1607.7893629269156,1216.330647535002,1571.656633676786,1318.8126759772665,1224.1868620038567,1271.3594023924181,1067.1941803472666,1068.257808747027,962.5641583450592,1095.8219080625445,894.3380769438327,759.6625975152168,735.2345955626781,781.3453121079506,578.8987189675329,667.7548895153151,555.8506229326737,570.563511480726,566.0106700590737,858.3002529893403,409.2694775258509,805.0455469177043,813.9383113611839,881.9313827866949,899.1968469775885,733.8955120294493,915.496426510516
k__Bacteria;p__Firmicutes;c__Clostridia;o__Clostridiales;f__;g__,1947.6038360448088,1915.2836395151141,2052.170342696175,2220.452023673748,1512.587924210981,1636.89953082553,1987.1901672960541,1486.0393297953603,1368.283039107292,1604.024782164622,1684.746175185326,1685.8760474290302,1833.7863338487527,1670.6500902479681,1700.0674936686205,1381.9828047415285,1759.0703029901165,1774.2898468870162,2104.4324542831246,1585.055507731784,1605.6703137748466,1913.6664528228769,1849.1413111186807,1568.9044903987085,1584.7112822525125,1784.7521823876716,1142.1496637342818,1468.7873971925574,1772.6009060191586,1978.7577355189292,1936.1186774008413,1800.4873864377703,1927.332926651167,1843.2726390778232,1942.607418096071,1893.5486942680127,1757.54387237544,1956.162402917285,1691.3187004913714,1869.1468571165894,1431.5636042724786,1455.409793352407,1724.3077981140598,1680.8479241202856,719.4065328253548,1206.769397856949,921.2320259198656,730.3445742936118,758.3900009499048,680.2735952915375,1109.7757214126652,2605.500020163042,860.4150777880552,1336.7590115184562,743.0750739970523,1256.226095788459,2549.551626449699,1180.72601434525,2748.376012422329,1327.4273821298887,1106.7414488192123,1150.7457912002576,1560.3772321200415,1313.8426949827515,1583.3318412788985,1409.2491568536313,1281.0417156072556,1499.6618946595538,5142.384883531779,18975.612767596183,1430.3827614541376,2067.2315860019494,1662.0679707253512,2326.0559739376363,1566.9290495352218,1371.2331143897486,1412.8186793610398,1591.1810754685998,1559.9811555015585,1550.9443983807353,1443.021503917797,1550.669507600161,1720.370039721816,1780.7595701558953,1947.025693016442,1807.306040231245,1839.848554203819,1315.623790809056,1428.486517938009,1735.5514045174841,2066.3971758290613,1166.3259011981222,1168.8921116144654,2083.914297840608,1593.854951196807,1737.8453298162478,965.1936085627386,696.9857862111453,895.860326190911,1663.6851639656247,919.2625911045303,1431.3125122417264,1507.4220298645487,1052.0662176573462,1626.4621027833014,977.5365037905908,1588.1013357286158,1891.3400598169355,1444.5157341525562,1308.9579837413016,1440.0011271907874,1608.1642603416599,1066.4836002598886,1497.5897637310386,898.8353621821808,731.3231188681947,425.07297393662736,336.77461332143065,268.3846226675805,532.7225356157304,371.99063177771285,623.0467537501357,1059.0914835585077,985.2565689461039,859.7325230862285,950.4340697688008,1174.2018325567426,1298.943149874961,1459.6341231715548,1759.4937766085309,1856.9357611894366,1476.1409005990765,1572.5391180398615,1760.5552621743884,1765.0682914023569,2059.9910940385184,2419.4593367807097,1601.5351704880663,2582.5975359572226,1909.907444383662,1971.2322898994125,2024.5215018623153,1817.306515485828,2080.621338961312,1929.8929841589465
k__Bacteria;p__Firmicutes;c__Clostridia;o__Clostridiales;f__[Tissierellaceae];g__Finegoldia,3.956459937156893,3.79976075538768,4.469707407514734,4.5591490023541175,4.0731462354631285,4.1012415787791605,4.600277400361168,3.8257347981907337,3.5053615259136475,3.993451884563837,3.9733944907628684,3.5861222985925316,3.751704526976175,3.693410356832322,3.856336199831661,3.3311239073826897,4.199897946207761,4.097454413639754,4.497932282082376,3.5675154134611344,3.7738346190048215,4.107824522709227,4.330151892819339,3.6305082870168537,3.5629396465318703,4.0358678636879,3.091599182132209,3.720132315006032,3.9383528333806814,4.278439803320329,4.2774911831570765,3.9373183407609202,4.456098514095352,4.046499483704263,4.104725241384677,4.143587925762457,3.908546070568049,4.363351501102686,3.899867086443435,4.170438887684775,3.862467855061576,3.6991511090231706,4.000833030654213,4.036165820125944,2.8024249716945406,3.115024288660181,2.9528843905362563,2.952418915606715,2.8457522836831037,2.743303334070777,3.2347465253689283,5.419364414066143,3.0526191810822434,3.4973320049728214,2.8167231005296935,3.5381679937197434,5.80498180237966,3.4304290220825817,6.144432470890221,3.5463116324123987,3.294300920034511,3.2754798819622604,3.803882023393723,3.2953443404508778,3.6951913627824866,3.4331332882401897,3.3266710250183307,3.567263644783832,10.879637761266462,0.1,3.668485744065696,4.223726094541337,3.9854880831176143,4.743933503688225,3.83571371165533,3.510557479903317,3.8021821814670647,3.9148719015944846,3.957861244488152,3.997321958532176,3.567483837827228,3.7207581159397636,3.95528226614982,4.113944570094438,4.238896466781614,4.062553419675932,4.097440289559232,3.633262864166345,3.716426463134737,4.078254154940201,4.239447685647312,3.3914257118253923,3.5236242100488018,4.461630722258572,4.200245748217154,4.1498608014196385,3.140613323235458,2.813708342024895,3.0436045750277723,4.163108116415352,3.2950248280142853,3.683594697299285,4.073511274448173,3.433016070986441,4.044502420179833,3.4806272828576854,3.8476933915887295,4.2579325087958475,3.4586753532926515,3.6032181596461625,3.765258389048013,3.860491431294141,2.9331152655181896,2.9923396658871595,3.297839975528466,3.8526429767113135,2.450101518680345,2.6801389067953614,2.8209778995080006,2.7140201351311766,2.9504233162836755,3.0226144199530487,3.6513342471065497,3.5903822598578166,3.0713196908133518,3.2324096208344857,3.471583356706488,3.8856763227440214,3.8739581051058094,4.204629518617473,4.340333077647787,3.737914363893788,3.6117043094671852,4.072223259068221,3.9166738240330856,4.456911912866393,5.082533306681512,4.070899766033681,5.140486667715434,4.535496473300427,4.656353419814715,4.8494194739638266,4.510170727417405,4.731819916717095,4.732013390825999
k__Bacteria;p__Bacteroidetes;c__Bacteroidia;o__Bacteroidales;f__Rikenellaceae;g__,2315.214427292573,2263.302182178701,2484.0974091920075,2646.736900011639,1946.338856384139,2060.854802589186,2445.7631790838204,1886.107418661178,1734.0978736328157,2015.698197650516,2084.3829582678422,2027.995900056836,2183.8348462424697,2030.3787565819346,2080.636899231723,1720.4389156535187,2183.9267842868867,2182.256147262447,2534.6735935993383,1935.7392754754287,1984.6137602553185,2307.518711947349,2283.185989774168,1930.7368230603624,1934.755618414872,2182.417111616668,1472.0416852076416,1855.1434459251584,2157.1795189341487,2390.584365909228,2352.592730400728,2181.781285743003,2371.2614515221358,2235.941729862883,2332.7505719931273,2294.9598006465108,2139.396181767978,2383.109400623593,2079.3213835725314,2277.2771368794024,1843.1923377269272,1840.1588166380752,2123.5682822192184,2090.2245612255506,1053.916100344727,1532.8765575688046,1255.3749831758541,1085.8535698288968,1094.9427562049423,1010.4161903637853,1464.5161326542761,3116.0230643378673,1216.1670020529775,1704.9238242791496,1077.0457148376677,1639.4855667211914,3123.502022848606,1556.4976034622982,3350.303502750847,1703.8983714644837,1470.6479776143772,1506.921912397391,1948.859441236725,1654.6481620005493,1953.1295232863424,1759.7603112233303,1630.1727668901287,1859.8973201709275,6177.198178003809,13888.829618063597,1813.3977895058758,2461.015313502927,2066.043476269338,2767.8657415435896,1959.3926994175836,1737.4866718243188,1817.6185430362186,1992.651922528355,1971.3260966805678,1969.1517920861445,1809.649788138624,1927.9236381024768,2113.3225101236985,2190.4430606624533,2356.5556121822506,2206.3929110086983,2240.451083167364,1706.30556736954,1818.8188364109565,2145.022402699484,2462.604390681712,1537.9345794143405,1559.8031865920852,2511.079903558284,2037.315234911052,2157.6701638951376,1322.2197009407355,1035.6850986946897,1246.29617537193,2093.800672222017,1304.3286576663572,1816.462140453189,1941.8071427990733,1442.6685701967742,2043.1812041899109,1383.5634302494545,1979.9627947965555,2309.9439565006273,1794.8518466541516,1695.9359335870768,1836.2768811672845,1999.6693734836008,1381.3864600606046,1772.8596061390922,1286.6124087559785,1220.1268760894095,740.4226810606339,696.1288191060399,656.2894347495118,875.0943526739978,767.4439607155763,1001.0066767897853,1481.2576365010168,1406.6812422701803,1218.3323300486531,1322.7208694993644,1556.8047120860683,1728.9032926429654,1869.8135248193591,2185.0038794932393,2291.6139449720554,1864.3063447342602,1931.176742684265,2166.3248210216457,2147.2801290853736,2489.143786888098,2900.9579813395812,2024.9651873554621,3054.365302312875,2367.558723275676,2439.907166661624,2515.823011924201,2281.603046713234,2548.196184454849,2414.4219971169136
k__Bacteria;p__Firmicutes;c__Clostridia;o__Clostridiales;f__Ruminococcaceae;g__Ruminococcus,1031.4493152588311,1016.3661234531476,1080.1082847918449,1174.868140395924,778.7199541264571,849.5683964667668,1039.8298857941772,768.9814698437838,708.4305993882616,833.0738901190688,879.9346339614792,889.2345433188443,970.5806619655887,878.0835801574324,891.3586591331969,720.1994528090472,917.6098354381264,928.648901922758,1109.5272190522699,831.6809250905342,838.9254850037604,1008.555250835232,966.4889562282076,820.9874704367427,831.5852103570026,936.0400979921747,587.6516547132,761.4208283155182,931.231558715496,1042.1701427096384,1017.6749648087517,947.2886777532384,1008.6339405341147,969.4503901933716,1025.2647915849543,996.1892295512132,923.2399253083639,1027.2817844313652,885.3560043173441,981.5590445062024,736.8388387225874,754.1976929866362,902.0686763143904,876.2911546776986,351.04428595837805,624.28311499457,463.72805688266,353.9830568829741,372.4910063322216,329.864412678852,565.8400722839527,1377.0467744970865,426.53215399203344,690.4844411858099,364.333722555103,643.2679482114487,1336.2645812584362,602.2638339728004,1443.0014106463464,684.0249652854708,562.7652131991654,588.4869773401118,812.2119723103348,681.819820690615,827.8380415375598,733.5983860626607,662.2603724507983,782.5874076729596,2713.727832940529,11356.039845491541,740.4927439343028,1094.262447972108,866.6251199055428,1231.4602895939495,815.2680946419357,710.0107582975653,727.4075510260858,827.4442805792559,808.5448988487994,802.4675850902985,750.0157149517137,808.4869670832485,900.8220055911501,932.0004966213434,1024.8082860544507,948.411929843739,966.3437954857112,675.2960261009604,738.3316299881194,906.8041538729872,1093.4315199368332,594.855330678085,593.3779990782753,1098.5406501701102,822.6074698416008,906.5236683815556,484.8116550862976,337.9009010046584,447.113617984976,863.587574721292,454.95350090434135,740.6898473970176,775.7415434973268,528.2299598736778,844.8344904241444,484.3138202501853,827.1740343155733,992.3652763799907,753.3052475495728,672.1344478765419,743.8615066589048,838.4238402846466,547.6855638106207,794.2377102143927,443.1454870857437,334.43794150324663,189.67965915070687,133.7721584314177,91.3038306107638,245.68041227603214,147.98329003840377,290.7216434371027,527.3928685080862,486.30113034801565,425.7220006836672,474.2749005234172,597.5933573305733,660.0670798523572,752.7220176689807,917.7476356909398,970.7431545532472,765.2517177541538,823.4973011949321,921.3154402311457,927.3847289359306,1084.8908216905788,1277.6017352406195,829.9125212607353,1370.1075538990865,996.8412708257606,1029.4019791919256,1055.7295134086482,944.1637934218988,1090.6122325880394,1003.9429664507624
k__Bacteria;p__Firmicutes;c__Clostridia;o__Clostridiales;f__[Tissierellaceae];g__Anaerococcus,0.1,0.1,4.782901952659662,0.1,28.667857768085884,21.122315702182373,13.417287720338173,22.484378381446657,20.146804875833933,19.87724525644095,13.740864610419342,1.159383159685859,0.1,5.658920454116178,8.919371497212511,13.589304508380993,16.000691231670938,11.658015188717133,2.14063268603628,7.413995816845043,12.674120666704106,2.5157796081657287,14.08198414243305,10.546183858859829,7.289654628224218,8.958044639634869,22.163013824550923,20.24763912416832,6.635616487096112,3.5988278728472727,6.467490846972638,4.706039581595442,12.831950878375919,5.322162194622676,0.4478316785832738,5.038476931075583,6.697004934028352,7.8769429260433625,10.919827346594293,7.564700896115421,27.37459538346684,20.479801682120303,11.936790037009866,16.03275791125617,41.57076841569813,18.525493453738687,32.70559904248071,45.67018661527453,40.31903965102344,42.32267662519796,28.986411135058,0.1,40.061261613908094,22.0310526258592,40.42307117263247,28.825538803356828,14.077628181074724,30.48046589755805,11.518872134988953,24.247073821722196,31.115685408601752,27.515844670785302,16.724079549163857,17.067283076613556,11.653734741835375,15.029083613509428,20.30913348951329,13.21230583891429,1.630737000260465,0.1,21.191388459641647,0.1,15.673386569748109,0.1,17.306396243124524,20.113983491175283,26.7026110127525,18.21329457092097,21.722855318345147,23.61146957555621,17.070745809617197,14.70017501506113,10.733751263030287,11.750550353460152,4.479668407820807,8.286119963209975,7.1998175410387075,27.857246335263728,22.86828645404543,13.672122972581,0.1,30.20023840272066,34.29431093835564,2.3636457356391096,27.245934056843033,15.828256012237992,35.77796988597828,43.4596229189578,37.36004701864931,21.29860724876921,43.886905674115866,21.616022833038105,29.03090560963129,39.31237383007817,19.99996691775811,45.91743079499758,16.25357426812696,8.880734561344761,13.45582034438807,27.340380524623495,23.66207393360744,15.302608708191832,22.190720567406906,0.1,45.36677765004142,74.67103666528041,50.20813318324818,63.63977498693404,72.83759149986315,51.41005796046599,69.97244939465638,55.232575165777206,45.88397094574909,48.936380732533905,40.7114945776186,39.7455781472128,32.252920046772644,37.141659102973115,25.83691671267127,16.124674661908706,13.880732192792973,20.321794606824266,9.69188033685175,11.777224243496148,6.447810698216788,3.837966270056737,0.1,22.54724851040588,0.1,16.580502435818072,16.313004278163213,18.923462595779913,22.05926727852661,11.311709053773074,21.566908336504927
k__Bacteria;p__Firmicutes;c__Clostridia;o__Clostridiales;f__Ruminococcaceae;g__Faecalibacterium,1407.7692358840925,1374.3423603563485,1516.609821411549,1610.34180398616,1203.9293704373579,1268.9718150766425,1498.669557961622,1163.3494438810976,1069.2603934651454,1240.675815041683,1278.6765863602886,1236.4247752880005,1328.424722707123,1240.6998698125344,1273.3688592222964,1056.823310016133,1340.7484727652934,1337.0057678983972,1545.7690179683407,1184.135391977527,1217.2159599778129,1407.5945124325644,1400.0251699857865,1183.052549396711,1183.458014409386,1335.4097866712655,910.8495051940927,1143.0790814618856,1318.5748546311015,1458.8875745519165,1437.5384360084522,1332.354502641259,1452.9069450108982,1365.742092172084,1421.6712694798455,1401.524955824762,1307.7776388502205,1457.0171781779202,1273.822448868867,1392.3356099523505,1140.2687509879331,1134.094322714336,1301.4210240506352,1283.674006029538,668.2545885921206,945.6350629797834,785.4450728384552,690.2868341737005,692.4675475127405,642.2210222085378,910.5452878795544,1897.2869680031945,766.1700983617186,1052.6663236285465,681.6278053705811,1017.0566291506652,1912.0433356901485,967.5288110283864,2048.632430709677,1053.4319077623952,915.6175245392936,935.4612670494204,1197.971249987846,1018.9179350505119,1197.3917748625724,1081.6859708278757,1006.038656005216,1141.5614849329113,3764.910148545487,7249.055111831239,1118.2347839998283,1496.9194724778104,1268.71451808855,1683.3861620484745,1204.7547357349365,1071.3046607648944,1124.2645131151862,1225.5892481656622,1214.79703413716,1214.657173494826,1113.3656124887423,1183.9447865667853,1294.4232455067654,1342.0522733618602,1438.7058646799978,1349.597117413216,1369.6678382303598,1057.163812862988,1122.5900802163362,1315.5822479697088,1498.241835715602,956.0421745755386,971.9359125016257,1531.5328503662342,1258.4708801317709,1324.6416112618315,828.102576616871,658.3312209524464,782.8335490249872,1289.1569858145394,822.2890579498758,1120.3683837020046,1201.3958986804728,903.7120286336366,1257.4987453733802,871.8423710698196,1216.6279159491721,1413.0658658416244,1102.080802994963,1050.5210929134164,1133.7256575546035,1228.038847079581,855.6288979527898,1076.968541340098,812.4227286184633,790.2983610263072,482.65634987411363,464.0947401558087,445.59087394179886,565.4685494782157,511.5217934058854,644.5877635392187,931.3483566615698,887.8227026904376,767.8974546768436,830.8973704096768,968.8280406248053,1076.758425275098,1155.5247622816375,1341.4825595419113,1405.0342141594406,1148.7087417305333,1182.7845798081382,1327.373297143426,1312.4251277062556,1519.0917903772104,1767.3567636911189,1247.9976294291787,1855.0449128800049,1453.0027785754005,1496.9182538423813,1544.813151236357,1404.065890215116,1559.762863126227,1484.686135397083
k__Bacteria;p__Firmicutes;c__Clostridia;o__Clostridiales;f__Lachnospiraceae;g__Dorea,191.2025963848867,170.5343989035353,259.2766644457679,227.29204229698377,340.7382132336092,309.81308202569875,303.3550850365557,300.95174994958836,273.79558551720595,298.7056561385807,271.26436194537104,196.5137438299876,185.11330818620567,221.57989296067257,244.2928435595913,236.30997732149854,293.07292186868597,268.9395988210746,249.429428367366,222.39809632008044,256.0219029722404,230.2062616223734,291.7843494788507,239.22253062749766,221.61937380729265,254.04765578218326,260.3612328155229,285.69961373004065,238.85922959566972,243.97288164398807,256.2498056484648,230.5119512709261,293.1392383063352,238.99089731791042,221.1540790012903,242.9572127450615,237.5310841760392,266.89240570327604,255.21440534127478,255.2473137281134,323.928500650252,285.5767057416332,264.9771269188454,284.46594072047776,328.3182132315956,245.9807239898797,298.2575618698274,353.9458009897385,325.25319463375615,328.39177800106467,297.3289846864681,280.08423830571144,335.19400824553924,281.4639689165485,324.14983035495135,312.84312481454674,370.5349391387175,314.20065185050635,377.6688701886522,293.60289817386183,309.6599224574073,293.1850076982742,275.0307134388393,249.34504214868545,247.43670485866366,247.9454091818676,264.94946973420866,247.30189609230843,588.0792574071536,0.1,286.9968193912731,207.60654599754105,280.2149524784145,231.94362096749023,279.2332211105817,273.93205234757573,317.82096028044975,287.35822780456846,304.7359866582376,314.95954413666215,263.89464284474604,261.893758122977,257.3744489362125,270.2179769648389,245.6461700996059,252.58542529882888,249.78050189204768,313.76098293998376,296.7634716752937,276.5694146985116,210.87151427972583,310.9132911579936,335.5674684559852,248.44895592602865,341.41600711012853,289.65947310878016,321.4869801526693,337.03787712113245,323.10453828934675,313.87489968182143,364.5807224638362,289.62856834180917,342.3178456914638,352.2924388975895,301.9595936493479,383.21941355818086,275.34872226326905,265.5756973322288,242.5487573180949,309.9351804127205,302.7827059652094,271.94564179703195,252.01581762368718,137.42665550656804,371.09057383897766,526.652137337382,346.61854087291215,416.62481159772784,463.6729373728914,365.8792577237955,458.2740393938699,398.78760907513697,392.19292748763434,402.0547473865975,338.98705031608483,343.43985447537995,324.0154858313133,367.14033089837966,317.9342730048572,293.8584284033295,291.4632713303973,286.9680071170912,234.54700408320755,268.1043066099913,236.89431036512366,254.5325692226204,269.7182743410629,314.31595897182075,233.18562629126598,313.48857002943834,318.79390073462486,340.3233796156325,335.6800009421213,301.33228530032926,345.41258508541154
k__Bacteria;p__Firmicutes;c__Bacilli;o__Lactobacillales;f__Carnobacteriaceae;g__Granulicatella,9.454662564344495,9.463729266502883,9.41389182892283,10.690955024987499,5.5191971588208295,6.531807001940379,8.619786163828751,5.7430194612807846,5.319315810945113,6.4469685314442735,7.17432467778283,7.889970961243621,8.853900665490775,7.564090635235816,7.518831708626322,5.754180967242719,7.39746705458167,7.714461178193157,9.809684819824971,7.061094553863258,6.86140145182213,8.888305526333461,7.93082497792427,6.808045630842947,7.066490148225705,7.9162641957561695,4.1383928682359175,5.787889789861406,7.9900415981829855,9.134316876697747,8.771152261134647,8.230572626279383,8.370374199027315,8.397686057393624,9.141624562644736,8.65094818332825,7.915523628214477,8.786162309627514,7.36460727621442,8.393175735029923,5.209867999619943,5.711655408016353,7.4628636577573015,7.026535585577439,1.0478173802320367,4.648688887217173,2.5007074117867485,0.8679910917135213,1.302444254736984,0.8207036225887296,3.6003949551145373,12.417966906648193,1.7984405316430052,5.0641788329909,1.2243018139045352,4.3005573244327415,11.23621468383443,3.8508499461876338,12.318900774030295,4.8950338687084525,3.4658638697773343,3.876751292998813,6.419020251263928,5.2362800357678045,6.813597229769522,5.8015614593978615,4.898470915940941,6.33077732151384,24.17416839305605,198.75103864369163,5.55338198928854,9.991193191051524,6.9582045467810145,11.257833427506863,6.417061472386823,5.3350898283963035,5.1593514957978455,6.48030268651504,6.134934592509527,5.985665553645122,5.845662279543393,6.487474659933435,7.512202034543503,7.739766676367529,8.934847813898507,8.060627823603065,8.275521186496814,4.635514234662502,5.449760987608531,7.4179488024321465,9.95539288147874,3.798718559214291,3.5796885065015625,9.700271668392817,5.982963284916519,7.3070444099533525,2.5346990179424385,0.8353774988523353,2.118204851208143,6.648251949365302,1.860149220994376,5.533795714629493,5.474323339744002,2.7450970196921074,6.5459187692889556,2.020498461103082,6.576410021385772,8.42360301974529,6.0568017381935295,4.6332399411891885,5.459281930490604,6.724773116848806,3.7797704635867095,7.3611011802444235,1.680206473580659,0.1,0.1,0.1,0.1,0.1,0.1,0.1,2.407234688023284,1.886487124364394,1.7585093472072495,2.2410508550813635,3.719995486958913,4.032629023385637,5.429142024200579,7.3924656197403324,7.978968069650576,5.818403394231327,6.873428499421079,7.642919283447068,7.965099163871415,9.504145295762717,11.439905073639775,6.284479612744732,12.730353116541972,8.076513117820683,8.380999148341127,8.48508486946536,7.330226123516509,9.179550491528364,7.88930398270146
k__Bacteria;p__Firmicutes;c__Clostridia;o__Clostridiales;f__Veillonellaceae;g__Veillonella,3.028061315323735,1.6256977689902656,7.658346829113909,4.171259390922739,17.20912852989203,14.069174399758394,11.456930728548588,14.294397540570044,12.906009078201814,13.409057889632981,10.801310485597217,5.01741290717544,3.2440599019316476,7.046494616477844,8.624397551467455,9.926299584342669,12.038416624959336,10.081466819088948,6.5820330103575095,7.626081210651287,10.100328687257994,6.247177496742682,11.39547350976793,9.023784641419788,7.567974399740438,8.867432609774125,13.231895291094744,13.219713076622885,7.766902092290577,6.918461878752924,8.124502113405333,6.953558857314956,11.028492393051838,7.350748582168124,5.3729947086924765,7.353992354829607,7.7550887487141065,8.826098226893276,9.521244906950335,8.45103436936047,16.398776090505528,13.290914974328144,10.076746489423213,11.845107301185653,21.034143411076926,11.730680956783402,17.493395458334728,22.94878062412484,20.562095289139727,21.27589950037766,16.284234945271947,5.928476237739696,20.714898987700586,13.688827715673197,20.569209845456946,16.599774716468588,13.256444948462649,17.160147407320153,12.608374651172804,14.683274969372013,17.255532526160238,15.716815575874689,11.842651451162865,11.344768412868,9.571581466312653,10.661055720919382,12.748625360300313,10.0659043469027,14.427952782030324,0.1,13.551644422865262,3.5741780864644186,11.629861457954819,3.8936963127910387,12.127917094849371,12.898759460437644,16.039835800712787,12.609554974358854,14.140804915611946,14.985444346030539,11.689955263828564,10.885927510818998,9.512930198012114,10.14123712738598,7.2392060584588265,8.61836767193195,8.205276192566105,16.31239270509429,14.317896688052626,10.904825956156206,3.831543894734721,16.992953740585385,18.882864515462728,6.630033872351124,16.77126579574701,11.902649454700628,19.02347524968216,21.84329415695106,19.56674296873413,14.221505734088714,22.631043916529432,13.749429688389867,17.362373420576578,20.880205214100407,13.52518375208688,23.719991007668767,11.699982166083732,9.115379560664412,10.031230202578817,16.05692826415618,14.713629368788213,11.315945786567932,13.043379970846887,1.5867258698076183,23.2573839343458,36.29044067708103,24.22405564827353,30.167134205121908,34.21580079382777,25.06321570484483,33.17354194953453,27.061645225364433,23.921523701741343,25.12910322848793,21.012160765071442,20.80913466224665,17.958041562825528,20.53842786094631,15.766177532030287,12.096569670340552,11.323638809613414,13.273380284651866,8.640511815517621,10.099765790249819,7.660484564086483,7.244521770482581,6.249641651858343,14.630514641112425,2.442089457622642,12.706304829820487,12.746381871923134,14.08881308758594,14.979981617577765,10.736972758234137,15.052980434374705
k__Bacteria;p__Firmicutes;c__Clostridia;o__Clostridiales;f__Lachnospiraceae;g__,1999.6700289344344,1890.5610633581207,2357.905659362067,2320.185243704995,2387.3076990038603,2327.772954256593,2510.161900444274,2198.697315188013,2010.111905539572,2259.8221599377357,2189.2223003140666,1865.502591799387,1904.875408533128,1965.1371829981867,2081.376180136192,1855.663301163025,2328.5113550749884,2232.9211361690086,2346.564358433496,1917.2724322782776,2075.5741265751058,2148.5501381621452,2377.023755603049,1980.5844348035125,1913.6862056412106,2174.5785309352123,1815.9749282255227,2122.1439673158193,2101.365565434462,2247.3931985093095,2275.0591604545793,2081.891572665417,2429.8723009693367,2144.388551908709,2126.6504577212067,2191.801504635845,2086.5571942873216,2333.285303317073,2123.517656872936,2230.4795105489907,2265.687635252656,2113.5748272871547,2185.701469145087,2244.1721198782398,1856.954449907665,1792.3834541607905,1847.7328990542007,1974.741910577773,1867.0699171778706,1833.7670600655465,1956.958836838306,2780.583039644751,1971.4956096025642,2024.4546425437047,1853.082125095349,2112.25702241116,3139.5082924628914,2072.796431689529,3289.898912878134,2071.529078160058,2008.649279470389,1963.585228452788,2130.860502822683,1871.3012517602426,2024.8981532371367,1922.5366150588666,1919.317326020052,1974.0536791517136,5641.075446921322,0.1,2104.7043447541896,2142.717759777941,2214.443055513065,2403.806802625746,2153.0338932197915,2012.4762078986173,2227.9226545211113,2202.862200893779,2259.535810971788,2298.475152853464,2012.0387822296163,2068.018201447292,2150.342447289778,2242.3552455343174,2235.593817482958,2181.7806340745583,2189.1558507834106,2151.9197058313352,2145.950048712583,2242.762895800316,2156.385661000879,2049.8801749682957,2158.414436202234,2329.9843735733666,2439.0651861704887,2300.9483048089105,1974.949730340006,1881.3276945679183,1940.3219228111207,2361.489973808641,2134.375300754277,2116.683945690403,2391.059811624183,2160.820714125559,2287.4212137115537,2250.2667885886717,2148.8940842912602,2288.633197770509,1920.300707637505,2131.312646538444,2178.988648106204,2146.1771280599787,1734.3063669412802,1495.9787648278134,2150.356008822448,2724.830676345753,1759.5708472583326,2010.340344528737,2173.436109092976,1907.8210707996946,2212.2410538724107,2104.8914025089894,2338.198531164865,2336.6446224710435,1987.5464324899508,2061.3536830433427,2111.4712900077607,2373.552469858073,2256.5358251903635,2332.1746259347115,2380.31238308828,2132.0656205410173,1962.4771283213283,2221.045998579541,2088.313579896585,2342.0153320604268,2623.845232134453,2326.071372010095,2563.2979347777564,2507.715895013653,2567.5766921159216,2693.0192092436146,2548.396820406018,2557.506349747508,2658.2629400913684
k__Bacteria;p__Firmicutes;c__Clostridia;o__Clostridiales;f__Lachnospiraceae;g__Roseburia,64.18521055142641,61.95270357216348,71.48855268815777,73.79793567333918,62.67615377777168,63.895183119924795,72.71384318583831,59.32038808070664,54.39899846468821,62.28597242450652,62.58644222785488,57.6285656200791,60.773506912939304,58.89904884967957,61.19134189172348,52.25953104414845,66.00417055688969,64.79576050720028,72.21150145930572,56.693483165633246,59.48136343361415,65.89158725821517,68.29655286976495,57.38961398820282,56.63243373739403,64.07836257711561,47.53145104095691,57.847149762702166,62.74406021000304,68.52892263076298,68.22219469010403,62.92344465297897,70.45163906420245,64.61896178333126,66.05178128991776,66.21117277557288,62.25785298039955,69.46158160216372,61.68906417597346,66.3868853613685,59.415050635880185,57.4857076519547,63.21156933293037,63.36437847789788,40.90315336946228,48.27822671164604,44.22665080841078,42.90196952522607,41.728015431803264,39.87474069568811,49.1432653703613,87.48782846571451,45.08532705874447,54.078264048179605,41.249996874153815,54.04552364154005,92.04578259183329,52.142493598695324,97.77183131232118,54.641824763028936,49.88592208058032,49.9485913068189,59.553737908004024,51.330024086276595,58.31866228043753,53.75588076084057,51.505101272186664,56.10032796370961,175.0261836041296,0.1,56.91961524785694,68.43857868416839,62.58484026316558,76.89682639210073,60.00715232804243,54.48600211811415,58.512559509182594,61.18967551737667,61.525354301290044,61.96889866321455,55.71186100231503,58.4208422741845,62.600304924728476,65.05189557989414,67.80267468150568,64.57633957391259,65.24848037048167,55.675187924169855,57.52122094450007,64.28195310486089,68.6343997172616,51.54290460481882,53.25570862424753,71.60428941268285,64.86726852611147,65.21595514946269,46.93745000863862,40.89294117750783,45.214607316546726,64.87349224308157,48.60003898504442,57.11976831480661,62.64514669564153,51.28684135874897,63.095557025625716,51.38244630854327,60.307023268644,67.66206410646076,54.327019304942674,55.2438990922213,58.22690042661768,60.609723551076186,44.97661242374564,48.71422182614541,48.495017404083654,54.451584055873106,34.35223864565125,36.691830500813694,38.025236067734426,38.47993469623729,40.40075545605728,43.06078204212096,54.13469386446848,52.84307948558453,45.3203934542913,48.01251693025029,52.625111596318256,58.79644886822354,59.756301252617284,66.06776522644635,68.48094468165259,58.125955182539386,57.17361479159223,64.3773585582491,62.41404981865163,71.37851458074542,81.88368227949745,63.261825725950786,83.75378392938771,71.34931478267659,73.32261898422426,76.16629014205549,70.38486549730138,75.04596090711081,74.00716096030892
k__Bacteria;p__Firmicutes;c__Clostridia;o__Clostridiales;f__Christensenellaceae;g__,288.08315722136376,287.64500225336985,289.20148120992246,326.13282475895767,176.0199186835693,205.11291613142762,267.06555697513767,181.32152563632275,167.77444583895826,202.20611174198365,222.92445282588798,241.67319408064003,269.9855956346869,232.82824991682116,232.2587638577993,179.43912297776768,230.31618532474582,238.9284849368684,300.64965095795463,217.87853289833103,213.0842776274392,272.55504864823206,246.1538732792144,210.91991659569268,218.01251726875603,244.42735935389416,132.14973033039743,182.13506317644527,246.10384773874333,280.3522188670401,269.95887267679007,252.9801625265058,259.28878318734667,258.24681720459864,279.7880014065861,265.9241157646428,243.8394158253088,270.77046525698967,228.04060697904998,258.6694911581401,166.23306694750178,179.86081544829062,231.3008851410316,218.9760395887584,42.449788093559754,146.85214573113774,84.6826590993042,37.97314150342388,49.926816954304286,35.689525944765506,117.39631888557535,379.36695009695455,65.03672626711099,160.43994830449702,47.56216037494782,138.7766501453494,347.27685591386717,125.4321929913027,379.7605002696014,155.81921118439215,113.81286032329443,125.4834202078552,200.56274173980262,164.4641578839646,211.36666139962884,181.24862903004376,154.93983119915364,196.9850795844394,739.9847444322966,5596.9185037452635,175.19655252667798,304.6215010578405,216.79569378217826,343.1721761731625,200.6484015672398,168.2488255197439,164.5195765437197,202.80991911252357,193.12126627607108,189.0267514478497,183.10827574537032,202.1510145550317,232.5095541902469,239.72580842392554,274.4699445890008,248.67598642709788,254.97877906098742,148.7821337534906,172.44564806283853,230.36062781601436,303.66733718074,123.76724123228719,118.08987031025244,297.35805471551015,189.85273844542093,227.5067120082708,86.4907170722349,36.42270408633159,74.14416129474674,208.71947186944,67.88107939046068,174.70349973639026,174.7378292044359,93.81121159624027,205.2640466301268,73.2944099573868,205.26024383202812,259.9293981859869,188.6640367396454,148.58333211782812,172.93538516487442,209.56146584049287,121.18507427113256,223.90055597925442,62.74595216296481,0.1,0.1,0.1,0.1,0.9638678871538756,0.1,8.357056021677895,85.11773326620526,69.94928192679339,63.97764992367565,78.498885163156,121.87200671509972,132.65886350330308,172.5570307581474,230.19417030510647,247.57643277438882,183.0871267164927,212.7066338340112,236.7695579895805,245.293812925555,291.7264227305835,349.8879736692154,197.90250854163986,387.06205407215936,251.2356705373328,260.48414438108034,264.32115642785504,229.77375316142346,283.66439418975654,246.754912899645
k__Bacteria;p__Firmicutes;c__Erysipelotrichi;o__Erysipelotrichales;f__Erysipelotrichaceae;g__Holdemania,4.079665900347893,3.6048136472471835,5.644027173335319,4.8677055685757775,7.642324778814741,6.899013608991988,6.6821709240562175,6.721453438380783,6.1118443795679855,6.646766123451139,5.992812888056451,4.252992988220864,3.9595793528731513,4.839228145404396,5.362217634332624,5.236872060179594,6.486223500462155,5.9216984007989595,5.404931895993714,4.874531511383856,5.653112132236776,4.993811550390625,6.4391231784872565,5.2691402566324514,4.856474387954028,5.573143608916348,5.842161416566143,6.369781597911032,5.221985366624526,5.3018233253525855,5.595634312237466,5.022428388772918,6.455798754486206,5.211622692164891,4.777649615620091,5.294375350327127,5.1939372819120715,5.839502070927647,5.618047689023976,5.58502811962013,7.266520897337477,6.369462868004272,5.838979331579564,6.300782217917424,7.5039809128189665,5.495219465052473,6.76606122426452,8.098311060807438,7.425245001759661,7.513127753714405,6.7086300128787455,6.023136870516412,7.637205137395444,6.2962931287568935,7.402477047300178,7.041852939410921,8.138745877844228,7.087789664349463,8.266993093317193,6.5805646360422685,6.996173535672993,6.604407021666738,6.1040926136559746,5.553171512754743,5.4575604521394085,5.502472897651017,5.9225514289550825,5.470319547171866,12.708852870912596,0.1,6.4072667851106395,4.4386925857269635,6.205420703227732,4.955894055273708,6.200649095723879,6.114459769559245,7.1279468266559185,6.385127592252611,6.795472499825848,7.0351132257374,5.8672289731505005,5.800212196094327,5.6627970405978285,5.950219791226162,5.346793035674065,5.534829420062626,5.463370186383108,7.051928525822265,6.634917739245439,6.106620262459537,4.5148338430769295,7.014021682050183,7.587289063465638,5.386012451986959,7.642658626181245,6.410817830966287,7.298306774291707,7.711165661604476,7.349123348989551,6.9884517312520895,8.309915842488916,6.468336515780562,7.680067636213808,7.998710206363798,6.718229295428713,8.732606258599265,6.106226074270651,5.821175018555407,5.3701811099911625,6.964160427279529,6.772810421781548,6.02321744503375,5.662321655786134,2.9136836197244578,8.465294826066446,12.117367458503336,7.985788482355247,9.631758433435195,10.739661342708354,8.41357391879138,10.594333533797002,9.162260348405956,8.925944377477306,9.169477649358589,7.725606939590815,7.8120008170601904,7.317441166616717,8.29734817294116,7.121689428221233,6.504423446166701,6.430170148985696,6.3979027132756325,5.159640309486607,5.9048688033914125,5.177688648534409,5.5321361697634135,5.817244637760372,7.010523938646477,4.936058041324613,6.932681464281721,7.044496694460762,7.535408905223504,7.466716242468915,6.617345181775777,7.671823887579652
k__Bacteria;p__Actinobacteria;c__Coriobacteriia;o__Coriobacteriales;f__Coriobacteriaceae;g__,81.95622854522355,82.74973956028232,79.24055276208382,92.29267548035368,39.98655297246849,50.526614197633094,70.29508984053746,43.446033850098,40.41052099526115,50.11321093466454,57.86336258198841,67.12594046728556,76.54084733478653,63.21572358108886,62.01328490072957,45.766836694078904,59.204627185962885,62.99967108206521,83.28347512233664,58.47876693688404,55.45646989647782,75.31687572025564,64.2419497067854,55.53295253206721,58.555978260158426,65.39947863595016,29.81567344260848,44.389032616969345,66.61091269168828,77.14795951202947,73.32719011445266,69.14888986266578,68.31042843504946,70.42264771627322,77.99873891629181,72.65762505571071,65.95883391467865,73.10281695858603,60.19502303679408,69.82305482477251,37.66704185938945,43.67956243932865,60.78014551796928,56.02717369748692,0.1,35.08596808393225,13.184820370829721,0.1,1.041453618427035,0.1,23.51161399265501,106.65042396056484,5.343995758330093,37.759083786850546,0.3477367337223786,29.53441253440012,92.48600316705752,25.277838012053685,102.37720242126188,35.75940148268492,21.829393584152736,26.24086267519341,50.663287866649064,40.47147704520519,55.303293277177524,45.811465962424876,36.7739914508963,50.7878951599001,206.1486408111393,2182.180303696714,42.1491624118732,86.41664602622484,55.53322795942678,97.44014261235277,50.50086289224111,40.55351386853783,37.40352450756632,50.81433431473889,46.985283240692645,45.23734415763584,45.67748859945527,51.75455273126296,61.502703031471356,63.192743271806755,75.22321742506328,66.80110324931385,68.90904247779757,32.63871239653136,40.84423251691306,59.96221170831434,85.96955097735184,24.902509726334586,22.006719053268363,82.29279742190165,44.3049582751217,58.47515029714928,12.706594586152965,0.1,8.752037089631653,51.47747433190097,4.914139828608113,41.875569062597634,39.51229788950961,13.620081777861117,50.92798969513807,5.776235599407665,52.12582205054635,69.75378661616705,48.385981506941796,32.748592835994,40.726988965621906,53.63143263151558,26.744485782966965,64.20067849955421,3.006370738841403,0.1,0.1,0.1,0.1,0.1,0.1,0.1,9.08908168820593,3.875870776857352,4.8401230825433235,9.204867822745236,23.716304412215337,25.16450778941117,39.925340268507455,59.13087327257699,64.70365989804658,44.631203926918296,56.30535342576196,62.35855546211773,66.44477819344468,80.24813594558826,97.84950040050128,48.05682085981703,111.18286209365637,64.86168755850855,67.5302986950143,67.76655795261425,57.114307950842345,75.60479523988141,62.01454096784196
k__Bacteria;p__Actinobacteria;c__Coriobacteriia;o__Coriobacteriales;f__Coriobacteriaceae;g__Eggerthella,4.1989977748874034,3.7930517056101767,5.5355398848929465,4.966061393558139,6.956081537108807,6.3951363943467525,6.365259445891228,6.184228490809134,5.630594235011285,6.172802548029152,5.667089751336747,4.2306602967101785,4.051336127177451,4.708343948036,5.1528098831601366,4.913793533193365,6.106255432107442,5.646499304184808,5.360333979028948,4.701040309899548,5.352848379249999,4.939531005725453,6.105722822651225,5.020066378707028,4.6859803701863205,5.3630858264952685,5.311538495966213,5.886435262077781,5.067889493081744,5.221643583624383,5.446138102390053,4.91495488112654,6.152802247152196,5.089434898170072,4.773331598833819,5.179196001201284,5.038310869877359,5.6560855579679945,5.3603722616746845,5.408850633025799,6.611192747608423,5.880473592642215,5.556891179471117,5.9197799379693254,6.50395393856862,5.052526377682483,5.980480037788039,6.9994682395537335,6.455531955539246,6.4948388997930095,6.013361402403097,6.0843459194869896,6.67404845964118,5.769501538641534,6.4302043178444634,6.350952148308393,7.807787253838942,6.356730496310885,7.998398981809214,6.0003053368180685,6.249550018632218,5.944735964063151,5.706018066166156,5.145998558795527,5.1818275033034835,5.144766865248159,5.437095880523539,5.1567244695305705,12.68668559927597,0.1,5.901034990743376,4.546474168082798,5.833021560059277,5.083879841686273,5.788554568127228,5.63401091358333,6.488760202439772,5.951245255799654,6.276857410720536,6.470926419748903,5.460403483181306,5.450909186237644,5.409705525504772,5.6728109090957455,5.245267063343769,5.341049503779484,5.295893660792609,6.38457505675016,6.088243322669578,5.782724239559076,4.6090035155129065,6.289671807925988,6.76422431641629,5.335968402281557,6.990974416058804,6.034937011792527,6.438785874553084,6.665516525870923,6.451221331481543,6.4804128282736935,7.254704872904825,5.951868296867684,6.985052715928794,7.054251402322091,6.241381295655082,7.628626129653442,5.719589665193317,5.613337067995807,5.050530007489535,6.309248291904308,6.207033228577519,5.659579313502445,5.130778186331717,3.044325763599081,7.374330447412977,10.319208705998582,6.7765003198859,8.09828846350438,8.984169380183127,7.175661982949486,8.908276534626799,7.832474532806589,7.8230431728161385,7.992725077283401,6.746768430750983,6.8567567702881265,6.543619719688491,7.406057062570796,6.503534123019823,6.12146708537683,6.101648735659651,5.91279274339965,4.931179017345596,5.626749308631263,5.028096346355274,5.446460913857894,5.835052910976285,6.472168271263709,5.1767758566409015,6.539235194051068,6.657705398031328,7.085847456502898,6.940847483190303,6.351518800394549,7.158203356321838
k__Bacteria;p__Firmicutes;c__Clostridia;o__Clostridiales;f__Lachnospiraceae;g__Anaerostipes,21.70692538047513,20.81247838748149,24.637570987163663,25.0320143940269,22.72868240694067,22.797223225851212,25.45408551122981,21.297476439970573,19.50880976853097,22.190200054212088,22.009961690023765,19.736626296806165,20.593636577158566,20.377975199416547,21.311208518429023,18.47579257574622,23.28146518322773,22.668548259946533,24.762697077096767,19.705561158814355,20.90024116508562,22.621407219680577,23.975988842927734,20.08770876382581,19.678977899815177,22.299060457815532,17.256121319098884,20.69118269269682,21.736270694484304,23.57212035987537,23.59959146965704,21.708593504990702,24.65444206969369,22.316102675831495,22.580797100939602,22.846849537560644,21.573035161707267,24.08787777752475,21.573420489568573,23.02331425538779,21.55522970229,20.578433061944825,22.14031423532902,22.38131564818882,15.88683554871698,17.343508129997808,16.613332824997773,16.758504393286163,16.11086918732964,15.570238791514955,18.121174129651152,29.781298222752408,17.245684883049766,19.48611900803307,15.952396205237935,19.788137273482008,32.08739779661242,19.214438582728256,33.92519503727932,19.78075503240861,18.47298213203105,18.32844754138784,21.111649066481405,18.318639138891033,20.45608159238993,19.053243146772303,18.527874582693645,19.77024826860953,59.85580865207938,0.1,20.417884297612556,23.182516768272013,22.098496692794747,26.034480654144286,21.29335657241055,19.537013142222072,21.216005556046106,21.739055050898966,22.015484840764703,22.25403671865189,19.81542628906657,20.631411125949487,21.87607965896224,22.76029737565878,23.36467203821044,22.438172508786693,22.61766935732005,20.30011852635637,20.70066308454204,22.58589900078936,23.275415417629052,18.996729981264547,19.770464238586946,24.565582341658693,23.41151776012197,23.004299578626714,17.680838179799853,15.970416797298837,17.165324821057812,23.139493584505768,18.622491797881363,20.5058211696756,22.73482703010292,19.3293068736926,22.47237274893863,19.666429831388644,21.347247031403008,23.519519109310302,19.17579531452321,20.128985116357214,20.97828038910989,21.406799065569945,16.384786877703974,16.39827897282525,18.654838067795065,22.04013715127932,14.04750474454868,15.465747595513015,16.34516118218967,15.51273413085891,17.024453346322847,17.253538170295595,20.6049246002722,20.30447529749605,17.355945756849362,18.230922173030038,19.460981606212066,21.794170428209988,21.60090338357418,23.308901284518928,24.02969135970829,20.789827687295045,19.97455343774192,22.53113711049685,21.614897650467686,24.55642913087759,27.94896717173305,22.646582562910233,28.162627213287355,25.13383993808605,25.795496319710693,26.887091959864392,25.056980752351322,26.153566807890247,26.27148903314565
k__Bacteria;p__Firmicutes;c__Clostridia;o__Clostridiales;f__Veillonellaceae;g__Dialister,389.59454304787073,398.8644644236952,358.51894838927774,435.8073582841784,129.67210211596816,193.32950338777428,300.13880715590204,157.8011294358176,148.27212218677013,193.8405781861298,241.79604311094639,309.3524673627884,362.25369498349266,282.4178204386948,270.4718735160971,185.93676593439946,243.61167657685883,269.7054913372555,382.4445306001753,257.00203070095347,232.70477375894737,344.729350306531,270.74122518490657,237.21324807190967,257.60316087994283,286.1159479150541,95.15284213374626,166.54455502034062,296.2727695341148,351.1157470126665,327.77956690056516,311.8209478451932,292.0680045125897,316.53146894920343,361.2155636439582,327.46050540421527,293.1258353542185,323.98692534629015,258.12644839786304,309.37089970766976,121.42861090210951,162.7978693995145,258.857770305832,228.79855281082592,0.1,126.71877885988566,0.1,0.1,0.1,0.1,52.56954259992168,499.3488456129325,0.1,132.28570989827523,0.1,80.84288005014822,401.8656918534605,57.85261917814704,452.77743333959023,118.67733352890959,40.6042211578984,68.10972959486718,202.54869326134892,154.5658735366049,233.9853342949212,183.3337070147256,131.07360015521823,209.98162239753944,953.8106198604379,13905.78770912632,154.30445570877774,409.33369008349024,227.20697360768696,462.07302808556364,200.6580784924879,148.9999934530426,121.51691304467093,200.34315781142223,175.7175929588277,163.91692228979255,178.72672326751822,211.56498478980134,264.5602196093571,270.4211655933373,340.46134010661166,293.93413926074993,305.84002482869363,97.14378278110468,144.97358387235192,251.67359967627144,406.1565908655298,56.65721461000387,35.22319620093524,377.4102677920157,152.4946082702916,240.56183073973926,0.1,0.1,0.1,197.39953866420228,0.1,152.20554245099032,126.76187481511977,0.1,197.3834502851204,0.1,210.256500747528,306.48063327505616,198.35603326807808,98.6627220757875,142.87995239755855,219.10206814878154,80.84154090064979,308.20585340735533,0.1,0.1,0.1,0.1,0.1,0.1,0.1,0.1,0.1,0.1,0.1,0.1,47.14401702723927,44.32483279068902,134.9135221229418,243.02729485208354,273.2774139387973,167.52403414285826,242.46640239107688,266.4965934693971,295.8681011683214,365.0407785336197,455.0299783514092,179.08284328525875,534.9258340107649,268.7414595132837,281.6519377011344,277.6534778003972,222.0824333761524,328.8975713587245,245.79155432154502
k__Bacteria;p__Firmicutes;c__Clostridia;o__Clostridiales;f__Lachnospiraceae;g__Lachnospira,690.3506476915088,666.6223753694486,767.9651276646454,793.5904536623817,671.0026013258919,684.8133411389673,780.3256890307973,635.5121962933729,582.832567890518,667.6330846558844,671.4382811781322,619.3272151653458,653.5732711788734,632.5613405279987,656.894871226004,560.4509466524278,707.9626983753677,695.3810714262654,775.9837469831732,608.6896272211593,638.1625641105172,708.0172856549866,732.7829299292073,615.878413650823,608.0450828927472,687.9231531577182,508.8258139225413,619.886481372758,673.7988647883094,736.26380911774,732.6978170528371,675.9079967117266,756.0646842937773,694.0749284123216,709.9331218428579,711.2158375431067,668.5669797015198,745.8875073537516,662.0571533130021,712.8676022397556,636.0710597401578,615.9796508091857,678.3268259765617,679.5851842900228,435.7595865089385,517.1938853095005,472.31452567839705,456.8599181139969,444.7432323301457,424.634899869735,525.5108778373667,940.590429672883,480.8543648890383,579.2083495330846,439.59536596411385,578.2191913732908,988.0582449466929,557.6087554731179,1049.846181017531,585.0580961094131,533.2938211045027,534.3050587017178,638.5606640709022,550.133702526488,625.7606614485389,576.3998256390406,551.7115205034173,601.770130782532,1881.162500606695,0.1,609.8281180938045,736.0226294948685,671.2398152543932,827.0135761110585,643.3796953085562,583.7708280206186,626.4334179138617,656.0053041335963,659.2842831275927,663.8747087850955,597.2327162296542,626.5732516513717,671.8693182893884,698.1255286573178,728.3749280477165,693.3388095005658,700.6653752590453,595.826884880036,616.137364389049,689.6693775026231,738.0745327475827,551.1901957362709,569.2167512502529,769.4360510674093,694.687739384722,699.5065279202447,501.16412063451867,435.4726667395311,482.4973087845683,695.3124227346303,518.2743816438632,611.9396910408037,670.6352640438682,547.5832257123783,676.3236100878207,547.9913878503162,646.7016795439982,726.4507720666096,582.6864127833555,591.2395379178354,623.6481003225333,650.0445228335241,481.3618536039998,524.1064435706685,517.0067354919336,578.2840960558227,364.5352603097898,388.42326232976404,401.8930843757175,408.7901723955475,427.69570083563474,457.67012226936953,577.577790174121,563.4082513268568,483.3200546540443,512.3476502814041,562.6300688756588,628.5058238655978,639.8832980122709,708.634634459754,734.7837892737073,622.8763406422291,613.6368120475868,690.8725865547206,670.2692742762542,766.8709771668484,880.1863868155323,677.8718897256321,901.1525359486037,765.3620222794651,786.5976948859203,816.9188210972342,754.4815421278553,805.5905534351155,793.462924664518
k__Bacteria;p__Firmicutes;c__Clostridia;o__Clostridiales;f__Clostridiaceae;g__,44.78427618827892,43.35387075753825,49.4594673180628,51.42372429724797,42.33262056503271,43.49698309171188,49.947271104931716,40.26170291531059,36.94134855192546,42.43151423101902,42.89848116855071,39.983880095870056,42.36681616284533,40.67708672679247,42.1322561593203,35.73109346623388,45.1775633041384,44.520875599649884,50.07287204089653,39.0710929833174,40.78637728483093,45.666847802277324,46.85075190452828,39.422858725106394,39.033916665133546,44.136147067758856,32.08583985674832,39.33242250209742,43.30698698405219,47.45333955674139,47.11954232698593,43.512802831954346,48.400425260862896,44.664694269751855,45.865155840426,45.782689401776345,42.966651355837314,47.921189000692365,42.393821272064905,45.79843878953559,40.121664384690646,39.07157032843749,43.408658219170334,43.342437005241756,26.66463281400745,32.7576800038468,29.34643472940327,27.880626813607392,27.290314526155942,25.91858538370585,32.91836180063109,60.86657227404172,29.633376805383506,36.63924913178796,26.95387272901846,36.33056961836696,63.34874476762988,34.93895203497213,67.43412410672576,36.93747829251925,33.34465367970381,33.53968186660966,40.66621696800713,34.93902997709659,40.02162841863432,36.709967489465775,34.92422190047926,38.415034314857614,121.51631169965832,0.1,38.648378466214105,47.718097099482755,42.81604102863368,53.627517448080965,40.95668313701026,37.003168370320566,39.52301291367749,41.739977676878794,41.82546806282949,42.0541042398731,37.9828023827516,39.96440460245254,43.03466101395395,44.69491001415278,46.91177010736078,44.510352274190474,45.02298181985715,37.503392994914535,38.995724422511366,44.07918975407525,47.83037677887149,34.53423021853869,35.5517659489574,49.641676611583996,43.914555527353116,44.63727263866622,31.10024171398685,26.57804911195443,29.836860144767183,44.16916332772479,31.91393516511623,38.769548120300676,42.295802636329384,33.97288085042046,42.98874149424464,33.761330485223034,41.20930007083009,46.62888024839807,37.1729271108134,37.22554234204808,39.45253140838255,41.45959597996741,30.309911417839107,34.05944756033297,31.77870191609579,34.68330696690632,21.75043697295498,22.810423926209715,23.3496205557521,24.567230580077236,25.120391058479232,27.588529774341,35.67463453841567,34.64893635000143,29.769305621095942,31.68008449755045,35.199619807971175,39.28090973621922,40.42343089161891,45.21652277356393,46.987312226088676,39.522978743410675,39.308763271427395,44.22520877785304,43.085643135319344,49.42279367089874,56.89889585742941,42.997044346182136,58.58606773617228,48.866258879267605,50.248305731811826,52.11385340002722,47.96572199363922,51.65592679987113,50.50273182500682
k__Bacteria;p__Proteobacteria;c__Gammaproteobacteria;o__Pasteurellales;f__Pasteurellaceae;g__Haemophilus,6.40900508766704,5.799836092702732,8.414517577967018,7.574239837084496,10.502542388569537,9.672083029757824,9.650841562185967,9.34662264025369,8.510901677622957,9.337430362564321,8.586643316859401,6.438841049262027,6.1805941862140354,7.152097824489576,7.818670982909039,7.439993595453577,9.248295163594037,8.561844796485389,8.156030182698567,7.135450792843352,8.111471600313244,7.514046344934938,9.253524193879356,7.611406670736492,7.112908795941122,8.138759498512485,8.018693455164712,8.900181464163225,7.696542648743943,7.940240694097503,8.273072582355827,7.469726640440205,9.32915230781636,7.733486958222152,7.267466169660749,7.871069083640764,7.651306781717771,8.58834565918483,8.128451560239597,8.21283684100577,9.981413566114382,8.890372127637951,8.424511085937235,8.964227515231462,9.7734196843751,7.635718193867746,9.004176087553542,10.515088722511528,9.703622660307538,9.757172206052703,9.065956160323836,9.272157289261106,10.03719321108607,8.716499460166576,9.664725995032104,9.58054906931367,11.845458233744973,9.584138680753648,12.143778601755983,9.060993698110064,9.418923531209744,8.966082018780162,8.636532568932001,7.782648992252831,7.854251517943367,7.787189612656473,8.215729484190684,7.811117988667589,19.314275084801807,0.1,8.919443148957939,6.936585561236051,8.833242312213516,7.757477058242753,8.760386825704257,8.516207950872342,9.797087499374072,9.005278875218595,9.490076139407703,9.779660959516107,8.261416978886515,8.254421531712289,8.204162503699191,8.601621064379499,7.973441872075603,8.107317591233304,8.041973514692605,9.63479854876303,9.199246946171193,8.762949042863701,7.030029217508509,9.482903212242594,10.192668256348213,8.118223999171716,10.560153823424198,9.14023360346129,9.692416860050344,10.0135026519342,9.7063733137357,9.801387849519283,10.909379330207717,8.99551585391119,10.545517107204473,10.618527462842293,9.441476420753217,11.47239817279276,8.658680683804812,8.52008790368043,7.64863744138008,9.52171731054259,9.377642529901832,8.570289975764204,7.7433426706304065,4.6523318080481,11.08688768308317,15.479127179148831,10.161265534888148,12.131814588998775,13.451887952821322,10.765329149829876,13.345337059118734,11.75349642035448,11.768563675216813,12.017347944194825,10.145884958340456,10.316416981787752,9.863155725417704,11.161093969387558,9.822310576942405,9.27106931760425,9.247953675925084,8.940085452373946,7.4787374782823575,8.531394040198123,7.6365364694845725,8.281841910626763,8.886946604809838,9.784902232836556,7.913545225890049,9.90581572414225,10.087065391638873,10.73082656957677,10.500147676626698,9.636545538325247,10.832689268321747
k__Bacteria;p__Proteobacteria;c__Gammaproteobacteria;o__Enterobacteriales;f__Enterobacteriaceae;g__,1833.8330446539976,1823.6435458787807,1865.4044791843273,2079.978578273422,1201.796389758353,1368.74850358729,1745.8384939938821,1219.8175601751645,1126.984900066734,1346.9116490986605,1463.8375289342096,1551.5192840075933,1720.7812514926763,1506.4506725453125,1511.211353898613,1184.8129382163715,1517.029067573483,1561.011593720293,1931.9437953410065,1415.1867384789166,1398.0348320392013,1752.8943296694915,1613.5606490856824,1378.6780302765703,1415.7245344627154,1589.2817767456575,903.9187795955407,1219.2611066287946,1594.0336915497132,1805.6484591474727,1746.4518967246695,1633.116945197962,1694.4988024640115,1668.452372267738,1793.905852362199,1716.9132041740008,1579.6826093132145,1755.2876026647214,1489.34315196875,1676.9448498557322,1135.7511056408607,1205.2876069298827,1512.856542834582,1444.4494228647393,379.22189353536265,988.742729764556,626.9644615640043,361.111264250758,423.9026160473488,337.84468991221854,826.9854034937886,2425.188743606763,520.0549666979862,1084.8489080018333,409.0193302786306,963.5656365333513,2261.498228802394,882.3291450496837,2463.0384414264586,1060.9571677543652,809.5163131445688,875.0107371223154,1328.248741319726,1097.8311107883142,1384.39726836815,1200.1210298348858,1045.1653816574337,1296.2668356956672,4745.682586394823,30873.180661168706,1177.2365857581055,1941.081176448513,1429.5518593173765,2186.027128237636,1330.2995790019038,1129.9398471674056,1123.0386105048583,1346.488736290718,1293.4605872819054,1272.096152794272,1217.3028365401858,1333.205393994766,1517.4981311594433,1566.3591459779957,1770.229546658314,1614.7718981029238,1652.3553478184756,1025.178582730962,1163.9352987881446,1511.3077578156147,1936.4230252203506,870.9381214366941,845.1200236944153,1911.4280024704,1286.763066268847,1498.5825133207986,646.4742186913767,345.4750785604107,571.4439109636206,1392.3123361229032,548.1477365837163,1175.172593400987,1194.5177688874417,702.4968151663115,1366.8220028011888,588.0711628116685,1357.1345651045315,1688.4121911367456,1243.5775788103786,1022.5716026896164,1169.12072143921,1382.2419600336095,833.7338516726406,1421.210552178213,519.061275119934,162.31545870754994,47.47433235946746,0.1,0.1,138.77798546723358,0.1,196.00949920599166,663.743190201626,574.4239237092419,514.9460464104294,605.4999472355951,864.0888264316915,945.8154891301393,1172.3059755349198,1516.567042829644,1622.1566563428553,1225.5527541147223,1387.9229741483068,1547.485674704169,1588.3589595188848,1879.145851717992,2240.8771658396504,1326.2229107962678,2455.2862461902882,1652.5668596684234,1711.1367999420636,1742.4557355362995,1529.1803019045478,1846.765166369762,1636.7176962276794
k__Bacteria;p__Bacteroidetes;c__Bacteroidia;o__Bacteroidales;f__Porphyromonadaceae;g__Porphyromonas,25.209881349818783,25.360967092370792,24.68182800953711,28.438843179240003,13.321841851770024,16.334720684929064,22.19840684534276,14.188345364786642,13.171714159062116,16.16566922108986,18.36163405978581,20.812876593429152,23.571128491593967,19.75127736466061,19.48678893349594,14.612914064026626,18.851350704186398,19.882484504291057,25.845819394770928,18.3431989355614,17.58151161506777,23.392647741438786,20.34698578731903,17.534923740746994,18.362989444115073,20.536048304956005,9.959317279606964,14.406340516553886,20.83429145730282,23.99510321536239,22.907340112677197,21.55605308364409,21.564854091148952,21.970606979355157,24.15437159693398,22.652936661612216,20.6345085050189,22.88443554987943,18.99010995950869,21.859082917482343,12.561283880338427,14.194434140728712,19.20477481606658,17.869029320053595,0.9246009720850308,11.470303990652983,5.16037194084563,0.2669997345070685,1.6535329109221215,0.2906234798040108,8.233582267221731,32.934998872542465,2.976602130854585,12.413341504907985,1.4422714605761635,10.092247797898215,29.08800564399581,8.829534724960924,32.064719297243826,11.86763262373766,7.783259544716872,9.029695096260161,16.231802504997525,13.088902458863945,17.500415305764456,14.674263528939598,12.051615631524445,16.154418335738978,63.85413958919379,611.4897245722951,13.744289940527954,26.606683360469045,17.704294210090126,29.99182906782851,16.200760501215658,13.214884909658494,12.457541762868715,16.32771891898157,15.258553314991104,14.779945636231751,14.700209004902911,16.502711246832586,19.38867605921572,19.945293052141288,23.428503589517398,20.94764773192759,21.56416071733117,11.021017659677,13.395797537014206,19.008930657027573,26.486947227890425,8.704123257143985,7.943088361371492,25.546580893143602,14.611383829117408,18.61989387944871,5.113808033616757,0.27893261811175496,3.9421599719084086,16.634820041823257,2.969878935676338,13.67363657570844,13.187052908190909,5.5132159990081835,16.42188445882416,3.303728253632949,16.668902923215096,21.881096896577677,15.419097735594013,11.037958816465276,13.385720736864984,17.103471528407635,9.009739821787733,19.69722983716827,2.4283104946438208,0.1,0.1,0.1,0.1,0.1,0.1,0.1,4.3279058713617475,2.815267186091424,2.8421289434542523,4.1610683941050395,8.404781828786144,9.014393614103858,13.20942793507836,18.83261840645972,20.48323427847996,14.483737754083204,17.745765072988355,19.688003572415145,20.776674214067608,24.962462763635394,30.269804061293268,15.617399188444418,34.09183699872537,20.621280276607514,21.438348375943875,21.59765720774312,18.404460798545845,23.77217090017828,19.904762321802444
