,0,1,2,3,4,5,6,7,8,9,10,11,12,13,14,15,16,17,18,19,20,21,22,23,24,25,26,27,28,29,30,31,32,33,34,35,36,37
k__Bacteria; p__Firmicutes; c__Clostridia; o__Clostridiales; f__Veillonellaceae; g__Veillonella; s__parvula,1.175232953105487,2.8161425967278886,2.4789486179011937,1.6970199899978156,2.9566838762358,2.3200319777175595,4.169271716815208,3.727713557556111,3.5554589979693696,2.576956087341184,3.5284347455848053,3.03914263834111,2.5003854968286823,5.088416501292493,2.6996142827315928,2.1010102501767527,3.0689065875239376,3.633917871357921,3.4693119517064908,2.140038711543648,2.392370984427775,1.6500604077064989,10.088536121168179,13.915928642590186,3.5682352481780004,4.0478244366171765,3.6095199839374357,2.3032006021912883,2.9795684278674823,2.304389215941708,2.665837009232876,2.062793427562499,1.601765162033569,3.3148831321750407,3.0401644195284505,3.540090098814064,3.2615013815166125,3.8470847192288327
k__Bacteria; p__Firmicutes; c__Clostridia; o__Clostridiales; f__[Mogibacteriaceae]; g__; s__,1.4169886614276803,4.019582563055868,4.032778448027466,2.266513980034837,4.191599256415502,3.0950391391015666,5.036717130360086,4.342887586680516,4.125735959012158,3.1679361056912168,4.462809618482943,4.6878100344972315,3.4142845827606005,6.344863694503919,3.4698805316752406,2.6837698358765016,3.7069790319256737,4.632966155966358,4.313091291469459,2.163372192375302,2.2577306831788637,0.1,9.224724651900818,17.27504193099292,4.241874873051652,4.2396818936689415,3.5570635296679374,2.7513016736385167,3.9142516261418634,2.8362926908433663,3.416666008868246,3.432422117006532,2.4517550143981968,3.96441885574248,3.8294953432427414,4.188711492882868,3.945646174825853,4.5222293953924435
k__Bacteria; p__Firmicutes; c__Clostridia; o__Clostridiales; f__Dehalobacteriaceae; g__Dehalobacterium; s__,1.2301697728739196,3.5467843244050505,3.5966774812026157,1.987874143899586,3.6963568240298894,2.7142480891939407,4.373561761896541,3.7564251753869997,3.567036780910954,2.7558430620858867,3.893519588449623,4.163480299393947,3.0007246239118714,5.527546708531821,3.0320853080560277,2.343722906094615,3.218862866096845,4.045177521560877,3.756358263177951,1.8399735294115904,1.9026727070498188,0.1,7.739380841092684,15.042925937595507,3.677087992029489,3.6220331578895952,3.015297024729141,2.3862118219432373,3.4276518305752317,2.467648875053168,2.9847430834749717,3.066445108156288,2.176172040453768,3.4387775339776594,3.3396185842779107,3.629173022604395,3.4266545982066883,3.915365132083264
k__Bacteria; p__Firmicutes; c__Clostridia; o__Clostridiales; f__Lachnospiraceae; g__[Ruminococcus]; s__torques,19.50659213053752,67.25519132804288,75.45395345165261,35.41093419420654,69.67220005675837,48.29403161948034,69.52358673532436,56.88875741641221,53.718662968628436,44.77327219481888,65.41917903703813,84.08165263167533,54.63301199098669,91.35032312173134,51.872277492388704,39.82108600889175,51.160459155790136,68.58238873289505,61.8600784758269,21.819045627386107,19.10937898523049,0.1,70.85397747942706,247.29484210013862,57.241441020928036,46.12515090737874,33.783857779483945,37.38443338704985,60.02995751013914,40.150357359599816,50.90118046390321,65.30620196127985,43.692600133007886,53.956950341971066,55.84894192686338,56.142325505383795,54.56927282384197,60.03402766925006
k__Bacteria; p__Firmicutes; c__Clostridia; o__Clostridiales; f__[Tissierellaceae]; g__Anaerococcus; s__,4.542289663628333,21.686362755686933,27.647804509863306,10.373515378150561,22.273946384942487,14.120237132842801,16.28371712340423,11.783055096729125,10.95351594319384,11.013578641477244,17.246742996280513,29.459910214371604,16.579019355716156,23.29634789771857,14.153882043642373,10.726239496354518,11.978555865328092,18.398200653239623,15.660780221919222,1.0561147671929103,0.1,0.1,0.1,62.37792735947665,12.746313838138322,4.554259601480206,0.19230975573795334,8.457323997760659,17.084785507077573,9.908059418594934,13.807185158649288,24.33298099107529,15.19904025035614,12.251924823764904,14.587634703684618,12.304743241281722,12.834635348667366,12.857354782644384
k__Bacteria; p__Firmicutes; c__Erysipelotrichi; o__Erysipelotrichales; f__Erysipelotrichaceae; g__[Eubacterium]; s__dolichum,10.121372900939127,13.605115859835534,3.5398563812679766,10.854918456479506,14.771731386617935,14.900727203071567,35.73969529747529,34.6911501413018,33.369096223990155,21.154719579574547,26.829768907356247,8.712398804903298,14.717341603486984,40.24471778119362,19.582812598246,15.525668334522365,26.31459400385504,27.005038876364488,27.658715529329573,25.54293309175047,31.296777163131328,138.77441150394841,137.02791024870172,111.37678139897275,31.76053280514049,45.793509376742705,44.648645201346405,20.273930942941693,20.171287588301198,18.8586157777143,19.504984938214125,1.6379172827301585,4.914822138662778,29.10068958089819,23.38562102486012,31.846191510798672,27.863156135676174,35.11499963900972
k__Bacteria; p__Firmicutes; c__Clostridia; o__Clostridiales; f__Ruminococcaceae,0.5942171170690373,1.7420979526841354,1.7856150179096302,0.9704114143546926,1.8144655993309515,1.324854895651731,2.11304358229638,1.8074761788850096,1.7155569111802256,1.3339893279534232,1.8903595686729304,2.0584579442120603,1.467942215945335,2.6797087367058325,1.4745506660169936,1.13906883732005,1.5551420504687206,1.9656038194174947,1.820477466131104,0.8694902635058817,0.8900676636423853,0.1,3.602448217368676,7.289251185868419,1.7733754284314092,1.7199321986965548,1.4197257291445402,1.1514395819190646,1.6705654192018826,1.194641862086422,1.451104924191868,1.524932585462228,1.0752477085457444,1.659558547230557,1.6207418612247046,1.7493412732946236,1.6558116211412222,1.8858882217590325
k__Bacteria; p__Firmicutes; c__Clostridia; o__Clostridiales; f__Lachnospiraceae; g__; s__,243.0051128543306,889.7330082664847,1026.771425782681,459.46083400314336,920.0563713573317,626.3850007803006,866.9102820615735,696.0874634071026,655.8089176986878,562.8288753079644,832.3053251616399,1132.5556050610435,713.8171684830344,1155.4421849605392,664.0746552368114,508.59375375263124,637.8990218186178,875.2845382410197,781.4459397138214,237.14910450488446,185.94206032572015,0.1,638.2889632867848,3121.97922073806,708.0700939250987,521.3257631675393,354.76569233992967,463.584059630915,774.5821939336214,504.98846290071253,650.9386965715008,892.1569964656463,587.5823130146043,669.4824658043084,709.3746431556959,692.7789537797822,680.9012513634083,738.2146252715272
k__Bacteria; p__Firmicutes; c__Clostridia; o__Clostridiales; f__Veillonellaceae; g__Dialister; s__,15.446355741865649,59.17867435384029,69.65394971418303,30.131663689161435,61.11692814141631,41.06720136078742,55.14536376597154,43.608533188039225,41.00849113930324,36.03152509728513,53.78127267444808,76.29225084069405,47.05264781290077,74.32603600788761,43.114723023439524,32.961153368533694,40.57582389904008,56.69385803035228,50.218729381788386,13.32158063141532,9.184355340629708,0.1,28.216586311348323,200.5323577295087,44.753887677850926,30.44361901218637,19.20838361661883,29.359230639650985,50.58810215929674,32.342320595205216,42.22724846096102,60.68285485032925,39.53709933818569,42.418868607954494,45.77981588033046,43.701089316390274,43.33634508188031,46.435179248016176
k__Bacteria; p__Firmicutes; c__Bacilli; o__Lactobacillales; f__Carnobacteriaceae; g__Granulicatella; s__,0.18155385362679455,0.19657770624588414,0.1,0.17795004209932772,0.21730901126910512,0.2446395283181028,0.6403423608098135,0.6338115803807219,0.6108166724619323,0.3748365610741921,0.4654034034590331,0.1,0.2336086127255492,0.7059473263735374,0.33492414692933664,0.2670437553506753,0.4715075386784516,0.4652790552789775,0.486237756386082,0.4898859206165024,0.6090582240223709,3.044559157314456,2.6814853533350553,1.9600816034283064,0.5743017843083248,0.8701638619687571,0.8613510674666615,0.3656206655824711,0.3373555939508873,0.33387850565767313,0.3344779046811799,0.1,0.1,0.5244599737363059,0.4070154973249881,0.5773006601437387,0.4987943064277494,0.6387210929803299
k__Bacteria; p__Tenericutes; c__Mollicutes; o__RF39; f__; g__; s__,13.403479867960991,50.75997331523917,59.451716565399344,25.937526405823306,52.43944847144176,35.35340574471178,47.84276409229835,37.98486621937849,35.73767069937494,31.2083946246473,46.47057449458233,65.231408920341,40.450696429249355,64.29705601406711,37.2086841573124,28.45903666106831,35.202998404869064,48.957193503590496,43.45358918581892,11.955116853721595,8.564125016811165,0.1,27.27234794051526,173.53982828515606,38.892174541470155,27.025039333611907,17.421936418717582,25.500654282192155,43.59234259919708,28.009962297057747,36.450428654910596,51.760615486631,33.814416362546744,36.83940757092082,39.56966263198546,37.99685241875105,37.592302456966245,40.40408183530343
k__Bacteria; p__Firmicutes; c__Clostridia; o__Clostridiales; f__Lachnospiraceae; g__Roseburia; s__,23.34489142639649,50.44957508772281,40.05901587904725,31.770847911582827,53.21873213006351,43.465917279806064,82.73252168773992,75.38154491592726,72.04311398872628,50.653263686044816,68.25447642910704,51.36619004875585,46.15302131041168,99.2317430482597,51.7345559355385,40.410095026669815,60.901359761982434,69.97175677069372,67.77002725733223,46.177185072510156,53.035821492756284,97.00489307242414,226.2542260928772,272.05924965764945,71.41075362626194,86.04337808106729,78.69292011458981,45.976871609313726,56.35582849869821,45.265434031304295,51.17346621409658,32.65980877626414,27.238841527865066,66.13172790313557,58.947810349545094,71.0208277738856,64.67029898242613,77.44119929336667
k__Bacteria; p__Firmicutes; c__Clostridia; o__Clostridiales,2.04831536417913,5.613405857724105,5.499946919957422,3.2067487813632622,5.861253229657719,4.379991953647596,7.277690645899278,6.325704700373099,6.014790904093363,4.560160225502703,6.385328232897932,6.4532629208063135,4.809334406082333,9.105545223423977,4.947991768274789,3.831960345153077,5.356452540800311,6.6177275849124495,6.193669025916577,3.2588737936142342,3.461541178486037,0.1,14.262721721406058,24.815021828328128,6.150868305154103,6.330967269505115,5.3928863628356325,3.9852303054450258,5.5566183169125045,4.0817055211632285,4.875011288196268,4.663237614054896,3.3797708972800047,5.740949374147418,5.483929314505212,6.080089720198803,5.6994179318093705,6.573768645372592
k__Bacteria; p__Bacteroidetes; c__Bacteroidia; o__Bacteroidales; f__Porphyromonadaceae; g__Parabacteroides; s__distasonis,55.13767554869634,181.57265168444718,199.00929738221961,97.08022509051618,188.36954903727226,132.43836698888964,196.38276255512162,162.8758370706741,154.04455088781089,125.72470742681276,182.06414638476397,223.67536522227402,148.964727436782,255.3455733917218,143.684925160294,110.50074764277115,144.51848376739585,190.41785857175125,173.07613194609084,67.37308676017757,62.58300881120748,0.1,240.4553631642343,692.2208872641087,162.62503590158656,139.13824142061242,106.36139986089937,106.02264819365,165.28320661502354,112.69860363306708,141.11073205517187,171.67329056476592,116.3870262816678,152.95809548238432,155.62247126928008,159.78111466322034,154.0656699488204,171.28218337125813
k__Bacteria; p__Proteobacteria; c__Gammaproteobacteria; o__Pseudomonadales; f__Pseudomonadaceae; g__Pseudomonas; s__,13.120403433555763,22.221846523806292,12.258063065457295,15.690571535734806,23.7529816285845,21.503492212161582,46.401530101673146,43.85622088100497,42.07291149858621,27.870264960839556,36.31176389888111,18.813393580632784,22.01361917312921,53.710250806328546,26.964410474253093,21.232198984201144,34.161533653898715,36.85469686138278,36.810091699765294,30.048625052422327,35.96540286571627,126.25292927608528,156.03689416888963,148.02608269947402,40.727804164190296,54.65443785769064,52.037814869298145,26.092509681267824,28.512106608097124,24.87171705116692,26.771766996136122,9.068205572077119,10.195114878836373,37.48563863806464,31.519402933820228,40.697574421769644,36.21636124268186,44.66584926468092
k__Bacteria; p__Firmicutes; c__Clostridia; o__Clostridiales; f__Lachnospiraceae,180.0659216011665,602.681960038433,666.1566302341593,320.46907258018496,624.9188409333877,437.14351096661187,641.4895299779572,529.5524313433867,500.5644180521877,411.53278625458944,597.8209173496717,746.3924761580693,492.6982608898169,837.1580246794239,472.5833105452822,363.210540591142,472.0667468142127,625.7707015319885,567.2479574275709,213.53733821017258,194.6286118389617,0.1,739.5378570634872,2268.345871661127,530.1534688301023,444.4204405012085,334.98101029302615,345.8439043220431,544.7800514120888,368.9459860386871,463.9823214629817,575.3500122648287,388.1893741469968,499.0194985808438,510.7750215351407,520.5667543454289,503.34589620177786,557.556485126164
k__Bacteria; p__Firmicutes; c__Clostridia; o__Clostridiales; f__Veillonellaceae; g__Veillonella; s__dispar,3.049129195334872,10.536579321754331,11.834113056647125,5.543562325462612,10.914486157040017,7.560296469093563,10.867795806973604,8.886671510023993,8.390785450489195,7.000948702787764,10.233782898225943,13.181956747973876,8.555030955902227,14.287196031093126,8.116472257616321,6.230269448064075,7.997289929284969,10.729867188994245,9.674467366096696,3.3947414062192776,2.9632044816363847,0.1,10.963610393472702,38.67421916138983,8.945271386692161,7.1855802184650175,5.250616530893336,5.842686994188565,9.395684223620648,6.278213781954646,7.964202466372048,10.244140642399557,6.849504373193248,8.432928881464854,8.736136583118371,8.772734377111059,8.530376424794943,9.37966415423062
k__Bacteria; p__Firmicutes; c__Erysipelotrichi; o__Erysipelotrichales; f__Erysipelotrichaceae; g__Holdemania; s__,1.0376412766277965,2.9218267351511984,2.9169239610807125,1.652088754605067,3.0477031870270603,2.2561220359854968,3.6879788552480464,3.185499159742776,3.0268103842999436,2.3177234462415885,3.260817252443243,3.397302445941304,2.4863687886580657,4.63897891078719,2.533487324152465,1.9600629552664413,2.7143346999671247,3.38392927186907,3.153902316255236,1.5986742646258612,1.6750547934197255,0.1,6.857129379273107,12.633046624285786,3.108361707593972,3.1268976881012027,2.6323748774992928,2.015631698943758,2.8551871016010284,2.0749698938539094,2.4949524439057784,2.4807126297454354,1.777324718795354,2.904212409906957,2.7985976906166874,3.070098148925607,2.8888834025782697,3.3155997555867405
k__Bacteria; p__Firmicutes; c__Clostridia; o__Clostridiales; f__Lachnospiraceae; g__[Ruminococcus]; s__,53.18528106665526,130.63696966936322,117.5240712179115,77.92605993671312,137.01029687326502,106.51615884314519,188.7308650931018,167.92242120161933,160.07862655456933,116.9317582180708,160.7462680126543,142.77137302070975,115.19869240761084,231.349379523587,123.27058432179285,95.85148507954928,138.9182977873699,165.73971254502814,157.6695090062829,94.71545122006162,105.0613286996368,37.331190434683656,441.5254673170275,632.3059911474438,161.17202775694943,179.9072088073275,159.28328731144498,104.10018662762128,136.48631224973386,104.58133786165152,121.678115180309,98.18666267644623,75.1501196680277,149.8498261170429,138.42142592078264,159.79997117900626,147.66720264923373,173.5057059652729
k__Bacteria; p__Bacteroidetes; c__Bacteroidia; o__Bacteroidales; f__Bacteroidaceae; g__Bacteroides; s__,748.9170217936689,1865.6458947845504,1698.559179533645,1106.5191160331194,1955.4978182040072,1512.3403925790162,2657.9823576141725,2358.219215317061,2247.372657943184,1649.095957145181,2272.2379213793656,2053.2202241753394,1638.859900325727,3266.4693143978416,1744.7993843032282,1356.0105170533595,1956.4312117604584,2344.349804070536,2225.6320664521377,1316.275140623653,1453.1783474173258,220.23570355818427,6094.2922196340505,8924.44959068764,2266.983217068408,2506.5169175416536,2209.6569758872024,1464.7896483924387,1935.3627729066159,1475.0603871091605,1721.852918676291,1422.1391083313638,1079.9841280944245,2108.7239586567284,1956.009616965908,2246.85850450901,2079.8970108265853,2438.3205593709768
k__Bacteria; p__Bacteroidetes; c__Bacteroidia; o__Bacteroidales; f__Rikenellaceae; g__; s__,240.30330848766386,1024.617482489669,1257.4999905736806,505.47776515465597,1055.1986522776986,688.4893961873645,859.5425730861997,653.1709780182088,611.1452331955322,570.6925820659131,871.4264225386397,1357.3761381362485,798.5614587351698,1191.2420430057539,706.5477466042978,537.8643377059516,632.3774091758261,923.8963416588107,802.9387693168402,137.80865715381822,38.48617392326892,0.1,0.1,3202.4347366452785,686.1921254269002,366.88339033017394,166.41773860627956,452.4712263975565,840.6068623626555,512.7977059909484,690.6608465226946,1101.5119004629807,701.7849679502963,654.5314981197256,739.5163544756931,666.6106708686675,676.3986024672799,703.0447514692488
k__Bacteria; p__Bacteroidetes; c__Bacteroidia; o__Bacteroidales; f__Bacteroidaceae; g__Bacteroides; s__uniformis,325.2298409641084,626.943524018052,431.14452446525286,415.8149808272898,665.2102041258782,569.3386954667561,1151.3994032922224,1068.6203571461647,1023.2616283409034,698.2741860931454,925.5292615630073,591.1512379381411,594.3961175067889,1356.9473721606132,694.6049756383667,544.6653335234523,847.6251376716458,944.2278075620711,928.3177809480252,694.0130507126836,815.0861186355372,2239.2669204902195,3509.466117179973,3729.825744517083,1002.20241410743,1276.6392937996204,1192.981223896052,643.6513798895569,745.9958842893283,623.5791994874037,688.3068209265492,340.05154940977764,316.1857434622348,925.2511505525284,801.2969803637951,999.1083734650841,899.3473867453827,1093.007960258154
k__Bacteria; p__Proteobacteria; c__Deltaproteobacteria; o__Desulfovibrionales; f__Desulfovibrionaceae; g__Bilophila; s__,23.19732352916451,94.77260035063972,114.47106191796044,47.33452220114748,97.70770613642652,64.48850544904353,82.9097725581907,64.05816016361922,60.063995171835174,54.68741048006694,82.7394331740996,124.24768235333354,74.43938196170866,113.6046012633703,66.78077588119423,50.9238661725119,61.00072787119122,87.51966449247097,76.64800690757673,16.066685796276836,7.870016225940361,0.1,14.600825559055696,305.85113789321605,66.64077654816529,39.664447591679355,21.334644193016103,43.84891852064509,79.01382183399387,49.11854858846226,65.32994570085557,100.06655550055359,64.29547534751867,63.398770396064855,70.30135580092796,64.87797391116112,65.20746611840872,68.63788863086671
k__Bacteria; p__Firmicutes; c__Clostridia; o__Clostridiales; f__Clostridiaceae; g__; s__,6.760977971719741,23.48280053213213,26.44028254151269,12.334217837708627,24.321242449088427,16.820833920621165,24.09955131792855,19.675789083620604,18.574425039845877,15.535194189592927,22.73179400771519,29.42501267164937,19.046002697679924,31.719842299688853,18.038204626128007,13.843509073498476,17.734065144033,23.84001642392858,21.476574219299874,7.44746922543221,6.450401665359564,0.1,23.747175368451014,85.84926646371986,19.823207456583713,15.810184645059525,11.49017247464698,12.950345277774675,20.895123384215886,13.932063975756627,17.698177509711787,22.895877033640467,15.287423842396754,18.692531813735407,19.40244907924843,19.43694999153595,18.91733914991938,20.775708275943845
k__Bacteria; p__Firmicutes; c__Bacilli; o__Lactobacillales; f__Streptococcaceae; g__Streptococcus; s__,3.9911454368502657,8.288660834383734,6.285989786324918,5.312883069974497,8.760705616898916,7.270628249788863,14.139039372009046,12.96930274890198,12.403650526880105,8.627090816392258,11.556676097838428,8.230109661543112,7.675159738560092,16.85205513057341,8.728915028001962,6.827531225495889,10.40831467916119,11.827105764295904,11.516129679288975,8.119367303406383,9.40507975219226,20.519887614859144,40.26565664837988,46.24483238232696,12.241241589672596,15.055766697705481,13.882190314640491,7.8742544634277145,9.461405821248345,7.707584646090388,8.63972045319551,5.074133026137608,4.37631667620067,11.323616641371467,9.989609073259489,12.184942695714087,11.049190340924707,13.302340988068018
k__Bacteria; p__Firmicutes; c__Clostridia; o__Clostridiales; f__Lachnospiraceae; g__Anaerostipes; s__,1.4599673883823818,3.834198676065873,3.6411229164027614,2.226741448840192,4.010169975193603,3.04231017229837,5.1846658419297995,4.549278609908582,4.330199697270216,3.2340488945473984,4.495491049723261,4.326066157455385,3.3211200495475244,6.434053495286522,3.4693006652989227,2.69103923849433,3.816081485022899,4.6496494272562146,4.379849481668448,2.4342520467754563,2.634810408156457,0.1,10.951635079864662,17.554560081665162,4.400263117506992,4.683790772245882,4.056366334782027,2.8473990891404535,3.8745516847568777,2.8938270084532123,3.420621219094351,3.0711015544400495,2.2698469912075163,4.100599034339863,3.8649283830819607,4.354954686376979,4.058809968847089,4.716622965265243
k__Bacteria; p__Proteobacteria; c__Betaproteobacteria; o__Neisseriales; f__Neisseriaceae; g__Neisseria; s__,0.6717147370612503,1.3649973915431757,1.0077729410663157,0.8835727881907459,1.4443198544771254,1.2093462667182364,2.379147425756042,2.190037697506092,2.0952924865227205,1.4490244644602241,1.9349807433908424,1.3359510746189014,1.2725375400885082,2.826143367970801,1.4587580960080475,1.1418462493590242,1.7514068728536782,1.9784291283045368,1.9319260680541877,1.3865344713620549,1.613007875371535,3.8044034640632622,6.91800721771631,7.759202801211629,2.063117785869222,2.564700410638184,2.3745941934095707,1.3264812940621415,1.5769032943425263,1.2944149502783098,1.4443467302347062,0.8085541683816009,0.7115258134345864,1.9073341316178318,1.6733849109666366,2.054566692251136,1.8589568824709688,2.2443864832134657
k__Bacteria; p__Firmicutes; c__Clostridia; o__Clostridiales; f__Lachnospiraceae; g__Lachnospira; s__,80.65000430100194,243.2449234056986,253.72385514268854,134.109853866635,253.09494848378108,183.05928492560363,286.89907942033796,243.66736622830237,231.08855825302842,181.71861586932025,258.8404746901436,290.533189775475,203.58865121552643,365.9874891131796,202.4744679016734,156.2400619124023,211.1451218984016,269.5211301406343,248.50132478897962,113.46999446533268,113.97652212938557,0.1,456.9243780296391,994.7406787899023,240.03331653986208,226.4567440594181,184.03203613424128,155.99909017175617,230.24226285588082,162.7729493701742,199.15625049874507,217.2687440689129,151.6077771702929,224.89070013353475,221.76078600877239,236.5618194639177,224.87878579165317,254.69561854714527
k__Bacteria; p__Verrucomicrobia; c__Verrucomicrobiae; o__Verrucomicrobiales; f__Verrucomicrobiaceae; g__Akkermansia; s__muciniphila,210.35616072790688,613.056574734068,626.0032115646569,342.2400584880652,638.6601005078147,467.26192931001066,747.9718256966396,640.7448728435988,608.2603683641762,471.8830516675317,667.9762677039731,722.7106089518378,517.3194059313913,947.4034030321063,520.7401951191613,402.3547935200074,550.4892627338849,694.361432951538,643.6970277753417,310.246263842556,318.76012385187613,0.1,1292.5021040589004,2577.5273280659976,628.1384070803144,612.6190375639487,507.2471957556575,407.7664696065969,589.5047776113988,422.57088853394475,512.5134245796313,534.2976844771006,377.59495175431056,587.6825176083229,572.7913538522813,619.7428109487385,586.089047177094,668.2957336901237
k__Bacteria; p__Firmicutes; c__Clostridia; o__Clostridiales; f__Lachnospiraceae; g__Blautia; s__,56.34277432461806,134.77093093646982,118.44384308386394,81.27343089842894,141.50774555427034,111.1119980116128,199.87859498578868,178.7715820535284,170.51702835295887,123.52048519187453,169.07929634118966,145.30839248719712,119.71932797015845,243.867167858606,129.34170179147603,100.66830257095434,147.12627890415115,174.11982182264697,166.27500294297204,102.75759520563088,114.93556022489786,81.91433040406534,484.79265521490373,666.9636539030291,171.09081016167283,194.30636607519568,173.35253921861528,110.4294426220682,142.72212772644656,110.45429712606581,127.72716102695541,98.5305289318852,76.59135254712847,158.93388406863684,145.6878922951357,169.74887502572105,156.35713688014656,184.480831716287
k__Bacteria; p__Firmicutes; c__Clostridia; o__Clostridiales; f__Lachnospiraceae; g__[Ruminococcus]; s__gnavus,3.306870918133221,8.27017790676542,7.5541563287886975,4.897299783803042,8.667055347872468,6.693227999300023,11.736927200283626,10.40494445912036,9.91500690814626,7.2847997447451664,10.043959891398226,9.119118038323652,7.2571554890613745,14.434086187672865,7.715366487529807,5.995318556024103,8.63904563003999,10.364599980221296,9.834104767341987,5.790454100658791,6.3840770812270735,0.5940328946186467,26.757238115403954,39.43197158104919,10.006819173062787,11.034404768179073,9.715618965693325,6.466501689863068,8.562343145140321,6.516183361045932,7.613398207709481,6.328503050068363,4.795687389794343,9.309471459520859,8.645330305403835,9.91696113434961,9.184547959503274,10.760470490944524
k__Bacteria; p__Firmicutes; c__Clostridia; o__Clostridiales; f__Ruminococcaceae; g__Anaerotruncus; s__,3.09143939455644,11.518716350730084,13.396448428768153,5.915679442051277,11.90530228130733,8.064001754030231,11.031710838304749,8.806874141934758,8.291433169558301,7.179630872789483,10.655101457795132,14.735673446118124,9.208873112877873,14.76632797788966,8.516965058447122,6.518377481246969,8.117330928349494,11.215627182470355,9.982975568774282,2.883487544873125,2.1648605006348376,0.1,7.179268099656911,39.87583175156304,8.988531135061672,6.427017529850983,4.258743308214582,5.889356757189837,9.957006683329453,6.442839564145952,8.345855350233077,11.652361740307837,7.641666847721112,8.506598060954257,9.076935616268432,8.787846404739486,8.666458612461323,9.354140357704745
k__Bacteria; p__Actinobacteria; c__Coriobacteriia; o__Coriobacteriales; f__Coriobacteriaceae; g__Eggerthella; s__lenta,1.0188412475436928,3.15390306024336,3.3407715956961224,1.7228038133760946,3.278670124502316,2.3512173337653643,3.6256304170989577,3.058532782726328,2.898397906177007,2.3035308731447484,3.2969706676113706,3.803131148850909,2.623776095101153,4.650697209388425,2.58573518890544,1.993305933231704,2.668248500322437,3.4374766973543287,3.1561758106752302,1.3793340626711523,1.3584876901716765,0.1,5.390732322943162,12.630882740679867,3.024472556064298,2.7776129970555106,2.2216562559517627,1.9673820977987244,2.950389877288345,2.06380231000857,2.542195338595212,2.867439971149236,1.98280854977732,2.8368142436690467,2.8227576909782552,2.978121460042439,2.842581932283587,3.2024486171246576
k__Bacteria; p__Firmicutes; c__Clostridia; o__Clostridiales; f__Christensenellaceae; g__; s__,34.277717075365736,110.35504683542743,119.49739725670445,59.46099829769239,114.57013552840513,81.12943543324442,122.04667147801716,101.86914727454727,96.41722667450728,77.91371095621321,112.34133464619673,134.9141752629497,90.99179334197672,157.89383585706616,88.45610000277685,68.08664570745206,89.81614987514172,117.36083017677284,107.07091271078959,43.57016787215462,41.441100395368,0.1,161.37152164379373,428.32855747123375,101.34410744101564,89.09037336522087,69.33724918953766,66.0155206733156,101.45117671030252,69.82786884976254,86.90629655143118,102.90202152570428,70.24992156249371,95.2211216014512,96.083587323473,99.6538770162853,95.7252962359095,106.9519370498641
k__Bacteria; p__Firmicutes; c__Clostridia; o__Clostridiales; f__Ruminococcaceae; g__Ruminococcus; s__,71.24128134874275,201.59391557479358,201.9232617812525,113.77704548603168,210.2402775878725,155.3708514315111,253.2208977821151,218.4660469785491,207.55594715226783,159.22439875404322,224.20861961655586,234.8722173781429,171.34038679051054,318.8308474163606,174.28250106031197,134.8108117072078,186.3686748158696,232.7292958318521,216.7437288114033,109.09867865164732,114.00974842300056,0.1,466.1265463426082,868.1340959190636,213.31483120079014,213.66656741047908,179.4695749753457,138.34636303190356,196.53891212033543,142.55291019279747,171.61699961681774,171.81789998408738,122.85146996602366,199.34300733310025,192.40327242973896,210.65726529203025,198.36289509660955,227.45454381749406
k__Bacteria; p__Firmicutes; c__Clostridia; o__Clostridiales; f__Lachnospiraceae; g__Dorea; s__,196.0619798019245,595.7845388842043,624.2522795004268,327.5957456010582,619.7484616845875,447.14452146465334,697.5279435894487,591.2794681354596,560.6326239267323,442.19616649455855,630.7341462848626,713.5911373491873,497.77773996269724,891.2193015369455,493.7526573220349,380.8967675113443,513.3468412745017,657.0055082760213,605.0401384829045,272.87530656367557,272.6100481218066,0.1,1089.834958334422,2421.777414501993,583.0958606114981,545.9518621449081,441.71720582124107,379.05413261610175,562.0185725723658,396.1173801511208,485.5969383734991,534.9260154579695,372.2735081157945,546.4835753514125,540.2745308868092,574.5194561990012,546.7797102237337,618.3419388073628
k__Bacteria; p__Firmicutes; c__Clostridia; o__Clostridiales; f__Veillonellaceae; g__Phascolarctobacterium; s__,20.31941556351945,18.952376148502832,0.1,18.839554629245747,21.260085709247754,25.925582405257977,71.6189769331829,71.67658214420956,69.14922341316262,41.65417022192706,51.069104311527404,3.780124994103688,24.19382055400793,77.9849418927609,36.434735405749315,29.15199581437201,52.73781107058914,50.84528369400813,53.783972113270934,56.86403315459568,71.22687105823766,376.4073892383573,314.46617701504084,216.94632960909354,64.570471731024,100.51827574778824,100.28488108463388,41.045547049023966,36.18507523462686,37.084853377209505,36.445792865950494,0.1,2.8943491150828935,58.85537653438013,44.75221404597983,65.00002352421478,55.76020906733015,72.05307278931019
Unassigned,1.0298222965654154,2.8566607644287814,2.822775635052281,1.6244023958848235,2.9814113762934675,2.2185362694001154,3.659511876269484,3.1719794806991617,3.01514068136738,2.2960498926506463,3.2218283120529088,3.3009445888194735,2.440010759343092,4.589524137811521,2.499537502431205,1.9348841462568405,2.6934131235002434,3.3410416284912436,3.121141444748436,1.6154491201001298,1.7057640170866877,0.1,7.008651492840669,12.503528268567738,3.0891132976739035,3.14763766746352,2.6674983385875604,2.0022191082752934,2.811427707022585,2.055333467664695,2.4621564095304853,2.3966675403862623,1.7279481622026864,2.8845656907029515,2.7661752845204624,3.0524674153527087,2.8662003565820062,3.298651342411407
k__Bacteria; p__Firmicutes; c__Clostridia; o__Clostridiales; f__Lachnospiraceae; g__Coprococcus; s__,42.22902648350423,106.48286631453509,97.92564911139536,62.846865081695746,111.55460877978426,85.88909499567109,149.89524865050663,132.66016700851284,126.39040175426382,93.11257266896926,128.55359228469558,117.88184505061844,93.2327112440518,184.61751845283928,98.82617724348015,76.77108731310398,110.33081736014523,132.7082338959899,125.76414447079188,73.36215670895331,80.64954780077281,0.1,337.58598697599535,504.24331556700037,127.70358896374687,140.01501268468428,122.95863940981268,82.5418955283684,109.79139199479698,83.29307393184874,97.50658512182943,82.13620443413215,61.968524261539294,118.83753549004665,110.63065764454349,126.52922979061928,117.3059458949114,137.24974348222435
k__Bacteria; p__Proteobacteria; c__Gammaproteobacteria; o__Enterobacteriales; f__Enterobacteriaceae; g__; s__,108.0428038344775,286.3600950421403,273.8309479027579,165.71050944791392,299.39334901785475,226.3896935333361,383.7248271618448,336.02732537535445,319.7750452598725,239.58630725512367,333.55639483121104,324.43370395279214,247.44922015453525,477.0218482244586,257.6414067037636,199.77751725555646,282.43204509140384,345.1447682995194,324.66979811437864,178.39619712548577,192.3586415648885,0.1,798.142582603837,1301.1808989771355,325.38215770501085,343.93165532811884,296.8539727934616,210.6100537950581,288.0791363664345,214.39606922742638,253.98661360762625,231.234130179946,170.15812593540448,303.3233440018804,286.70557936302964,321.9485868962184,300.4218680293021,348.55982649808294
k__Bacteria; p__Firmicutes; c__Clostridia; o__Clostridiales; f__Ruminococcaceae; g__Oscillospira; s__,62.93645824092871,164.26624136312628,155.25787383250886,95.63085223003786,171.8478472946083,130.66221359214464,223.48524738442444,196.3584381034261,186.9298044080244,139.31440690366378,193.45175247114398,184.81779449264636,142.51501360222167,277.01763611340846,149.20418144325183,115.7598692193123,164.49306753816032,200.0270766738821,188.5947010962772,105.61660470091196,114.60492291649072,0.1,476.90246444359184,755.9336945971736,189.78566159171825,202.95555232197103,176.1601065267776,122.78797280703364,166.49940055953968,124.65298801650935,147.1260895504137,130.846273021211,96.99916377970808,176.82197450554858,166.34218953534716,187.8638899395205,174.9461018285952,203.5145259777389
k__Bacteria; p__Proteobacteria; c__Gammaproteobacteria; o__Enterobacteriales; f__Enterobacteriaceae,195.13635162871398,0.1,0.1,36.63173966210983,0.1,54.03979185736717,681.3796398870873,787.6237301235866,769.5474878852202,360.1681171601049,353.90903685462365,0.1,0.1,611.6275051558304,209.18726516268157,181.38870449363716,502.0314106511943,323.62497272207247,431.32992799144205,819.0208363950494,1094.3582484233023,8394.77621692375,4944.135572349534,1758.3930047113154,659.6268626178172,1384.8505927774595,1483.528671805448,410.9956407586308,136.85156226401295,318.2556645814512,217.4697322349854,0.1,0.1,586.4028211768644,322.44548261531804,676.3405702859478,526.831590048974,768.0538758823365
k__Bacteria; p__Firmicutes; c__Clostridia; o__Clostridiales; f__[Tissierellaceae]; g__Finegoldia; s__,0.7586940531506228,2.2265624423272996,2.28364391776224,1.2398150567515094,2.3189704479031334,1.6926470241736562,2.6979610751610763,2.3072295923923902,2.1898331915393774,1.7034525833387597,2.414358293255073,2.6319348580746675,1.8757087228833127,3.4222004091060416,1.8834782532435224,1.4549034424069571,1.9856236941388508,2.510585375681896,2.3248492572042934,1.108653011645634,1.1341666103569414,0.1,4.5889551213278805,9.308683685307168,2.264020195704439,2.1936835276247453,1.8098232392392908,1.470060520247752,2.134135713928509,1.5255234101299502,1.8534976265550875,1.950448817913712,1.374755627800759,2.1188006307632143,2.0699500628046783,2.2332638952380623,2.114181558097131,2.4074739413451667
k__Bacteria; p__Actinobacteria; c__Coriobacteriia; o__Coriobacteriales; f__Coriobacteriaceae; g__; s__,3.866191020094852,9.281020229359118,8.182970586600845,5.5886199646688315,9.74343071604744,7.640225535788847,13.71601137033475,12.259090030161689,11.692167165383966,8.479100034094445,11.613150344733436,10.025308285432175,8.236260822214271,16.74508969668631,8.886731306988613,6.9157684148468705,10.096034046954024,11.961309863426713,11.416555229940665,7.0289861933327185,7.853476807782565,5.2329900264041695,33.10989188035601,45.79282938527874,11.73689136487868,13.299084751495242,11.85306210733114,7.576205334400831,9.810559758316746,7.582350076625838,8.7752794453398,6.81129859197245,5.283283074242439,10.904182179304934,10.005683389566608,11.643787400778725,10.72979018664392,12.652735178949039
k__Bacteria; p__Fusobacteria; c__Fusobacteriia; o__Fusobacteriales; f__Fusobacteriaceae; g__Fusobacterium; s__,24.57026285470441,115.49776762005064,146.52817255023703,55.47398443256389,118.66870671978936,75.51668389437074,88.05390677320636,64.17663801759785,59.716896276348244,59.39850316559721,92.68717303201412,156.38937176718952,88.52181440084395,125.40745019419029,75.93868656513564,57.58432820761074,64.77507088678986,98.7911329718907,84.33563081904965,6.9208364307359895,0.1,0.1,0.1,335.97746683117265,69.12263171221561,26.49197764158751,3.3439144080122283,45.82199862862194,91.48303238536892,53.42721608709978,74.09951616847367,128.88325775392178,80.7067219788497,66.36719458854374,78.43271013291559,66.7897981597625,69.38709441764388,69.88513970497111
k__Bacteria; p__Firmicutes; c__Clostridia; o__Clostridiales; f__Lachnospiraceae; g__Dorea; s__formicigenerans,14.571124890384406,27.96131970633236,19.10338093889714,18.58459968432945,29.67524107814578,25.447069885286126,51.583627199205246,47.907854644974464,45.877598870756,31.272040044825857,41.42351645851048,26.276251262835395,26.548936971331397,60.75190736988815,31.07621734794273,24.371673187903298,37.974382537662834,42.25249053206196,41.56445252113669,31.178612647818884,36.6458176850755,101.8145772048609,157.83270324903285,167.00438817239822,44.913538938752964,57.32744040855822,53.610798301341035,28.842461697227183,33.35686408733141,27.92612804497201,30.796592188619908,15.042300598870266,14.059726735883345,41.46021077258615,35.86669450834836,44.778841363779726,40.29035414335511,48.99325540742698
k__Bacteria; p__Firmicutes; c__Clostridia; o__Clostridiales; f__Ruminococcaceae; g__Faecalibacterium; s__prausnitzii,23.220676585536623,75.06469553223111,81.46453022956644,40.38898573913709,77.9213756715225,55.1058507714761,82.6826187920138,68.93436296883772,65.23642422573366,52.81086624257005,76.20575806254129,91.89824530407864,61.8369753973594,107.06486218050331,60.02838034055382,46.19787228349123,60.84728400606095,79.62725059888456,72.5968323850781,29.310496241042614,27.764928493367176,0.1,107.87126440891687,290.4059597501559,68.6235994968828,60.036957488999775,46.5797883848392,44.708104995836585,68.88417386885756,47.33181269441801,58.97235489651891,70.17384583035756,47.845370650062144,64.4895036019561,65.1703609170349,67.46912851471939,64.85347955024244,72.39501281839614
k__Bacteria; p__Actinobacteria; c__Actinobacteria; o__Bifidobacteriales; f__Bifidobacteriaceae; g__Bifidobacterium; s__,1.818750753901564,5.1500897729049715,5.160857004311307,2.9059041907158965,5.370841058049343,3.9682059588463217,6.4646453559866925,5.576465758853559,5.2978837220353325,4.0652535392826215,5.725094935148142,6.001911076832386,4.376471533288373,8.140754978482361,4.450544468931519,3.4424921557270034,4.757927886278068,5.942864651993736,5.534079544850477,2.7828861822856794,2.9070834701109867,0.1,11.883435386864276,22.165776752933148,5.445471039318386,5.4511883500273415,4.577291533119762,3.531762228821824,5.0193388306262925,3.639622698527897,4.382425488605857,4.391729520883307,3.1392559037684715,5.088935500595167,4.912871217901113,5.37751676948662,5.064170011118087,5.806136190419115
k__Bacteria; p__Actinobacteria; c__Coriobacteriia; o__Coriobacteriales; f__Coriobacteriaceae; g__Adlercreutzia; s__,1.0020898048793303,3.4227385735919063,3.822211130452663,1.8077243632558484,3.5467721189611745,2.4655515817145983,3.571049150736466,2.9303254744935874,2.7679613375003584,2.2969369250460647,3.3499168877381766,4.266487248197531,2.7859312696259235,4.681987294935136,2.653657050660409,2.0378946636607935,2.627857367104378,3.510193840076916,3.1711365062406545,1.1424498168651784,1.0141059481895027,0.1,3.791934839680617,12.678312328544687,2.943722175075824,2.4026826857968904,1.7766615054497672,1.9218364207642744,3.0672061930409265,2.0596047728410083,2.6044160263343668,3.306002420565594,2.2176457819317377,2.773542747926689,2.860583263905053,2.8882532282413846,2.8026405968602983,3.0900718909432365
k__Bacteria; p__Bacteroidetes; c__Bacteroidia; o__Bacteroidales; f__Prevotellaceae; g__Prevotella; s__,103.95773618100107,86.20343457734577,0.1,92.58670120534042,97.96586753982679,127.50646632394363,366.24661857666985,369.32459769885634,356.5573235709272,212.0605780614792,257.68321867235136,1.6945065685963112,116.89154479956952,395.3692422602337,182.70107615685555,146.5510229163738,269.6992583380456,255.79721651495566,272.92518231585433,298.11382488423106,375.2150644341153,2051.642578612038,1659.5360066230496,1101.3763638964133,331.39492240154294,525.3172039494538,526.7807258847048,210.43916328652992,179.5820223535147,188.73498641554332,182.97296193875198,0.1,5.834540729825593,301.6725305550379,226.13384796181148,333.92409163433615,285.05111532964,370.6402254010073
k__Bacteria; p__Bacteroidetes; c__Bacteroidia; o__Bacteroidales; f__Porphyromonadaceae; g__Parabacteroides; s__,152.42545645093912,339.6263427170407,278.661231760689,211.05229857614484,357.74898495488634,288.68021878314175,540.3446458416369,489.7027848787236,467.75016555164666,331.72711131132166,449.07003402397635,352.1547488103021,307.8929801817908,651.3486233006021,341.31141330130885,266.31607484422216,397.75330641904037,460.986801801834,444.6217666632805,294.6731026190121,336.016124892912,513.7393263033908,1429.1199868661565,1784.4875445925898,465.27187510808335,551.3017709545263,500.78271650591654,299.77521372074847,373.2354345281034,296.4991610775125,337.4432621744172,228.73419316651834,186.37862896155445,431.26261066309706,387.5733284463951,462.41087161256536,422.46753557519673,503.731142736017
k__Bacteria; p__Bacteroidetes; c__Bacteroidia; o__Bacteroidales; f__Porphyromonadaceae; g__Porphyromonas; s__,3.084678307876396,10.17836841311467,11.167502925355477,5.438317607249704,10.55870431639724,7.4189433624122945,10.986955531943721,9.107163547972409,8.612789555050785,7.035649532625719,10.192359370407322,12.546783630938142,8.346818908274086,14.292128234712427,8.045440671648734,6.186859396863952,8.085309382626724,10.661104534635344,9.68697582282534,3.755640605523413,3.4808389573325598,0.1,13.356765430584181,38.742445340999815,9.096098593591817,7.763266520417757,5.924555944023464,5.9306042869626605,9.257228603171145,6.306806182412317,7.901021526356567,9.634985411051717,6.528189229012875,8.55619178162427,8.711629874213251,8.936370482438114,8.619636632729536,9.578607657103836
k__Bacteria; p__Firmicutes; c__Erysipelotrichi; o__Erysipelotrichales; f__Erysipelotrichaceae; g__; s__,35.91455245878943,87.1299612699947,77.54509104135481,52.23796468151089,91.42923211761101,71.40952470678795,127.4277168786182,113.65714538024899,108.3769062997548,78.85490268942199,108.18478904010843,94.62937826582628,77.09555034335546,155.8590859460738,82.86738499360732,64.46398246410266,93.79591464651878,111.48197711464859,106.2435605879418,64.68384332069643,72.03518158905557,37.908002044788745,303.26205987279025,426.1152318016281,108.94003903834471,122.60096513436828,108.9423199764808,70.34066207164497,91.60579185801454,70.52023511982725,81.81375702177793,64.65856130370854,49.84149097528061,101.24574504724518,93.18701790846278,108.04697193227983,99.6925831290039,117.36578505071816
k__Bacteria; p__Firmicutes; c__Clostridia; o__Clostridiales; f__Ruminococcaceae; g__; s__,168.52903178579442,414.99522059267736,374.1461762239333,247.29412835184772,435.194771643768,338.0173900233935,598.0508159101388,531.8447814448804,506.97420097349436,370.6253033098912,509.70798666188597,454.1135802461444,365.70010768407616,733.4311275611293,390.9688834495633,303.9779039930646,440.2039072309249,525.6026637913523,499.8274390421751,299.4291164795258,331.8612526534876,106.08124383760384,1394.1532397560377,2004.4282102037728,510.6073482538365,569.0030767613079,503.39393011555944,329.820929128592,433.02442776369554,331.4853039967158,385.90191484827386,312.70653674174537,238.9998388859325,474.77735995937996,438.8923166161734,506.2275330540384,467.9374924932687,549.5958516621936
k__Bacteria; p__Firmicutes; c__Clostridia; o__Clostridiales; f__[Tissierellaceae]; g__Peptoniphilus; s__,1.0590969667861088,3.1830404273515005,3.3130803294180966,1.757157853515945,3.312344839525592,2.398567499776556,3.767386119054083,3.202577956121924,3.037563522771094,2.3852335370191327,3.3953359080618686,3.7968288858414976,2.666323774101099,4.8023708700303445,2.655021551733151,2.049031478286824,2.7726385348016414,3.534819445299381,3.2609764690426424,1.497607484527658,1.5080440705604254,0.1,6.053339321458327,13.053994990342808,3.1532096292817786,2.9853891453409243,2.431047156622784,2.0490454312990747,3.0177421493780763,2.1364930128145883,2.611671893348171,2.8361292980993986,1.981529177096492,2.9538514160294627,2.9092092587885614,3.1079686371006514,2.9528728122858845,3.3467624663067626
k__Bacteria; p__Firmicutes; c__Bacilli; o__Gemellales; f__Gemellaceae; g__Gemella; s__,2.558985744675061,18.78097234832369,26.553690357212105,8.161917755064467,19.138971293361028,11.086179182624166,9.276694356365633,5.043430549318799,4.476580849572524,6.844912893224591,11.909389264712768,27.360051556441412,13.54184537527714,15.329858222755721,10.234134087957733,7.626191365293679,6.819559055478594,13.010015850865646,10.191082496895357,0.1,0.1,0.1,0.1,40.36294814120443,6.545934810063086,0.1,0.1,4.494459971728811,13.008741743069356,6.1904735995751485,9.907478897384523,23.64937997167207,14.036291543123223,6.562000862717782,9.942279923191661,6.094955946418669,7.369718645307177,6.0210896398402145
k__Bacteria; p__Firmicutes; c__Erysipelotrichi; o__Erysipelotrichales; f__Erysipelotrichaceae; g__Coprobacillus; s__,6.449781474690325,19.125082535645745,19.742638358344266,10.609335136915202,19.91146639303628,14.483313594169939,22.93889116377624,19.566337361990804,18.56534901380028,14.500514564024416,20.590581004168104,22.69708687259792,16.071633288876026,29.158779548337442,16.07949652701581,12.415824863797992,16.882244016677216,21.422167706470407,19.804929673067765,9.293444710594773,9.444190260974194,0.1,38.085111390550814,79.29111408110931,19.22777404242453,18.446889603893023,15.135046006097108,12.489127336595118,18.244046112236635,12.986961952774546,15.820690103466218,16.879017917906832,11.851068694342839,18.002067935662712,17.648652955065817,18.96024933231603,17.977169444511855,20.429692866352514
k__Bacteria; p__Firmicutes; c__Clostridia; o__Clostridiales; f__Clostridiaceae; g__Clostridium; s__,18.28348507572379,46.562768783943035,43.167156352281616,27.372604269300016,48.760521157678355,37.40597448644925,64.90588149509595,57.3248118450172,54.60328017484961,40.35889361230755,55.812260166538046,51.79236122038429,40.66047905658493,80.08656779249034,42.94618114764108,33.34977242154069,47.77383574989032,57.64272287340924,54.54674190071308,31.455677229559328,34.45616342652793,0.1,143.99540823694554,218.68312052083192,55.24607033838435,60.14869438064621,52.65036906043215,35.718420967518966,47.77240481345128,36.105226091341706,42.36564709108557,36.25830084536954,27.213458096894296,51.42806561969699,48.01947584004346,54.72344989703133,50.79854431987171,59.33801320831195
k__Bacteria; p__Firmicutes; c__Bacilli; o__Bacillales; f__Staphylococcaceae; g__Staphylococcus; s__,0.769253115681243,1.858886489368421,1.6486462042033627,1.1162889815554569,1.950942291676492,1.5260135017976073,2.7292565799141024,2.436205735819676,2.3232198093475303,1.688274894225763,2.3147525528194683,2.014814405633281,1.6466038934824143,3.335873630703069,1.772404357475445,1.3789800972748336,2.0089331841740665,2.3848689832039307,2.27409688428818,1.3903704397663212,1.5502997265955885,0.8979146445356715,6.530169061617397,9.12110848327415,2.3340955022934704,2.6335326288453635,2.3427933229607087,1.5069277436301178,1.9583143477150504,1.5097902140221202,1.749983763713593,1.373790708109097,1.0614257235240043,2.1689617455871697,1.9940407228182333,2.315193309470692,2.1351578265346505,2.5152240466428544
k__Bacteria; p__Firmicutes; c__Bacilli; o__Lactobacillales; f__Streptococcaceae; g__Lactococcus; s__,1.5534769786284928,4.01281298959306,3.7623360596566418,2.3457155551114903,4.19977991249452,3.2052214869521767,5.515688671485566,4.856926051819771,4.624830584746112,3.434655319475952,4.761048655889566,4.4933379055459985,3.4909677878033936,6.8236486997553145,3.668446452347337,2.8472441092712524,4.059771546703096,4.9204700457549215,4.646415377872891,2.6348914272921555,2.8708132133027617,0.1,11.968411027371086,18.625646522668017,4.688573827114522,5.0525356266203225,4.401463873998026,3.0325283998643657,4.0881919973872565,3.072965162949268,3.6179890575163163,3.1663834127776647,2.359385620393048,4.3667110670879055,4.094884364196352,4.642426436682729,4.317354137958239,5.031189035449612
k__Bacteria; p__Proteobacteria; c__Gammaproteobacteria; o__Pasteurellales; f__Pasteurellaceae; g__Haemophilus; s__parainfluenzae,0.8846834682660351,0.1,0.1,0.1,0.1,0.1,3.074754453091176,3.793808818538798,3.725771172420048,1.5433687030950078,1.2978629316968542,0.1,0.1,2.4645519806263825,0.6323510319935914,0.60096873297815,2.2660870762762237,1.0973754342913953,1.764191631988804,4.326162975281806,5.883058780728728,48.794813857482346,26.736721757769303,7.241942053237693,3.0793081790106265,7.220704171186428,7.8947402911516384,1.901088538698132,0.1473258292945216,1.3577732474510982,0.6882646913039888,0.1,0.1,2.7061447550395994,1.2208008100330543,3.1833560910169028,2.369033066001574,3.6530116639163657
k__Bacteria; p__Firmicutes; c__Clostridia; o__Clostridiales; f__; g__; s__,136.32307081327716,357.05954228511735,338.38892007561645,207.5825866323452,373.48677049492943,283.61716662155743,484.09827645567833,425.0166489146814,404.5748442192631,301.88308756631636,419.4430750245494,402.37606319144135,309.49500111331326,600.4527144792447,323.6137465877038,251.04282800179573,356.31262841938815,433.7717025970346,408.76518130762327,227.93395296360399,246.98208393553082,0.1,1027.0963164489847,1638.3806261369973,410.96279395683723,438.3251739871365,379.9759116466136,265.91250051974214,361.290195721922,270.1197933848648,319.0874615308515,285.31459646263136,211.14829195021423,382.9390757358252,360.6331397373498,406.7615878996074,378.9672939502536,440.58807333653283
