,1015.1.23.M03.S.11A,1015.1.31.M02.S,1015.2.07.M02.S,1015.2.09.M02.SA,1015.2.02.M02.S,1015.2.22.M02.SB,1015.2.17.M02.S,1015.2.25.M02.S,1015.2.29.M02.S,1015.2.10.M02.SA,1015.2.01.M02.S,1015.3.4.M02.S,1015.3.8.M02.S,1015.2.03.M02.S,1015.1.27.M02.S430P,1015.2.16.M02.SB,1015.1.30.M02.S630P,1015.2.11.M02.S,1015.3.6.M02.S,1015.2.24.M02.S,1015.2.20.M02.SB,1015.2.06.M02.S,1015.1.19.M02.S4P,1015.2.13.M02.S,1015.2.20.M02.SA,1015.3.5.M02.S,1015.1.28.M02.S11P,1015.2.18.M02.S,1015.1.24.M02.S5P,1015.1.24.M02.S1030A,1015.2.05.M02.S,1015.2.09.M02.SB,1015.2.27.M02.S,1015.1.25.M02.S345P,1015.1.26.M02.S850P,1015.1.20.M02.S750P,1015.1.29.M02.S4P,1015.2.19.M02.S,1015.2.02.M02.RH.b,1015.1.21.M02.S140P,1015.1.22.M02.S645P,1015.2.08.M02.S,1015.1.23.M02.S430P,1015.3.1.M02.S,1015.2.16.M02.SA,1015.2.21.M02.S,1015.2.22.M02.SA,1015.2.10.M02.SB
k__Bacteria;p__Bacteroidetes;c__Bacteroidia;o__Bacteroidales;f__Bacteroidaceae;g__Bacteroides,8855.11733359391,13328.566345018733,9543.368416358622,9072.694976363275,11140.421378295267,9144.10723793845,6258.993002868615,8488.83473609442,12727.496827410881,12822.386531693512,12108.45533435617,9161.979507265612,9605.923711559284,10215.056673825009,5320.714916451533,11596.191600695924,5360.888158208984,10491.051326866042,10934.234831402458,14384.116788011275,7205.034696055541,18895.624462966916,5601.659978731087,9891.253099573863,5411.51458910581,11733.346539356009,5435.99848842332,12253.72754277527,7702.9657726449705,3861.17804154782,5699.623653782083,13825.38354133267,11893.718105824353,13286.491934901418,8133.2056303786485,6031.924823994686,7305.545672547914,5539.179142948708,0.9999999999999999,3003.5231789259715,4943.901541562236,22691.626262700313,6876.456021353336,7429.685406582062,9700.231665346388,8115.928347015909,8597.952326762066,8696.034377093856
k__Bacteria;p__Firmicutes;c__Clostridia;o__Clostridiales;f__Ruminococcaceae;g__,3718.806204707458,4574.6255734479055,3500.009791896755,3651.46706767972,3725.333457666084,3453.7942304386543,2482.937542635125,2927.006408831271,2251.4937160050727,4440.889955546091,4159.933542126432,3259.0345780014345,3491.6269012937482,3511.7653487609978,2268.7719473067104,3854.6199295238553,2321.1328263251194,3603.5445513682653,4876.291076890147,2283.844827236364,2416.8550243759532,3110.431653962046,2375.2060917743984,3323.971709185101,2113.8952078144584,4503.157359325763,2363.5867095275753,2345.5755661529984,3073.564053913201,1571.5345956512533,2046.4679190624188,4733.902978657315,4464.021014122753,4464.787235279409,3095.0207171217717,2640.38403596724,3215.412227500677,2160.993927540627,6.099999999999994,1658.5091524767893,2091.1788501176666,1661.4730857313923,2753.7335961523568,2628.4582407027533,3089.241043588159,2818.010949567666,3144.11606756847,3008.5685861034617
k__Bacteria;p__Actinobacteria;c__Actinobacteria;o__Actinomycetales;f__Corynebacteriaceae;g__Corynebacterium,6023.013171682944,1722.5269361209967,2845.332756930677,5031.581547042214,923.1570920002556,3445.732460787837,3211.940420891328,1193.7757795551793,0.30000000000000004,1944.2410063341504,1594.092851517566,2005.8015560364527,2639.0981516667835,1361.4833576623105,3865.092140174308,919.1506308560388,4147.201561922938,1375.9906981859738,9478.456162863144,0.30000000000000004,610.6450708272453,0.30000000000000004,3973.250966594325,849.2050288348956,2541.2160853108817,4933.934460049637,4276.617065282183,0.30000000000000004,4080.7615701575514,2267.2376288190435,1384.4762918925194,1706.0400918581615,4278.537661803517,1140.3769514673618,3230.2863567708096,4872.421962049872,6026.9950584124235,2581.2749086127174,3173.9151170541304,11049.96502745962,3469.9059564754416,0.30000000000000004,3714.3780481868325,1523.3425030445053,590.0367115777391,1281.9383836653212,2497.6667624336746,1295.5550424196058
k__Bacteria;p__Firmicutes;c__Clostridia;o__Clostridiales;f__;g__,3465.0177121898078,4148.464079691322,3204.5693151124474,3384.5900636332617,3364.8914009378936,3175.040799709931,2297.2678188894997,2656.169947505452,1708.1031355670734,4032.639685644041,3772.959223143787,2971.035779384216,3192.8973521707403,3185.4023770973918,2117.759762258126,3478.4333469343123,2170.5015990967695,3268.2297859792952,4575.191572978056,1645.5738162614732,2184.064296071681,2285.7255490930656,2215.6432222265043,3004.6520507659184,1951.9472020057142,4148.554636640081,2211.2738905237547,1836.4010027147715,2845.8283433753636,1458.7135794878118,1868.1272448101606,4291.371172395784,4100.224305975274,4035.8520578651346,2848.07937930611,2472.1374484087505,3012.397383942311,1995.1057282234267,3.0000000000000013,1703.1975874304267,1950.1308720351676,489.72978195512883,2550.8632306826676,2394.291841285142,2768.7248872216783,2559.917696094706,2877.547783764736,2731.5582933323626
k__Bacteria;p__Firmicutes;c__Clostridia;o__Clostridiales;f__Ruminococcaceae;g__Faecalibacterium,2419.053223387504,2949.5298902043714,2263.706615678634,2371.180119818359,2398.857998998284,2236.7580700313,1611.397469969082,1887.6356695687946,1315.9472221704666,2864.557488223688,2682.281390268698,2104.882246845961,2257.3650638660306,2264.4220873390664,1476.6966315239151,2481.3650062118268,1511.6669428098319,2323.505054540712,3179.278343403376,1287.5717246292684,1556.5297919099853,1778.9021838144756,1545.6349775079323,2140.9354325722647,1371.0016566299241,2918.3854707784662,1539.5626020907366,1399.5435011352045,1995.1904481239496,1020.9881735868985,1322.309457344747,3051.8727482121003,2890.197201333748,2875.717660727759,2005.0651094844823,1720.297300214815,2095.378120453886,1401.471929669996,0.5,1105.8811931179675,1360.677715010032,607.2476561853213,1787.8426007720925,1697.1825739925666,1984.2833001785052,1817.9557889086861,2033.2556163036015,1940.5513672502932
k__Bacteria;p__Proteobacteria;c__Gammaproteobacteria;o__Enterobacteriales;f__Enterobacteriaceae;g__,568.4895342846213,2259.562305039879,1309.6844105443115,800.2937137830066,2023.4984108318015,1117.3487863950209,601.6546394840169,1420.603246003239,5203.737518033422,2118.8568359002657,2047.127956117944,1396.107716120765,1361.2630000232355,1723.8338068203946,294.53776983562284,2138.017961353533,248.40685153111747,1774.6681562276244,311.71212013556107,6281.786918055544,1298.3887513024392,8080.44451708898,328.42927335927317,1774.1539808622492,565.2742803595346,1335.7541886505624,238.25412978883946,4740.900734562869,716.022844855348,316.5238327491798,842.3819347429193,2359.2136672952884,1492.203442415873,2383.3638297378056,962.1853182386459,240.09739657660168,266.74690360600505,582.4127431589626,0.1,0.1,296.89945719760743,12777.88068453429,625.531141136585,1151.8722457162005,1973.9561271128628,1331.316677601054,1192.5184732168316,1441.39044417493
k__Bacteria;p__Firmicutes;c__Clostridia;o__Clostridiales;f__Lachnospiraceae;g__,1825.5088236310282,2012.1651452570165,1602.1981994551527,1756.228811946286,1611.1550922630615,1607.232956279014,1185.6079847608178,1291.2162915619815,401.01368476627744,1964.5104837012432,1830.899142361806,1465.4638739860563,1590.1739168371412,1546.270201333006,1121.5311826215607,1660.4420600026829,1155.3344332205168,1585.8164393474772,2458.5975123085086,290.14550034969284,1047.407963732643,451.72190234057655,1171.141617222865,1442.2603482730494,1001.4526628082748,2113.673434771322,1178.664603110922,497.08787159952595,1471.9351310444918,760.0296279458307,925.3487844350263,2079.0848883795607,2070.157913796355,1937.2107981491292,1446.1263744344335,1320.5958817373626,1612.0342514245997,1023.0856877082266,2.3000000000000007,1149.8852225845642,1029.9377853710596,119.01507872642345,1321.1593113339131,1178.0436706179564,1291.7697918477702,1248.578501041106,1436.8857159852064,1330.0092774739092
k__Bacteria;p__Firmicutes;c__Bacilli;o__Bacillales;f__Staphylococcaceae;g__Staphylococcus,1064.1087618659237,0.1,0.1,0.1,0.1,0.1,0.1,0.1,0.1,0.1,0.1,0.1,0.1,0.1,1056.4807807535221,0.1,1493.15118730608,0.1,4773.791086880401,0.1,0.1,0.1,949.6766676277574,0.1,0.1,0.1,1634.9368942954861,0.1,0.1,0.1,0.1,0.1,0.1,0.1,0.1,2029.3855055220436,2671.067749744535,0.1,25515.695721884476,18407.0244515892,775.7940423909315,0.1,0.1,0.1,0.1,0.1,0.1,0.1
k__Bacteria;p__Bacteroidetes;c__Bacteroidia;o__Bacteroidales;f__Prevotellaceae;g__Prevotella,1742.0886077885489,1445.7331862886829,1293.408146857421,1602.3505922343033,1095.3545134641302,1354.5550427994624,1063.8897879370845,936.2678179224738,377.97226772104665,1436.8286116248214,1318.074935780024,1125.4375993825965,1265.8581927768214,1114.6364474103586,1086.181397103764,1117.891484411302,1134.9028819215202,1141.1831177805275,2478.144804371279,345.2980484639649,717.0509345588282,489.2438756588991,1128.1660945145568,991.3465311681978,882.0571002279139,1820.2173831472103,1162.228072478547,418.3108894458343,1329.8097967334331,702.0996817320996,722.0258231809433,1486.6947496275507,1729.2936048668114,1331.4488266963845,1231.3180554427515,1309.9808792431866,1606.7293152534803,899.6791778501071,255.11021567637954,1797.6331442303758,989.7992865829534,0.6,1198.574724479091,896.1108832246148,853.6577547931505,917.6641191110575,1154.7359977170067,970.7582469893274
k__Bacteria;p__Firmicutes;c__Clostridia;o__Clostridiales;f__Ruminococcaceae;g__Ruminococcus,1070.279989958771,1253.5673824942924,976.0217087578834,1041.1211650666003,1013.4302193780705,970.2039645023165,705.6240986216911,803.0921098687063,438.8181700450306,1219.9354279602724,1140.2380170254974,901.6899746073086,971.4740476522563,962.7498383296788,655.0690718244665,1046.8118935933473,672.3251931833639,987.677538308079,1420.9247170344195,401.69259879884225,658.0559078051248,568.8108376317454,684.98931130874,905.5104626979208,598.6037508116324,1269.8705386843305,685.2157110048627,487.35510027267435,874.6350122266082,449.20965150747725,567.5891784717999,1296.3662206057757,1252.0462995706016,1216.2770796995226,871.0001256132434,766.5131674803747,934.4815494845303,611.7574350383268,0.9999999999999999,565.1680213195378,602.765486199,51.7254999441277,784.2673871466909,726.1801633991219,828.435043602564,774.6563419724248,876.1297184235982,826.229865971403
k__Bacteria;p__Proteobacteria;c__Gammaproteobacteria;o__Pseudomonadales;f__Moraxellaceae;g__Acinetobacter,0.1,893.4126200060538,417.5866135642764,76.4286011878357,843.9539766457968,300.98990290282813,88.43978314516386,555.680153568772,3048.4080450924407,819.9217369085846,807.5988329984244,500.9040295325324,451.30918835829453,679.0193467981347,0.1,901.3528099169023,0.1,700.4348725631012,0.1,3734.399971858756,538.3995269867601,4781.4742197396745,0.1,733.1417754420853,108.95714306658705,315.60277443042736,0.1,2740.971862602255,91.23248980358214,15.181744856697968,292.77828078204504,937.8324027259953,419.5106141947872,984.9558754919867,244.91345770247972,0.1,0.1,114.26832052206451,0.1,0.1,0.1,7992.081281588333,71.59578445632853,420.4170782763937,887.6722616997316,511.8968196493306,385.28336795847036,559.2347772342298
k__Bacteria;p__Bacteroidetes;c__Bacteroidia;o__Bacteroidales;f__Rikenellaceae;g__,795.9148871816224,974.5317166750842,746.8284627998561,780.7967735883158,793.0723202936008,737.4774159321754,530.7613990954804,623.6129977891649,445.7199408978961,946.2596993578765,886.2121142571677,694.8945117354923,744.8801928645903,748.142114223867,485.72477916686216,820.4664811748473,497.0891253616295,767.6777812388235,1044.9094030812696,439.20909305177,514.557165164201,605.2502440754964,508.45289336324413,707.7192852075833,451.71895592586856,961.8975361145649,506.2238138460827,471.9680552566296,657.0996123629801,336.1241587060327,436.44984204823226,1008.4013860414386,953.0477934823689,950.6137088173945,660.9836710776812,565.5831696174972,688.8317781097179,461.770247890889,0.8999999999999999,357.83463183607813,447.6294965378947,213.26147350436997,588.7694179148189,560.3669208677685,656.7940162972093,600.4970774448409,670.8415544196693,641.0450295910542
k__Bacteria;p__Bacteroidetes;c__Bacteroidia;o__Bacteroidales;f__Porphyromonadaceae;g__Parabacteroides,662.9730250499646,919.8097391067345,675.7331302848374,667.146537679772,761.3023729416491,655.1131214060417,457.48903161562475,586.8463492479652,708.9035222853483,887.9313307273513,835.9203994214861,641.0101186116397,677.7710895317707,705.3847053699221,400.9729455151786,790.683157768633,406.68997988824515,724.2061873516675,840.3407172848706,778.3064159907381,492.9431246062858,1032.724015367246,421.1251172762834,677.1867708109424,393.03656547726047,846.0644080003534,413.14632078512045,697.4847091312978,564.3925829763664,285.2643653612251,400.2227118803004,953.2372238832668,849.9420204441307,909.6234472798773,584.4486387898988,459.7881015299872,558.208309861933,402.0972781649705,0.30000000000000004,138.5867112237639,371.2844434308881,1020.0817876648994,504.5946297292058,518.7140874367261,651.0898697033176,562.5618936786475,608.0918472454667,601.9428263596839
k__Bacteria;p__Verrucomicrobia;c__Verrucomicrobiae;o__Verrucomicrobiales;f__Verrucomicrobiaceae;g__Akkermansia,669.2190002924442,911.57147789105,673.7067268706904,670.8089018755998,752.7217400124769,654.8997055677518,459.3929414678365,581.8318060672763,662.7632638765335,880.6956695255443,828.5065354734137,637.3211561038144,675.1911917166193,699.1701640621718,405.3170586508708,781.3527279800912,411.67446409750085,717.7702240683087,852.9567010692576,721.1142515364377,487.52307992454575,959.7645417144122,425.4681781242725,669.8503708026273,394.1161991145925,847.0216967315292,418.37193973326174,656.4435935518533,567.0427637275287,287.12540100518737,398.2561460016295,944.4980458409433,849.1760271349757,899.7660193730233,584.6563445064489,465.8916030271704,565.9026834942293,403.15459855749566,0.1,164.84109349990857,375.0291389724996,892.8923217126792,507.1321409558136,515.4746763017919,640.9541566175973,558.1053886674433,606.1081457248671,596.9803814135397
k__Bacteria;p__Firmicutes;c__Clostridia;o__Clostridiales;f__[Tissierellaceae];g__Anaerococcus,1289.2710799861259,461.4741779283762,653.1889739349449,1086.7903661766595,271.3153222097717,769.906953848772,697.8806375783768,313.308356861694,0.8999999999999999,501.4398185634097,425.09529865713193,481.7702784842752,612.4449052074519,361.9740976450042,825.2649907684117,262.4120011639657,883.4919143370455,367.2910606655096,2011.6233532918568,0.8999999999999999,183.7243340576308,0.8999999999999999,849.1205095900424,258.85336203948845,556.1852923332307,1090.4962832677681,910.5300129854818,0.8999999999999999,884.4513588899615,488.3639804818515,327.10923691118114,462.5158603555194,960.6790915571346,347.460549184083,717.9357872632747,1036.4512101830212,1281.1513713099948,565.3214757441781,512.7911832552924,2273.4162826556126,741.850271952017,0.8999999999999999,803.8722845061442,370.0341238893604,121.12363234694241,327.7001690817933,575.318059437811,335.4969725324405
k__Bacteria;p__Bacteroidetes;c__Bacteroidia;o__Bacteroidales;f__[Paraprevotellaceae];g__[Prevotella],776.4794235802623,926.9359714501775,716.7759170039346,758.0377208410468,751.5280324334565,710.4791739095834,514.4131405833575,593.5413033851511,360.4734012152094,901.1886943044856,843.0463888563875,664.2300262228317,714.0689397392324,711.7678216479576,474.661391749157,776.8079328631745,486.57396458255874,730.2650675355588,1026.0093411362648,337.64128979508234,487.82312740113883,474.0549253436559,496.5657313752265,671.1266538166184,436.99524436172203,928.5346368815144,495.73944479472357,393.4109762105935,637.2990051874284,326.7527465247407,417.7150027438146,958.8299721164489,917.423398273,901.457542418164,637.3834990079449,554.2666041004511,675.4399237367485,446.6494996889523,0.2,384.2213653236706,437.0462364058497,0.2,571.2718918609307,535.242492224909,617.8499912199211,572.0976039451606,643.6018352884525,610.4207728916476
k__Bacteria;p__Proteobacteria;c__Betaproteobacteria;o__Burkholderiales;f__Alcaligenaceae;g__Sutterella,625.4950824597811,880.4549838462657,643.8105505508113,631.3943156536412,730.0472784150137,622.8549999636404,433.42665941521864,561.5570427467492,708.3316140223615,849.4042228890468,800.1002846970637,612.0491810895571,646.1616131078617,675.1270865309874,377.8822342648672,758.5349410263907,382.8374421301298,693.1828011438266,789.3218484280541,782.565715207035,472.6038100453639,1036.1858003855853,397.0379794355306,649.1635245336422,372.7800339859995,803.4816676705005,388.7939553263794,693.6642800734832,534.4820521543767,269.7564535363763,381.88878613594807,912.60296521184,808.4562160813248,871.9837023915796,555.3723405204412,432.4711510612491,524.831327583486,381.40907252386637,0.4,151.7631601660576,350.1111384911956,1064.7269489807861,477.7274150729051,495.4686554086661,626.451570687029,538.0569351540855,579.4845044563091,575.8675196765067
k__Bacteria;p__Firmicutes;c__Clostridia;o__Clostridiales;f__Lachnospiraceae;g__[Ruminococcus],410.3586892006331,795.9927603343963,530.7908998261357,448.11215370368063,682.4490550576617,491.1130628928414,315.4344778583005,504.61137142963236,1147.0238630180518,758.7903911880826,722.4164667858082,527.2048972480275,539.7314407321337,609.0476799881819,240.5933613223789,714.4001898573292,236.26765838885223,626.0441946485987,457.13584329520154,1346.9415299281043,440.0631914871783,1747.9770421844046,255.62674992099528,603.0746617442187,278.45099314402864,617.7301035319301,237.84621259400876,1070.1404083252128,385.1024254249398,187.65147590690125,324.65248278761675,827.6227054223382,643.7271060861125,810.1119733230676,432.80058672234543,260.83671918873455,312.8570480598745,285.5030742097071,0.5,39.162834891576416,226.50415516779367,2503.051057150519,342.04616763457676,430.0305653924285,621.1600823135278,479.0297394815411,479.805725602829,515.1641030113811
k__Bacteria;p__Firmicutes;c__Clostridia;o__Clostridiales;f__Lachnospiraceae;g__Coprococcus,732.5297419295847,838.7968820105607,658.4941362598496,709.5965358176187,675.7461678621139,656.7898199374259,480.218850856131,537.6959527960071,236.24174631654125,817.2565863277,763.0632175676419,606.1041736134387,654.7317862226921,644.3414946402339,448.99046066274366,697.4287043183888,461.4665142948864,660.9502844993617,977.8525396736298,197.53742007894337,438.97278773824,289.77818736151073,469.2521010598393,604.1937735461765,406.7248289692614,861.1771851830302,470.4937329580101,273.6483364337542,595.5986654305843,306.5139608343962,381.964421005057,867.163922293549,846.9810166472016,811.5460634138774,590.125121012181,526.6334979902664,642.3487781617667,415.60540729314226,0.6,415.1247686601652,412.8296501675397,18.11273231031698,534.2598990398981,487.7977003816598,548.543937371306,519.1264784900492,590.8967595257542,553.4298210627036
k__Bacteria;p__Firmicutes;c__Clostridia;o__Clostridiales;f__[Tissierellaceae];g__WAL_1855D,976.1678159657297,419.2700833224178,530.7070252525722,837.221612340903,249.5489359729744,611.3800780971427,540.5104487020371,280.8588069842531,0.1,444.40562451033577,385.071948716567,405.70932898581077,502.02829039428167,327.24037754157837,621.7322339163737,236.02168077476398,662.5937279287623,332.89628650977954,1497.2578731521542,0.1,169.10113164544816,0.1,640.8440595364226,238.35940420356337,433.60306750825515,857.7844302265253,682.0741416084929,0.1,683.4850359490148,374.3076814997138,271.93389956584633,423.3594797734523,766.1471353247048,320.0135998266345,567.4544730251405,775.0041745655725,956.629246155406,440.9879062750308,14.025245484112984,1584.1330312955145,560.3329499379553,0.1,620.3689152509904,314.2411311157933,58.68616627919752,288.62659725981945,468.7244304478011,298.1014333136476
k__Bacteria;p__Firmicutes;c__Clostridia;o__Clostridiales;f__Lachnospiraceae;g__Lachnospira,507.9536239851864,590.8923024963326,461.20832650021634,493.48656255256134,477.199195451829,458.9280649060466,334.31197458902517,378.62094113264214,187.42353745169044,575.2427309674972,537.4931246793263,425.6106739573357,458.9128241670668,453.83933455975495,311.03071049195376,492.79617938351237,319.3609426149003,465.5744737921133,675.4948342236917,161.76328802041928,309.9017158412266,234.36085364807292,325.185089068052,426.4684929807714,283.46824736264574,600.9989657323638,325.5219597314722,213.7405386692504,414.46186097543716,212.99638917198217,268.0028393120152,611.0091473508783,592.1180431683799,572.8294893131432,412.10639542641036,364.2106697750405,444.08723970783035,289.6851769399683,0.30000000000000004,274.2044947802676,286.13090265033026,0.30000000000000004,371.68145585345155,342.69761316346825,389.27691619806626,365.3138416372625,413.96258870711586,389.5805029598973
k__Bacteria;p__Firmicutes;c__Clostridia;o__Clostridiales;f__Christensenellaceae;g__,429.37350301382867,524.8209161196862,402.44032076942534,421.07630615834165,426.9907677943931,397.50390818099515,286.2010004364171,335.8531262649395,237.6057686247537,509.6392064745655,477.2620470708393,374.3514338689363,401.3584101793264,402.90815389391423,262.0652786097179,441.7137960770087,268.2276400327728,413.425595674534,563.9523061421721,234.8741006300246,277.0464308757367,322.62948683248766,274.3161594609158,381.0550261266701,243.5481428672227,518.5383258610207,273.1652658552836,252.04657857334513,354.34281809930826,181.28489216225933,235.14301715932362,543.0486594586605,513.6692683571556,511.8357129413715,356.29629612565634,305.2115921238991,371.73649720185534,248.96472489837808,0.8999999999999999,194.38663111825917,241.49671820109037,117.62335441279147,317.5049138655681,301.863964494731,353.44463048144917,323.42516116049427,361.4841963461205,345.25235405847593
k__Bacteria;p__Firmicutes;c__Clostridia;o__Clostridiales;f__[Tissierellaceae];g__Peptoniphilus,621.1200512846574,370.6967729822801,389.2763594491044,548.8360235393003,255.63009560223662,428.26717128092866,358.71081873496854,243.52411213645735,52.41765581804089,378.67996505140326,339.0100058815671,317.9522480377515,374.54934256173624,287.2789698370162,392.1157113590575,253.33422925037786,414.50948843456786,293.3291188070677,923.7928945063798,61.92970899845885,169.46860773456424,79.87731529795782,405.4499316290644,235.98916908478273,292.02178769881016,588.9128639420076,425.79606644509107,48.60926625878501,451.28713838848313,243.24708528928664,208.29788682875022,378.31442124726067,541.4244798158699,316.9057688139645,393.6361997457713,482.23038946339597,593.715614850918,297.3826107883607,30.047016008337206,868.7281152002079,355.0138802571247,116.60337340530228,408.35656591693686,249.90543537270003,137.45246432445117,243.6293911909959,345.65755980272365,255.04940978145473
k__Bacteria;p__Bacteroidetes;c__Bacteroidia;o__Bacteroidales;f__[Barnesiellaceae];g__,408.6622569310209,510.2655348873665,388.37036066447826,402.4348573409067,416.42170309311274,382.3943845424001,273.92741645987394,326.3640637356215,259.7654738774875,494.98677458703804,463.97288833869027,362.48640842651605,387.70517422447375,391.6593190382648,249.06372326543467,431.0880122928106,254.55550601460595,401.923253215197,533.758467356192,263.7179156993003,270.08895634427677,359.49120695013096,260.84519042832386,371.4052959437091,233.47012540967305,497.9905079593399,259.1401888966486,270.19548293036456,338.9484085501294,173.06652307820337,227.45252078941573,528.1333536680999,494.47648838692356,498.8762480823474,342.4826405710846,289.36163486144073,352.25522030987037,238.6939721684562,0.30000000000000004,169.12958520997057,229.69081701560089,174.3566453366823,303.6005343336621,292.47589813432893,346.7520620243563,314.0347352171533,348.9569787334612,335.3672799296021
k__Bacteria;p__Firmicutes;c__Clostridia;o__Clostridiales;f__Veillonellaceae;g__Dialister,484.73541399093125,435.59909647048653,376.4354417918785,451.02422057359945,335.83739160150594,389.4924391682326,300.7704045289648,281.3012369124715,217.37885252177205,430.55280048378205,396.8949564358915,332.3303737857337,369.8986895100661,335.49951107669847,301.11274661787155,343.5102994914016,313.51323215436116,343.67219190407843,680.2791218347251,224.07960018885876,219.35958419983154,303.7131779864542,313.1713294374463,302.88206147798974,250.6034474320561,520.3013759913458,320.76099425016054,223.57720593835688,375.2768422686548,196.9882732655544,212.21356375726654,448.6049875551422,498.4711733583345,406.80236142793103,353.05915610061584,361.0087633761311,442.27058915297334,255.71905506081214,80.86002843198213,453.8103544293479,274.9247569656474,177.33287560817087,337.8722351302347,265.3626749506879,271.4317800089069,274.5736155062639,336.5094983325292,291.07586283302476
k__Bacteria;p__Firmicutes;c__Clostridia;o__Clostridiales;f__Lachnospiraceae;g__Blautia,426.5343304518136,487.8475223536983,383.1453743928264,413.09342930598166,392.94541342258105,382.21991562439916,279.5395847913866,312.7358105040145,132.55536753557038,475.3485705399212,443.80347988428343,352.5954435533629,380.9355549931983,374.7556842592502,261.45515987636435,405.53640177557384,268.7392185002889,384.41328603387717,569.5365233792965,107.06045189659699,255.2676781798051,159.25835276332748,273.24665738194057,351.35009201935327,236.73855858735575,501.208781862378,274.00156096026444,156.06035752196578,346.71375878788,178.44810144863084,222.21735269133816,504.3377621702687,492.88402311784336,471.9292458828966,343.4389125964339,306.70500540442794,374.1053372559255,241.90591430994402,0.4,242.54891089179094,240.38893593161578,30.69371986864933,311.0127070201397,283.76185165726264,318.8614059548806,301.94948867064096,343.80772923943755,321.89425605716264
k__Bacteria;p__Bacteroidetes;c__Bacteroidia;o__Bacteroidales;f__[Paraprevotellaceae];g__Paraprevotella,413.93977263712736,482.6889600323103,376.4227279287483,402.3304891052135,389.95951870136287,374.4266316819656,272.6016073234417,309.2686358579835,156.36253937228946,469.84637111525547,439.0621784645514,347.5053421678802,374.59142233534965,370.7244766792893,253.42513731685563,402.74027239521706,260.17329462551186,380.3150235653112,550.1491003118867,136.25562143586768,253.23529408408208,196.66423152027704,264.97288660745113,348.4783376703343,231.18312606186515,490.24570322215584,265.1816239496011,177.4510593087266,337.9349891288377,173.63103434274032,218.79399709885357,499.1385465150408,483.1293707370328,468.07390123624333,336.196228092659,296.67957384436835,361.72672213096865,236.25680034278884,0.2,221.74008688162542,233.155834539429,0.2,303.04157521922497,279.82810500541086,318.34569992743803,298.3704160879445,337.8746932307162,318.2059539535707
k__Bacteria;p__Firmicutes;c__Clostridia;o__Clostridiales;f__Veillonellaceae;g__Phascolarctobacterium,354.4067936945044,458.01624663572204,344.5021899536011,351.41053659269187,375.57641089229696,337.4796111955715,239.76550272800708,292.69958163683987,273.6958114248857,443.5715863952182,416.38939532278175,323.2788352348977,344.45028974354693,351.44972404769567,215.477852695861,389.2366234956666,219.702888597407,360.71649797100196,458.587336010606,287.4679633005805,243.4565110542438,387.27257981400686,225.87017146154213,334.66955464204426,204.87843877192017,438.3047056075361,223.5136085492401,277.96823198361267,296.3932212895104,150.84720983125376,202.51418356727714,474.2597310536668,436.87039429473396,449.53531929328994,301.8703946987342,249.32081997667305,303.2560872504848,209.50745237698433,0.1,123.80549375472042,198.9700392873632,272.6755317807112,265.32511571664935,261.0949148098273,315.6300520633125,281.28587644871016,309.6981671636885,300.5901166745747
k__Bacteria;p__Firmicutes;c__Clostridia;o__Clostridiales;f__Ruminococcaceae;g__Oscillospira,371.15365549472523,454.55317931497893,348.3163060335061,364.1202265208674,369.9271949590534,343.9430683340428,247.52154240016625,290.87159315638434,209.2145244234319,441.3610828139987,413.3575334733761,324.10669522122134,347.411384922229,348.9569951817898,226.50121769481615,382.70818826585827,231.79698763843854,358.06944016193137,487.2360402537749,207.65457582371064,240.0133032986431,285.3735135309288,237.10106779467804,330.1122741825644,210.66357499937143,448.59935122415044,236.05557146681303,220.53278539209813,306.4376358369342,156.74772541806038,203.5628195427735,470.35252733442496,444.483580210781,443.4092367340038,308.2654159761032,263.7334638814577,321.20298688089287,215.3514039595293,0.7999999999999999,166.7096850485411,208.73851103539542,132.31020061410388,274.5708390558786,261.36326963151566,306.380697363757,280.0871513816711,312.877562959686,299.00112267889386
k__Bacteria;p__Actinobacteria;c__Actinobacteria;o__Actinomycetales;f__Brevibacteriaceae;g__Brevibacterium,486.8380860431047,360.551564304345,339.87004105658343,441.0425803728234,265.59559011690527,362.11954114385696,291.12357723113536,234.53430246508222,0.2,361.41357905155644,329.02887306513435,289.49554975161215,330.69835633069965,278.4230764755345,304.9972108359065,268.0470789828977,320.1209452296763,284.8163619219675,704.6171774824754,0.2,174.5048956628423,0.2,316.23919173667,241.7671999606163,239.75107783669625,490.6363342111705,328.22080783247407,0.2,364.76580924221054,194.0810727815343,187.02196739643233,369.9006228615693,460.7017706673731,324.697179278272,330.4749982155106,370.6387950537431,455.27362434433456,244.39879765474583,0.2,566.5154272274697,277.2404524290125,0.2,329.2502628294612,229.52748340119768,175.03764165831473,231.35868029498764,302.8657032266356,243.94111687156865
k__Bacteria;p__Actinobacteria;c__Actinobacteria;o__Actinomycetales;f__Actinomycetaceae;g__Varibaculum,311.08664664917694,269.6907182337335,236.68710166055067,287.9217107013409,208.34039559610179,246.23768682552992,191.62040050633607,174.37846325171378,529.096937739128,267.2123203296751,245.7937720398558,207.60287277369355,232.1579218126986,207.80944222155173,193.57437638852215,220.05411956983318,201.87476030527077,212.82175991136455,439.3213658088047,638.2836174462407,134.90598008646455,821.1790034391506,201.20178513539565,186.37716013947536,159.29832504756763,329.8198550807184,206.6313203782133,482.3160603628302,239.28388709138562,125.93817177570374,132.84432823748637,277.5614850338977,314.7832840474316,250.3213070838177,223.4901352367449,232.71676849154534,285.25500874789674,162.51852844090826,163.18665852751747,510.51117053484995,176.5812921279125,1295.2972387438604,215.5418273573104,165.55974873454477,202.76349336417096,170.5199471185862,211.4606895093704,180.5989030124859
k__Bacteria;p__Firmicutes;c__Clostridia;o__Clostridiales;f__[Tissierellaceae];g__1-68,549.4056802844323,217.13726425551656,289.3401677775585,468.28143286168176,122.897489342605,336.98114240691933,301.5283230856088,146.32434722464768,0.1,232.73586273755782,199.6891852674033,217.50105230030255,272.56108772707415,169.84722497226392,350.55386666128294,114.14016875018196,374.2050282132798,172.58616366085133,847.9210434220128,0.1,83.95895713326709,0.1,361.09763523606057,118.8692796836609,241.11696368209272,474.9620818761657,385.36988853209573,0.1,381.7064200180188,209.74648815122325,146.65671971365532,218.5297701453431,421.4259423817885,159.57655732688983,313.47006094417117,438.1612398798352,541.1227455835516,245.15330866558637,50.39401352318902,919.3800632780292,315.64093283740084,0.1,346.685681301911,167.80580303419882,14.900509467872947,151.5729570736317,255.2128657619555,155.9283942518916
k__Bacteria;p__Firmicutes;c__Clostridia;o__Clostridiales;f__[Tissierellaceae];g__ph2,483.9601681488409,157.99409269253982,238.35186217436012,407.3358972930172,96.7150944979216,284.2693611910811,260.8732375671601,108.13818011241382,0.2,174.2995725043192,145.80325489172805,172.44129369037586,222.4440901371799,124.29813385866936,309.9108907675412,97.00445670167007,331.8993360332489,125.92583134165814,756.1668221450798,0.2,63.77481512727797,0.2,318.82284957497126,88.4732644568424,207.23080306684926,404.577084391884,342.0891933654891,0.2,330.9868884751613,183.13432144492506,117.89258501964996,157.61462739751755,353.9537713056417,118.78262781731927,265.69856803069285,389.4551821434621,481.4583188788156,210.574362416356,228.84056449211798,858.9779158582007,278.5273986033657,0.2,301.02509625592427,131.8189740843954,59.74789173516265,114.31054466066962,209.62841816870412,116.42075846844413
k__Bacteria;p__Bacteroidetes;c__Bacteroidia;o__Bacteroidales;f__Porphyromonadaceae;g__Porphyromonas,385.55343946555394,217.71738384835757,235.4882523242178,338.7616306268509,147.13451925964722,261.1624451091826,220.90236219909048,143.43792568141063,32.58788120139477,223.62775529401458,199.23157698601793,190.23588597252512,225.9269022446498,168.90035962565852,243.81667846356893,144.95701216544242,258.14721079914506,172.36369279930514,576.8780808467704,36.22817297309896,97.81996443036708,47.794931329927735,251.9538354960249,136.43528692012057,179.34680138493957,360.421039103512,265.2853744871024,31.75325051981858,278.1768971108082,150.38723744032563,125.09399423589016,221.84804038024959,329.653414450417,183.21088659141338,240.46219083510155,300.63770046006493,370.3272960686108,182.59555997945725,0.30000000000000004,548.7549522672361,220.55181033897804,51.172415128820724,251.85852309485912,149.17044580414563,73.34344149202857,144.0799256369432,208.91069240981307,150.52607431629923
k__Bacteria;p__Proteobacteria;c__Alphaproteobacteria;o__RF32;f__;g__,219.39191848706244,300.18067735777237,221.52728121501755,220.1207031079145,248.01344848155517,215.2028815968046,150.7944699411549,191.5778666183339,221.45528764641563,289.955469485424,272.82148710967016,209.7045764329386,222.05925698942184,230.2285603973994,132.83138599679356,257.48086329688925,134.86913899570342,236.35782362251126,279.25530760632967,241.51097645615303,160.6224566417264,321.1857680240472,139.45269069813884,220.6843259441792,129.41179143627224,278.2364842212221,137.05052246333528,218.9714643162506,186.10625416774812,94.19451855939656,131.01541693361082,311.039646152439,279.08200528934856,296.43099799043233,192.08879824209046,152.5943280151664,185.3287211335577,132.38339575927822,0.1,52.066020918489855,122.9273138938597,303.54486996434144,166.42992337155485,169.63255692143176,211.4132645350445,183.737304859012,199.31244311575676,196.55119822340976
k__Bacteria;p__Actinobacteria;c__Actinobacteria;o__Bifidobacteriales;f__Bifidobacteriaceae;g__Bifidobacterium,230.0187104608956,282.1358581232624,216.0795502646399,225.72671278045453,229.66040802158267,213.31808510150933,153.46033328577283,180.53362733338605,130.36575101555323,273.92695861375717,256.5640906142046,201.10995015620173,215.53334131181307,216.59055537435498,140.35738219220102,237.60748253654262,143.62442276657347,222.24807067590282,301.8397408687768,128.8283150138141,149.0024969436312,177.34815955192363,146.9314008816207,204.93356846865169,130.62351828136866,278.193778470043,146.25903804967126,137.79833608332856,189.979638074462,97.1638914382438,126.30231804081812,291.94815195983716,275.68795567415685,275.2683624469406,191.17950148494882,163.40094780846096,199.0001750198557,133.53149899030885,0.1,102.68031100761692,129.35727952482478,54.54611254386615,170.2190191098025,162.18449670786023,190.29129104624488,173.83001081242085,194.09940638713445,185.57411947408642
k__Bacteria;p__Firmicutes;c__Erysipelotrichi;o__Erysipelotrichales;f__Erysipelotrichaceae;g__,214.72195806388845,261.7918005160615,200.92463755188686,210.4700069090142,212.91375778300818,198.53459868140877,143.029779914781,167.54139222774663,116.7548135121459,254.25070302540166,238.07167372335408,186.8256167446945,200.36117590848593,200.98371634139747,131.0763018807642,220.23629383102707,134.18094631442943,206.22769118506955,282.2063327949953,114.22452109843684,138.15197960188993,157.81838694001877,137.19527384263,190.0218453237871,121.6913572026338,259.03713834232894,136.65722211192278,124.18021527617977,177.0960639387037,90.62495848220044,117.36621412725088,270.8752313052463,256.53332393041933,255.23850982375404,177.96995816286324,152.70017614881039,185.99406102002104,124.39587747844311,0.30000000000000004,98.18585149630806,120.7778200837055,42.73376715406625,158.69173342901914,150.63863648737714,176.1144309362731,161.35719027925825,180.4698336459693,172.23824882748838
k__Bacteria;p__Firmicutes;c__Bacilli;o__Lactobacillales;f__Aerococcaceae;g__Facklamia,304.24105692457675,130.4847118950287,165.31114025400552,260.9065805874562,77.60077243544575,190.4768206586771,168.43338637479638,87.41723663439745,0.1,138.3332202581133,119.84424495766304,126.33835057924713,156.36648039326045,101.8470638747425,193.78086602182998,73.37328933543745,206.5226660929327,103.60538321482441,466.70102612530815,0.1,52.59120439396859,0.1,199.7352948121727,74.13607956102446,135.11126763303992,267.2663573967545,212.59611608523997,0.1,212.99119297897076,116.65080205299091,84.68927157968052,131.7501421725812,238.68622685661407,99.5325592027325,176.798712162363,241.56440287043046,298.1786799642886,137.4116895541442,4.796991895808704,494.0033451685261,174.64105562203838,0.1,193.3248980526717,97.84844621744841,18.109032693198973,89.8469976730879,146.00068920800774,92.79021930634792
k__Bacteria;p__Proteobacteria;c__Deltaproteobacteria;o__Desulfovibrionales;f__Desulfovibrionaceae;g__Desulfovibrio,170.84450208055358,213.72150750514103,162.56037944613578,168.303302081205,174.462048649562,160.0144647203873,114.57460438193566,136.6891680354212,109.8498436278602,207.30319589988238,194.33019877745102,151.77106295258088,162.29587683385319,164.04131998664576,104.10963103383426,180.6177657897267,106.39160286967822,168.34169703739457,223.03050977319916,111.59381362316844,113.15154678079256,152.1096562347551,109.03949516423269,155.59427320406957,97.66626102328271,208.35524443817908,108.3039891828388,114.08669239037191,141.76333449690054,72.37143805116054,95.22441292476212,221.21064219806462,206.9279220510354,208.99625481587208,143.3032636367346,120.92790468947544,147.20532657189722,99.85268563099731,0.1,70.11420184324103,96.01821716554842,74.23971193886013,126.9751847795405,122.46462151504588,145.3483588059421,131.51613143409682,146.0671739616625,140.4551718363038
k__Bacteria;p__Firmicutes;c__Clostridia;o__Clostridiales;f__[Mogibacteriaceae];g__,252.32271958448587,136.6892706459413,151.23680726111922,220.8010635613065,90.89133761114816,168.72714672386076,143.74320141544771,90.25789775996002,13.04249338632719,141.00389022375393,125.1448629859339,121.16395845296084,144.78314124398725,106.12746618845306,159.75827843042117,89.11438632474808,169.33783774158695,108.25733925240253,379.1444995810161,13.32742690211539,60.56779776080941,17.980142508924047,165.01814343691805,84.58744046332825,116.47305522729343,233.4708698884334,174.0711645863031,13.47396636850388,181.13668939943742,98.1365604094529,79.9003066669676,139.11289512753007,212.73198688827333,113.58461534471724,155.55256665260922,197.35754037041252,243.19288529421158,118.56227323494487,33.375921434729314,367.68072023522035,144.42315742210775,10.89079301404563,164.0673055493882,94.83800992311572,51.63274786262445,90.94775822747847,134.07638836929172,94.86579236148215
k__Bacteria;p__Tenericutes;c__Mollicutes;o__RF39;f__;g__,187.93233142068152,201.29350192557905,162.03617769231073,179.8916418057276,160.4089863327738,163.24971079343874,121.2224922154112,129.27633108789345,15.209998703819359,196.8388264995342,183.1918098780331,147.49713573708456,160.59994911405983,154.73118344176413,115.65550175240564,165.12741294825548,119.33861479513467,158.6642812053747,254.73500024925332,6.795045659817309,104.34273493972913,10.272963104102832,120.69667094699179,143.72703876759311,102.18890651443019,215.16909802001317,121.80285737761042,30.282984013997677,150.60891773524844,77.95721246185344,93.27566534675128,207.9001815667391,210.07975111112862,193.04954491040144,147.04056069641626,136.56624931726984,166.7990752676512,104.37868770809678,0.30000000000000004,127.01932836527132,106.1154175458948,0.30000000000000004,135.24296069731957,118.46258369910782,127.34995736877103,125.1593779423392,145.25310763635505,133.23877216305874
k__Bacteria;p__Actinobacteria;c__Actinobacteria;o__Actinomycetales;f__Microbacteriaceae;g__Pseudoclavibacter,229.82703466380383,114.3799230549716,132.72748655239806,199.54493581881408,73.35432357550664,149.86052465805648,129.48693040986205,75.89715903803041,0.1,119.09013376367386,104.83173013358295,104.53604609267464,126.50623627032301,88.9644931176526,145.85435953257254,71.12101879804723,154.93108938500075,90.66569247246008,348.1560809265191,0.1,49.14101628238254,0.1,150.53095871235303,68.83212095842231,104.51805265185413,208.45581557584202,159.35039670259408,0.1,163.39039344487293,88.89231294175751,69.34117129207233,116.09890471224121,188.51203399268616,92.42298392702969,138.51138275801137,180.82326201253204,222.96960298366218,106.35652624109213,0.1,349.8408700633706,131.69497000745372,0.1,148.11271949190908,81.51636076515226,28.89692961098595,76.99670484877582,117.50418852633094,80.04026641512473
k__Bacteria;p__Firmicutes;c__Clostridia;o__Clostridiales;f__Lachnospiraceae;g__Dorea,146.31043950196533,175.08415046966786,135.27088635552659,142.90121846273317,142.00355459649006,134.03411674433264,96.99010350680203,112.10392005023397,69.2465283599899,170.2000013990843,159.23655351375106,125.40322705686548,134.7751636789971,134.43914387722248,89.42528931547677,146.79271391432394,91.65525753448652,137.93453189554185,193.2111319923492,65.23758111054805,92.17165437874137,91.39678813392908,93.55746229989171,126.80266139974393,82.40784460416951,175.1376044816227,93.3777731234182,75.32244617049236,120.15177306195825,61.5900615750021,78.85291954358858,181.1143112559447,173.08802448247786,170.3214621680756,120.23361843110497,104.39494210415643,127.21075845286667,84.2296738798724,0.30000000000000004,71.77301739558938,82.34555184094923,31.430318322368535,107.69912713307063,101.05824072772728,116.82781900821166,108.04361522721386,121.46580799764914,115.28674213331229
k__Bacteria;p__Bacteroidetes;c__Bacteroidia;o__Bacteroidales;f__[Odoribacteraceae];g__Butyricimonas,112.34590018740995,164.85675017480142,118.97057137024373,114.44775582997666,137.38448740854957,114.40908835381852,78.80441844095441,105.05156709460772,148.21320809486951,158.76193412072698,149.78249454399466,113.79654080106448,119.62042298600561,126.37064068066972,67.64676199147061,142.90913423620404,68.30370812469751,129.7720988639279,139.90375069348232,166.19806097798772,88.88416077776395,218.96906978433253,71.16321024488751,122.04752829537958,67.99786136123004,147.10131664619388,69.30191426321977,143.50976921600488,97.05876429188717,48.77969569732124,70.87128213352496,170.95508213692253,148.694107390185,163.94049536120434,101.85655690198809,76.97259198910905,93.29779694626971,69.59052066468124,0.2,29.084370776027114,62.785810926851305,245.5977039048521,86.6859021823407,92.2208922471466,118.98288552832632,100.51802029011873,107.14669556855132,107.65770319306715
k__Bacteria;p__Firmicutes;c__Clostridia;o__Clostridiales;f__[Tissierellaceae];g__Gallicola,225.8497243649113,90.4067729898943,119.51093645949727,192.6789800242086,51.58865324463794,138.9591135441297,124.11540530147951,60.8657876012304,0.1,96.73071603177469,83.12474765893565,90.06984090701395,112.6522158651787,70.69263479276479,144.0673036513549,48.05828964338264,153.7500633702776,71.84558989633067,348.24488001411856,0.1,35.19613395103088,0.1,148.41457909086444,49.7946622019535,99.29621470838778,195.722920487266,158.32749122020945,0.1,157.09270903206132,86.27863069166727,60.67659248720528,91.03451296729945,173.8345839969406,66.84797625300585,129.22049467835498,179.99923872541282,222.27967124457072,100.96277535494178,18.130257894980165,376.2474647173944,129.73696710767987,0.1,142.6658272258731,69.53252863717083,7.228279582904523,62.97004506060927,105.43578608995293,64.81992997615032
k__Bacteria;p__Firmicutes;c__Clostridia;o__Clostridiales;f__Clostridiaceae;g__Clostridium,157.05236929550438,114.87835927327886,108.92880220428577,142.0563192745158,84.34353814731968,116.27674436121472,93.7113342386631,74.76533778228321,13.810208804643096,115.26700335239398,104.84626145483949,92.5648381321291,105.92145052231965,88.72712179723423,98.4391687403299,85.42601298077342,103.3678044500014,90.75573922867123,227.70592572976872,12.930364821345083,55.440708816986124,18.04594411412138,102.04959520011728,76.82940287273009,77.12031580937314,157.6825272821705,105.99609372515415,15.06075501481569,117.44593917203487,62.53978543937266,59.84584603670409,117.82510614259907,147.8764053788426,103.18260035802851,106.16054496693597,119.71720323049007,147.0764349673414,78.61051809796865,27.656095538254988,184.8730561950526,89.45779975194115,3.3036718109895733,106.02698451869327,73.3552516337658,63.789399452325824,73.80765901798337,97.04902270030452,77.79229737972227
k__Bacteria;p__Fusobacteria;c__Fusobacteriia;o__Fusobacteriales;f__Fusobacteriaceae;g__Fusobacterium,72.63868176082748,131.70231501562836,89.38977757488873,77.89422402379026,112.2299461187064,83.45856831070236,54.526550124141046,83.58532810564462,174.2956796743552,125.82603056575027,119.55705557249071,88.02832067358028,90.66072802952084,100.81118019601529,42.89632835697585,117.3270658801406,42.44978057328383,103.6027981080155,83.47584634740005,203.31380736492864,72.42023253096849,264.4178932467429,45.45354293527183,99.28796816604313,47.861889900178035,105.52950202507051,42.82732167173057,163.51963447806781,66.71669514083023,32.76694423897426,54.34567183636518,136.857265205115,109.17367696771576,133.3727270049216,73.72795141681479,47.135527100551904,56.70491108117618,49.051604505571405,0.1,0.1,40.228382487828895,362.0207758221195,59.34044447617494,71.69883007245622,101.09982630429778,79.48521616384538,80.7347654561373,85.40425088035947
k__Bacteria;p__Actinobacteria;c__Coriobacteriia;o__Coriobacteriales;f__Coriobacteriaceae;g__Collinsella,96.64488114372651,127.56344041696664,95.26698878251896,96.24130650331051,104.90108737242608,93.03553717745278,65.76211771112682,81.47973654206031,82.9620044369682,123.41905778852413,115.95746282355572,89.69001293110523,95.34311764553348,97.86581767810759,58.670382179393606,108.78799290680149,59.73006766753881,100.45567779396576,124.31360215631544,88.56294044974199,67.97586929350507,118.64261647698872,61.5344088782903,93.42492809203895,56.28281568864927,120.62905791846904,60.74080654980851,83.30626326432167,81.24532759944347,41.265536507777135,56.128983251446726,132.12156636923,120.51535263297146,125.49085905102423,83.15375253125231,67.70917728283796,82.31242415937933,57.562097930592536,0.1,29.828095116039506,54.2191892146821,95.92285245397804,72.70216794083821,72.48028097870356,88.63549106197357,78.24324044480682,85.6689218329056,83.64565237147036
k__Bacteria;p__Bacteroidetes;c__Bacteroidia;o__Bacteroidales;f__[Odoribacteraceae];g__Odoribacter,98.64454454027666,123.0762660023443,93.69988994488804,97.12681246855905,100.43024221273761,92.26850963345619,66.10836923524607,78.72063970800531,62.41049646499911,119.39543851018206,111.91090961761519,87.44451568508588,93.53615047831644,94.46903153840393,60.123146152423296,103.96476532832364,61.45202548278475,96.94437141157258,128.86681613509532,63.19226198857349,65.13938298066827,86.23641793148819,62.965946147103395,89.57528833964246,56.34142205467022,120.16808619184698,62.55969407131279,64.95699167235627,81.80195275021337,41.77091498488604,54.87161000018619,127.38475050172285,119.31010444314222,120.31863187074316,82.64047561742285,69.85709876262037,85.04228432633748,57.601778486045454,0.1,40.96345665102903,55.445063881668936,40.23383173833271,73.27203816616091,70.55397354003034,83.61023911436719,75.74889751554866,84.18989737227278,80.8933728385147
k__Bacteria;p__Cyanobacteria;c__4C0d-2;o__YS2;f__;g__,29.52693597115483,101.24568840225893,60.023490646900456,39.06626550077948,90.08189035144578,51.94720959290085,28.955732980792394,63.73427292324609,219.92661297113057,95.17961905111575,91.75130906823273,63.23920511927382,62.156501797701786,77.27529948873341,15.838101149480128,95.05130800001324,14.001208405676262,79.53548213339003,20.66960929694762,264.76073970354224,57.8433336444815,340.86595686584167,17.416409688167466,79.07268509342694,26.85924313009277,62.69209749840813,13.645769597079138,200.85071775088804,34.64723641508305,15.652139131819839,38.283564922682196,105.64377403538853,69.14034677352412,106.22379952529666,44.924226237618925,14.159489607699221,16.17628643960823,27.64675641747514,0.2,0.2,15.655982170516353,533.2640544766848,30.376807017269606,52.08069591964252,87.01608705651145,59.846865975072085,54.58617645014609,64.72802681122668
k__Bacteria;p__Firmicutes;c__Clostridia;o__Clostridiales;f__[Tissierellaceae];g__Parvimonas,61.62817664337945,98.9503386697506,69.49074659074827,64.10271271587527,83.30032521461355,65.9771695086072,44.44108112706446,62.93900239832642,107.9159633121991,94.95050793089007,89.86767093073993,67.32534107274394,70.13577608661839,75.8010273150924,36.82271405677726,86.8481563531541,36.88757723346817,77.8678262540664,74.37767769960237,123.67956488194793,53.82882192942625,161.77942434060446,38.84787623091267,73.86094386170507,38.62242806277254,84.22728789857624,37.344303260293,102.71248206830057,54.58608303782385,27.174883615102935,41.76758465887827,102.7066812003549,85.98769651329746,99.21517538582253,58.543775971279736,41.331193559453176,49.95213502704377,39.55034486908904,0.2,0.2,34.31729100471687,203.65020192048354,48.66889186426173,54.682841191701165,73.46635164432985,60.0556542087301,62.662077473720984,64.41402817698922
k__Bacteria;p__Firmicutes;c__Clostridia;o__Clostridiales;f__[Tissierellaceae];g__Finegoldia,154.82306974584986,20.438150146841224,61.3038122391311,125.63891789010476,0.1,79.56809100171978,79.17028784733083,15.81693194623224,0.1,27.97490730887643,19.413997209791773,37.84008009881352,55.194821615816146,16.860531228899415,100.15208421271765,0.1,108.23094045872223,16.67109485951288,250.27316033708559,0.1,0.1,0.1,102.66309247489045,0.4307984063748453,61.62302859924653,116.93662929391459,111.81188996328731,0.1,101.13562528206657,57.11431057215818,27.49716598501598,18.863758483697115,97.60760183995072,0.5454144860718023,75.56281147697258,127.74557459870441,158.36010606941386,62.50089435305461,106.1505105748613,319.22765323913916,89.54282225488363,0.1,92.35326780139224,27.69727764936118,0.1,19.192844572535176,53.325928443386644,18.306084705014992
k__Bacteria;p__Firmicutes;c__Clostridia;o__Clostridiales;f__[Mogibacteriaceae];g__Mogibacterium,119.72347606608805,58.385938684142886,68.54683407193765,103.76280037873012,37.09608838840929,77.61416015113622,67.2829415850424,38.78988793213493,0.1,60.931949589822814,53.52643390103985,53.766476220615644,65.26542499150929,45.432866906492364,76.01984942840595,35.85994999049579,80.78973848558263,46.290814922348794,181.69743797334598,0.1,24.88580288972071,0.1,78.44249563689779,34.88466686257716,54.260557884274064,108.09360258005466,83.10465896710808,0.1,84.9257385943759,46.24798253719222,35.71525914085414,59.22359373907061,97.57961362935137,46.84000513590699,71.77908403650319,94.32155873782206,116.32381961442205,55.2106413248417,0.1,184.0100153198117,68.62116283293035,0.1,76.9990981911992,41.88836379385604,13.900342655395475,39.418428299204656,60.664765637072975,40.94176447575182
k__Bacteria;p__Firmicutes;c__Bacilli;o__Lactobacillales;f__Carnobacteriaceae;g__Granulicatella,39.70971702270596,79.86902782395407,52.7748322433765,43.80406393956168,68.68807937698575,48.59778450669096,30.9286238991336,50.6030966147185,119.876306887662,76.04994824344092,72.47768026083705,52.65235381101059,53.73628358166955,61.09875272513588,23.186567175857963,71.95254435830249,22.669363011395944,62.810519482793886,43.44619421716374,141.1901569011049,44.27631178765757,183.05173737291128,24.673421409760017,60.66471177406085,27.38628994442293,60.95593751556383,22.79180075630894,111.56098972469469,37.7141374637611,18.297677934599587,32.380687674718786,83.06697633232221,63.76751083334987,81.49142433884039,42.772244362976615,24.942832025950672,29.865169930160583,28.086812026809554,0.1,0.1,21.876934383213367,261.6035903017668,33.471878007902,42.97965144463593,62.84413318310026,47.99531187334285,47.72675738768203,51.63942036120118
k__Bacteria;p__Firmicutes;c__Clostridia;o__Clostridiales;f__Clostridiaceae;g__,71.51849902161106,81.90712088446547,64.2969545276152,69.28157815603528,65.98719805267979,64.12895222464155,46.886753956290676,52.504881607844155,23.604597573066094,79.80305161212551,74.5117836556501,59.18307515190724,63.93008622070057,62.918775545684554,43.83547853865861,68.10493349413566,45.053073947031955,64.54064749648697,95.46614643704851,22.287623871585637,42.86593721362952,29.50615127166749,45.81382006689643,58.999749832107426,39.71154371751405,84.08424551308603,45.93427699647973,27.102247651000667,58.15174921768384,29.926297312945977,37.29662195067578,84.67731058141295,82.69965031709395,79.24778199714028,57.61946054127124,51.41497559262973,62.71198333143738,40.578660380829014,0.5,43.41184684047731,40.30527445057284,30.885710037878383,52.16274914572133,47.631270842601,53.56857641033358,50.691273166969,57.69672903478746,54.041086086455635
k__Bacteria;p__Firmicutes;c__Bacilli;o__Gemellales;f__Gemellaceae;g__,20.989142577516503,68.86010711633095,41.12340184182692,27.28756220146517,61.13611242535266,35.751709008288834,20.14039917127744,43.365494746218815,146.61619958436978,64.7877815373381,62.40814413548871,43.16358142295043,42.53427832492705,52.56484018646154,11.362697221993498,64.47972810803054,10.164857614481354,54.09812124370777,15.557493975015953,176.33270091717475,39.26609896214585,227.089895662024,12.449508642848695,53.68497633507506,18.610178806159368,43.274088055072696,9.94536945081179,134.0141238245569,24.138189430491856,10.974217550151089,26.158207453217177,71.8363693902186,47.534024516755636,72.1185338535898,30.959409723443194,10.3912177095807,11.946953810763194,19.150169495385985,0.1,0.1,11.174414354166133,353.8998242720369,21.185488878948696,35.52628249399324,58.86171870370226,40.746908335951474,37.38340627315465,44.05531954672097
k__Bacteria;p__Firmicutes;c__Bacilli;o__Lactobacillales;f__Streptococcaceae;g__Streptococcus,58.33451571618391,57.54968047489206,45.317367968745955,48.98011438115788,46.33115370435294,45.24785041300174,33.16447334880725,36.9341080633371,38.07875067870926,56.09516473915712,52.36475614990764,41.67192687427083,45.04416334005223,44.23431223037593,37.595992433462165,47.80209291203616,40.49553629679706,45.37032549506948,93.14129194591298,41.98039226791755,30.13635870278506,55.5512363360231,38.589104111380834,41.444721182602066,28.090188354548097,59.32999070431474,41.80037375880808,37.33979602509636,41.11630273033914,21.723146831264003,26.307876611392135,59.48671225459412,58.30872806329788,55.633663881372385,40.67580628831797,47.695929157403995,59.06751303082834,28.700130277270148,110.84019943233818,114.13579671389985,33.67734276475085,56.50376277698324,36.89637965154563,33.550324081400305,37.54528986006612,35.67214776864118,40.67125717144474,38.01716070952092
k__Bacteria;p__Firmicutes;c__Clostridia;o__Clostridiales;f__Peptostreptococcaceae;g__,57.987983113290454,62.28165773521057,50.08241357353955,55.533496429446586,49.65478058496351,50.436555515557295,37.42848130263995,39.99586234159665,18.909060480683667,60.89395395831166,56.67990696635431,45.609786764941795,49.64504681262571,47.87358894274756,35.680675040065005,51.12107175814895,36.81119574127779,49.09121009448508,78.55293648349392,17.252353004065604,32.297560435873876,24.42664426502268,37.23809804448622,44.486834868756524,31.55771586955833,66.4630413817807,37.5697331624523,20.937902024436728,46.49853036490552,24.0626642845702,28.838962733767865,64.32845230298665,64.91048412041212,59.75332765866559,45.42410263138293,42.12065761093295,51.442518648849,32.234479022871426,0.30000000000000004,38.94044829764311,32.7402417369223,1.720495238167465,41.75268601463473,36.63474857795537,39.459386849935356,38.71758575578479,44.89698898765296,41.21941600212825
k__Bacteria;p__Actinobacteria;c__Actinobacteria;o__Actinomycetales;f__Microbacteriaceae;g__,66.82940010198335,49.2439126393115,46.53071021232956,60.50417699185035,36.22609566842886,49.61461840117854,39.92764937103276,32.039239664720576,0.1,49.38150087978733,44.9405851647141,39.59594847760368,45.26322716611493,38.02971203011013,41.87605151165413,36.54744404126276,43.960790501312935,38.901439791189745,96.793895863005,0.1,23.805945183848163,0.1,43.41644280613512,32.98521957869708,32.87241834466535,67.24713246174953,45.075342520321996,0.1,50.0328345008045,26.629746201881822,25.588146526245406,50.5152214861088,63.11193484357288,44.29958448672843,45.28676209906057,50.90463913451376,62.53246830725475,33.508830231856244,0.1,78.13563954243105,38.06109105791188,0.1,45.16419391201291,31.38766569108337,23.78735714184639,31.614943968027696,41.46108830750869,33.329202926327426
k__Archaea;p__Euryarchaeota;c__Methanobacteria;o__Methanobacteriales;f__Methanobacteriaceae;g__Methanobrevibacter,6.674609262865036,46.417236612899494,25.250998803124343,12.482141616053779,42.29150370265947,20.631222910977574,9.894903834890213,29.083660644660917,123.23939823670031,43.23229503154357,42.02328993688007,27.83684870380257,26.53036701738769,35.36959946899217,2.7916760568874146,44.843885523077276,1.5600143273525504,36.43557138216767,0.1,149.66878998531104,27.084985930967626,192.15731273152724,3.414203052565091,36.96774447016321,9.723138218469805,23.934692451999755,1.2286751052009757,111.679440919813,11.544631611739463,4.688668671444323,16.640213775588467,48.54709373924772,27.842011962200107,49.66285994465892,17.530739713519356,0.7344564737944278,0.26656183821158896,10.051042705537776,0.1,0.1,3.19555851786066,310.9722384577063,9.951919134038857,23.08483340447072,42.3177973569801,27.109634697301985,23.075370880652184,29.43375969125457
k__Bacteria;p__Actinobacteria;c__Coriobacteriia;o__Coriobacteriales;f__Coriobacteriaceae;g__,37.92365058716568,45.953603273916954,35.346096014818464,37.128706773475194,37.34018302498234,34.957626104957335,25.22121815270083,29.413973334142867,20.866858978926754,44.64355805084844,41.791286222792785,32.83357331134978,35.23697729285489,35.2816303368113,23.159863197945935,38.616259369194196,23.71803084106226,36.20112280510103,49.92135202373003,20.810245156100617,24.231323069145148,28.516486783490627,24.23737988979554,33.33121762324781,21.448840639098506,45.6328985974248,24.158407401178202,21.925332094586896,31.233545423662942,15.992095056274866,20.63273844410807,47.54421784046429,45.161176930647905,44.77064028448715,31.343773050749306,26.99922455426668,32.89063281127676,21.92470094375701,0.4,17.82072240839781,21.33561107557965,11.409317476193738,27.990575180621715,26.469173924544172,30.832115128264586,28.334926772083534,31.744820086412936,30.242009249682646
k__Bacteria;p__Actinobacteria;c__Coriobacteriia;o__Coriobacteriales;f__Coriobacteriaceae;g__Eggerthella,0.1,28.05094470893015,9.943037163300954,0.1,27.884726942412623,5.0007728882802285,0.1,17.25690071231227,127.02650551820642,25.179195999070092,25.299121476262986,14.1121133703929,11.423057936393207,21.23829193804085,0.1,30.069882617954203,0.1,21.95227561653485,0.1,156.77321776665605,17.695316428066633,200.26380829739605,0.1,24.01921491015675,0.1,3.19237355747081,0.1,113.44141657756857,0.1,0.1,7.9191889253213565,29.604208003808107,7.783651247055477,32.27119846503827,3.406777371383955,0.1,0.1,0.1,0.1,0.1,0.1,343.8350462578065,0.1,12.093236240941739,31.25798846753425,15.61422397956397,9.37195487251867,17.221101315044702
k__Bacteria;p__Firmicutes;c__Erysipelotrichi;o__Erysipelotrichales;f__Erysipelotrichaceae;g__Bulleidia,7.398801683592207,36.201020138225736,20.41806181989961,11.469771710380092,32.66615365552826,17.108191057383443,8.797405211496699,22.72596256064959,88.9521383884919,33.84615243340852,32.787309290321396,22.079515033220048,21.319497300465354,27.603498022413174,3.6057106573065285,34.56916574265542,2.7696236796455542,28.425341302888107,2.1685007004568293,107.68696760183886,20.942794119190587,138.39585421972686,4.123523750624304,28.60248821830075,8.411149994215808,20.2031886322408,2.565027151485951,80.8359692146732,10.39073089097333,4.451647018867573,13.26904376296447,37.82582896641653,22.946566071281033,38.424404770854856,14.651986121215751,2.4128122246263293,2.4929549993292475,8.677475932316304,0.1,0.1,3.764932271504379,221.2777495783214,9.031874512974724,18.257146038451673,32.22903478998103,21.247710772113702,18.619910059202475,23.032724383301005
k__Bacteria;p__Actinobacteria;c__Actinobacteria;o__Actinomycetales;f__Dermabacteraceae;g__Dermabacter,53.75638920212398,27.913177847385203,31.62069161777503,46.853387640780774,18.23835008136594,35.49037880859458,30.45199494823877,18.475678723251008,0.1,28.925497946036746,25.569074053431002,25.118357236623396,30.20483830002037,21.691074359008393,34.07637006896345,17.786417176975466,36.15917024227984,22.116341719098237,81.11107220181968,0.1,12.184558303934145,0.1,35.18332188484548,17.040870582836593,24.626683772778286,49.23888463011383,37.180472168582774,0.1,38.39989167501589,20.84855810132969,16.612481718577822,28.37122201505998,44.69478951282194,22.88197230754157,32.76125172325617,42.17287772225525,51.985345834294996,25.064089213022694,0.1,80.1157950962801,30.78643439171953,0.1,34.795531388262084,19.624173052754678,7.875250064887166,18.678877088066887,28.01331981749703,19.45093250912148
k__Bacteria;p__Actinobacteria;c__Actinobacteria;o__Actinomycetales;f__Dermabacteraceae;g__,67.23801969208935,4.573329173949951,24.487338219477863,53.89600855332899,0.1,32.93024878423166,33.770349565720124,4.185420808893322,0.1,8.178112371755082,4.539565769312847,13.957366780782205,21.68849415532364,4.048932991933923,43.63918261897717,0.1,47.29703510679678,3.8651665940225666,109.88707066941765,0.1,0.1,0.1,44.68109273672007,0.1,26.094510251496573,48.999086773611964,48.898099446173184,0.1,43.24325721063421,24.593765860694603,10.481394271436082,3.681922264378728,40.15675030231425,0.1,31.467449371815118,55.92953667748702,69.39402690727199,26.44835019061451,55.8085498642882,144.98766246210118,38.9503113325135,0.1,39.5438930680895,9.960158803551757,0.1,5.851823283783162,21.195705716706904,5.243492206728222
k__Bacteria;p__Actinobacteria;c__Actinobacteria;o__Actinomycetales;f__Actinomycetaceae;g__Mobiluncus,55.88182437609961,16.70960153500053,26.76054039052327,46.7962182953414,7.4902187749580476,32.24464432464503,29.904160703851385,11.529923569852667,0.1,18.710569861097465,15.448450771256715,19.02883245885727,24.871746235805237,13.185686472175096,35.83612905347137,6.2729840927472384,38.42829871609502,13.337456747432606,87.73925540125914,0.1,5.338935674711361,0.1,36.847853008384384,7.728248758889822,23.690492890128283,46.07931320354658,39.62125802662451,0.1,37.97636185724242,21.071136420620352,13.0922910974104,16.591767135512008,40.07428835309546,10.370477582183256,30.19892242144496,45.13028548491536,55.81389644649275,24.066797375991047,17.25618535034608,101.44781150480966,32.18333892743268,0.1,34.55762913296208,14.483580167015074,0.1,12.314018834305772,23.50559736751145,12.478117827432664
k__Bacteria;p__Tenericutes;c__RF3;o__ML615J-28;f__;g__,31.805526404168315,36.33183053541881,28.547459686688978,30.796189846420827,29.2583422884329,28.48387221121775,20.838021646057165,23.29139743846452,9.651687779278255,35.40333623492519,33.05194519518941,26.26582595349824,28.38113252655889,27.909796361462647,19.497543376157765,30.194445875123304,20.042280325271555,28.62886095710764,42.48151001677301,7.583148934833951,19.007446456583672,11.412222778022327,20.376288229581164,26.16219125964808,17.645877108823527,37.35485737386447,20.43516616160728,11.50494561981015,25.846315842182523,13.304166256649385,16.554659014989788,37.55926013755217,36.72934914443603,35.140733044590625,25.59501191715546,22.87495898533673,27.902614275059648,18.03090220292668,0.1,18.153610432184557,17.92582774692518,0.1,23.18540102954513,21.13741494698263,23.732699891885037,22.489215401155445,25.61599304859209,23.974074842523947
k__Bacteria;p__Verrucomicrobia;c__Opitutae;o__[Cerasicoccales];f__[Cerasicoccaceae];g__,23.474418480530954,31.775862953993524,23.532719993874693,23.499211356760668,26.217430283513725,22.896725335715647,16.08586302532866,20.284592801681583,22.624180154022127,30.708209442835145,28.88123609373136,22.240639854550626,23.578027581297743,24.37314872778306,14.224132018240962,27.209604961683947,14.454059496996164,25.020880128968205,29.974942068709012,24.532732978426075,16.982153138010496,32.68943074185248,14.928724945029298,23.334576861105326,13.7935654682181,29.628432690887095,14.691118519251699,22.46399399773899,19.858850780091995,10.061832887609963,13.9020088011472,32.921204133983544,29.68321757644965,31.34377005054995,20.445611268584855,16.363159843441224,19.87911946880942,14.109336782977776,0.2,6.076829007416036,13.157936697738943,29.704685560170336,17.76266854373091,17.985506398636552,22.2908186269755,19.461625692459833,21.169572273491827,20.81490003388872
k__Bacteria;p__Firmicutes;c__Clostridia;o__Clostridiales;f__Peptococcaceae;g__rc4-4,30.126687116758127,32.026545845840985,25.855218662882574,28.80016293776333,25.488989650320267,26.078493633454016,19.398247562908406,20.572825109509104,1.6820334884580068,31.33108885814404,29.14785383892385,23.505402846535336,25.616783155580602,24.62022190431037,18.54838550937636,26.23068387852974,19.14720796050072,25.245012332972216,40.90283481429371,0.1,16.58267961475096,0.1,19.35378207054677,22.843932656945853,16.343941198776406,34.39248959677321,19.544822439614716,4.172869845653871,24.10533380985831,12.485178733559875,14.870512394393337,33.073955865840865,33.55144090950611,30.683181768931927,23.495629899698905,21.917760855443326,26.77376682609037,16.693434724568732,0.1,20.719161830580312,17.014474957116878,0.1,21.648530872198187,18.873921119289047,20.1820293219995,19.92411783776415,23.174526389870774,21.20673794703375
k__Bacteria;p__Proteobacteria;c__Deltaproteobacteria;o__Desulfovibrionales;f__Desulfovibrionaceae;g__Bilophila,19.877499760662253,30.02551528777905,21.475202946047325,20.382393571175975,25.10644845967284,20.56634551170535,14.06498146026379,19.121560274661032,28.902017939472998,28.881079709302306,27.27652476809089,20.627475391440424,21.619223565978885,23.011054670998163,11.940099110902825,26.135990294240518,12.026591244530374,23.63309927514989,24.515056327478263,32.677704315804526,16.23674177537998,42.935659478657115,12.571949751783716,22.289579350439343,12.163971044995966,26.382482341398696,12.19406157830655,27.80579767214067,17.307975126946303,8.672563621207082,12.830276173193948,31.14587245198733,26.75353766203413,29.940643283810736,18.290295250466357,13.529009491073186,16.38379486027411,12.451222512844565,0.1,0.5429449105643446,11.096258000730538,50.391082207620876,15.449836731468995,16.728845098206516,21.87683479625609,18.27953393719156,19.34870878785413,19.5872376068382
Unassigned;p__;c__;o__;f__;g__,40.13479785521582,18.377973480496628,22.385745273306178,34.59893730933199,11.322339391136259,25.567240771247945,22.385145452037968,12.25834634822229,0.2,19.323555895572834,16.863047912435277,17.336556558673124,21.245245860290446,14.321527759529479,25.52410516435192,10.835394435394814,27.164562866163063,14.580955623636711,61.24237997891932,0.2,7.63115788671864,0.2,26.322754165814395,10.724951253799901,18.00432219901345,35.74043414344514,27.953335065300188,0.2,28.28108695551318,15.44525907988423,11.567321060926927,18.60111976862625,32.09146292938918,14.399787159772043,23.687967833797956,31.74455531299212,39.16725736435336,18.315207818983424,0.7138281169978821,63.448783896271124,23.021253626401318,0.2,25.655699330264305,13.46786968084563,3.5099279006591986,12.524660726220835,19.791502871708975,12.973348219887702
k__Bacteria;p__Tenericutes;c__Mollicutes;o__Mycoplasmatales;f__Mycoplasmataceae;g__Mycoplasma,35.54268353859509,20.365561846425354,21.85523506293921,31.274907157956378,13.838711591890128,24.187005799166432,20.406132766132192,13.407008830238853,0.1,20.88767518001881,18.633243580055627,17.706902242832804,20.9838067458148,15.794728537299953,22.466631347632028,13.655893566397008,23.777471036104465,16.120959388698736,53.098148812143,0.1,9.193301645991154,0.1,23.220096522882905,12.816842680728175,16.579074488146485,33.34823827884649,24.432363743022808,0.1,25.69060449425522,13.878044246436794,11.632066737205713,20.760590613843387,30.542604998239284,17.211126543166234,22.259759452118406,27.68370542574873,34.09653730081943,16.88044434502807,0.1,50.152152987994086,20.32751320385959,0.1,23.25654883922507,13.893281806149409,7.045216145909011,13.452459291848404,19.393284539442803,14.062010966409293
k__Bacteria;p__Lentisphaerae;c__[Lentisphaeria];o__Victivallales;f__Victivallaceae;g__,21.073319230764767,24.926689359422845,19.338821234965653,20.53713773656925,20.1818501751304,19.19523638898911,13.92821967277389,15.965028758402253,9.064560312884627,24.245643976361837,22.67192833438292,17.8945814774712,19.257564264888646,19.142129246323815,12.889813285928097,20.853970316215843,13.221094123659334,19.638712211584185,27.909378200391465,8.285664833859036,13.102401275984484,11.740771827791574,13.481690616781826,18.027497832467617,11.824178293894542,25.104621417221693,13.472294197986244,10.029302709055688,17.259740446597153,8.856686424912434,11.25856018842844,25.781180405055654,24.779127168724095,24.2144945344304,17.226236421253354,15.066660972375544,18.364280964096356,12.084725863316942,0.2,10.766998672451084,11.86460472646443,2.363735004012572,15.473923993881485,14.415704364591761,16.546855627622197,15.39375968209156,17.362157968479355,16.421904260380693
k__Bacteria;p__Firmicutes;c__Erysipelotrichi;o__Erysipelotrichales;f__Erysipelotrichaceae;g__[Eubacterium],22.917830242764268,24.09532121310559,19.535519294883834,21.867175518174186,19.14033375665536,19.737163099821103,14.71842868645301,15.48305424413753,0.4428895031609309,23.58691508353902,21.93103387726245,17.726825222570657,19.34506621669514,18.525272809958654,14.119012830006865,19.68829042101029,14.58383659273319,18.994244287925426,31.189842855592666,0.1,12.455279934218455,0.1,14.728666249006274,17.160460154537727,12.391533019512751,26.051794588983235,14.88916409972132,2.4201818359756477,18.29504851934276,9.484574188563483,11.221348662882075,24.879178934735762,25.38412035353361,23.04927599247136,17.789555325536565,16.701239841834685,20.405789761342856,12.655692476893744,0.1,16.15657349294004,12.947079319089253,0.1,16.433260156951974,14.228957936320338,15.095062723386107,15.002036155552926,17.50704648357965,15.963853764443199
k__Bacteria;p__Bacteroidetes;c__Bacteroidia;o__Bacteroidales;f__Rikenellaceae;g__Blvii28,12.113537026301804,19.483379505381507,13.675801070191374,12.605181454224875,16.404932320851568,12.981157539493587,8.740088056308249,12.392308316387966,21.317583527519734,18.69456942363575,17.694870501417313,13.252847142396366,13.803734111352837,14.92508791728815,7.236679872653379,17.10434460029975,7.248254541906,15.332133300962017,14.610147076345882,24.439497883686577,10.600665885549741,31.96472758871313,7.635124926047168,14.545463084567823,7.5968175564971165,16.569630367071518,7.337666744037433,20.284366814483985,10.734696134188065,5.343107573272935,8.221261471955605,20.22335432773098,16.91917827396275,19.538486244033233,11.517884548044929,8.120445394522152,9.813634809110091,7.779423083877817,0.1,0.1,6.744858245611205,40.30316140988028,9.570719675961817,10.76464921586808,14.473017025285671,11.82398600036255,12.332206748070323,12.682417572482654
k__Bacteria;p__Firmicutes;c__Clostridia;o__Clostridiales;f__Lachnospiraceae;g__Anaerostipes,17.019823460263222,19.498779992293624,15.304578795862607,16.48852436784301,15.709734134697163,15.263803088660504,11.158964904178948,12.49917752272749,5.342411491433858,18.997542009462627,17.738213607619972,14.08811725930685,15.217499026349854,14.978371751694937,10.431651569119431,16.21411493624572,10.721180131630927,15.364499362356415,22.71697392422769,4.274848218602743,10.20513185587325,6.3849390324598705,10.902528765874894,14.046069228309493,9.451509269030966,20.01297102592292,10.930815596315666,6.316623986029753,13.839888327135904,7.122125200373721,8.878044316639867,20.15834703997611,19.68416482835827,18.866519247036084,13.714257417599713,12.234927204020991,14.9231027793969,9.657906526217904,0.1,9.630507327527846,9.591667559536221,0.1,12.414460086847756,11.338408646696465,12.754581050439825,12.06726718082393,13.733601614292676,12.864795956011735
k__Bacteria;p__Proteobacteria;c__Betaproteobacteria;o__Burkholderiales;f__Oxalobacteraceae;g__Oxalobacter,20.64223857512617,16.23996741961782,14.883534734849498,18.84825465837467,12.14893105045793,15.713840222370695,12.479383134932954,10.538403965297011,0.1,16.20311111124979,14.81241274288301,12.822861973192884,14.52691478600678,12.529840424614886,12.90015677529474,12.310713530424135,13.508368980113204,12.823384576316945,29.611469543002052,0.1,7.966123228239925,0.1,13.387579468311579,11.02384619187845,10.313386076057904,21.19842918551928,13.841649749982734,0.1,15.616557775508873,8.275722205459514,8.253073958588425,16.68233734206396,20.0283317070117,14.805535166763839,14.31085874658199,15.615496176261908,19.166676743225924,10.51651866933235,0.1,22.615012991858645,11.741265563531918,0.1,14.085284514378625,10.189938636238931,8.338330905633423,10.359426372554367,13.276219173976171,10.942336519937145
k__Bacteria;p__Firmicutes;c__Bacilli;o__Turicibacterales;f__Turicibacteraceae;g__Turicibacter,11.378903714444624,17.477408848722455,12.437124646024639,11.712814294224641,14.641786877096855,11.882499941949494,8.092693296223267,11.126581475937565,17.448836130215227,16.79997936843107,15.876114045817475,11.974693512851662,12.529369361174274,13.392772550892131,6.825433533886735,15.248716665850813,6.864909768491543,13.755686136647535,13.953270822834547,19.810541392390906,9.46696330064698,25.99354747742361,7.190404176640923,12.994414204690822,7.008171412888292,15.222706995559335,6.957692979810848,16.732206227649502,9.953613985496707,4.9787644470442105,7.442883594164871,18.132719574800447,15.465231949932509,17.454888627041203,10.5609733366046,7.7143829161084545,9.337252813393542,7.174451472191618,0.1,0.1,6.3478464405966,31.187356417870323,8.882207667125988,9.715508376800525,12.801832421779931,10.631098167219648,11.208174520492864,11.394701408641346
k__Bacteria;p__Proteobacteria;c__Epsilonproteobacteria;o__Campylobacterales;f__Campylobacteraceae;g__Campylobacter,23.23987196248125,10.091014212480113,12.688964251368251,19.94891175866914,6.0429751596373125,14.596583571418314,12.883632518522019,6.754677417931774,0.1,10.680994092236821,9.266405455878392,9.72175121487497,12.0099069978742,7.873881529901804,14.7980707911833,5.727569140185148,15.767076677651325,8.01111250972464,35.61519727751675,0.1,4.0909347818727575,0.1,15.254305746582267,5.763408407173286,10.339865775247263,20.466857899128357,16.22968541204352,0.1,16.289151946974204,8.916583102967824,6.5111101980042445,10.19364892603201,18.29660951897727,7.737843320274923,13.543805105053902,18.43925773098185,22.75895847753918,10.516375003287411,0.1,37.552466825917115,13.338390792956831,0.1,14.783615222099586,7.5337838615010115,1.5024000390919436,6.9345174211018445,11.208930621026152,7.165759956552424
k__Bacteria;p__Proteobacteria;c__Gammaproteobacteria;o__Pasteurellales;f__Pasteurellaceae;g__Haemophilus,29.8251256434521,0.1,4.528109480984378,21.92741994042377,0.1,9.788044185680494,13.163764684197405,0.1,0.1,0.1,0.1,0.1,2.8544003748448343,0.1,19.784787146025764,0.1,21.849957806355746,0.1,52.289514509074834,0.1,0.1,0.1,20.102874113536387,0.1,9.595137833749881,16.441624104095542,22.696228803386912,0.1,17.168823702497413,10.285440714034824,0.3194915340181104,0.1,11.191255017157411,0.1,9.959435227407184,26.146107580423713,32.619470151961806,9.670829937185346,53.540398496706715,83.14169481405091,17.463629642584902,0.1,15.868016670866135,0.1,0.1,0.1,3.5811876191569,0.1
k__Bacteria;p__Firmicutes;c__Clostridia;o__Clostridiales;f__Veillonellaceae;g__Veillonella,15.177907065275477,13.902996777674543,10.371014307569533,13.658337076408902,11.467163822814653,11.066074361792916,8.991976104015855,8.914270834719948,9.446031353514327,13.447901837809123,12.646494844892029,9.785866053764991,10.38421713152286,10.688609143554192,9.528577269116388,11.892260791928058,10.020615549844909,10.969335104822173,22.132004445341902,10.148839735056567,7.4646493240405976,13.528740465376995,9.872379315968846,10.220832962455546,7.382762383111375,15.050782564565989,10.279453348035744,9.436927126080827,11.278749733212877,6.021833828143338,6.158424307144188,14.398078096745564,14.05591816852709,13.694600158157682,10.117558407975697,11.617247874655927,14.279098968653445,7.523892385642484,11.970311698253493,18.5354005782661,8.652025697376686,11.574478067475779,10.187277824699722,7.929678567078598,9.730728983124596,8.560906850803386,9.337679854742689,9.14689604211124
k__Bacteria;p__Actinobacteria;c__Coriobacteriia;o__Coriobacteriales;f__Coriobacteriaceae;g__Adlercreutzia,13.332210731816707,16.785586806608688,12.739053903489092,13.150564433530427,13.714581033845706,12.527627448357231,8.956355350832954,10.733801408095546,8.907885012212015,16.276443743900767,15.262087930268658,11.905569873201824,12.722050801856605,12.883000985290609,8.12081598382445,14.201476634195874,8.295168786801698,13.22112289395392,17.374806434660695,9.118337709109463,8.893949672814289,12.39546113657117,8.506741028707566,12.229256724229481,7.638255968359338,16.30399306086591,8.44326051173166,9.205441861228957,11.07974241192031,5.6529077449307765,7.467481592071817,17.375199677234715,16.20378778669939,16.42651755467173,11.2166295948166,9.42560911950132,11.47200748222908,7.809562206414758,0.1,5.313028041805968,7.491416388035166,6.662443667616457,9.922855033698543,9.608405367260932,11.445915442887573,10.325114454341355,11.447652551109432,11.028261969882168
k__Archaea;p__Euryarchaeota;c__Methanobacteria;o__Methanobacteriales;f__Methanobacteriaceae;g__Methanosphaera,14.68999017855849,12.888343923221493,11.252757891060407,13.619867447887357,9.88632991499518,11.685567473106786,9.070407726269208,8.329931555541664,0.1,12.759506869744381,11.745265449630905,9.891453522350462,11.044071101351822,9.929581479570633,9.135748159082977,10.082308515073512,9.522391852167596,10.169883049704552,20.702862603129887,0.1,6.461639291101134,0.1,9.497655588403443,8.9252724885181,7.546075928140508,15.63813766829484,9.745370519159477,0.1,11.323514271312686,5.9544814294908015,6.325086400602528,13.26740438175422,14.944029841116455,11.987489229001985,10.601547162119283,10.973193475284743,13.448118102432884,7.699114324515808,0.1,14.12914869814837,8.336204898548338,0.1,10.198294802778733,7.891602466751702,7.215222288312094,8.140598609998198,10.055368102552952,8.624486766258974
k__Bacteria;p__Actinobacteria;c__Actinobacteria;o__Actinomycetales;f__Actinomycetaceae;g__Actinomyces,16.58440846352994,5.218185024807238,5.00097414554383,12.968890291274882,3.9096002847725173,7.3319060069751885,8.03168344272407,3.4239207435059735,0.2,5.214405226749425,4.769075343353048,4.1636762890382,4.716442261028879,4.050030096343091,10.833824770255307,3.9552698246684463,11.808643823124477,4.141965927954267,27.685561328753476,0.2,2.5996197650348436,0.2,11.067182425496846,3.560382496246459,6.111551632373159,11.21754913419137,12.225869545239672,0.2,10.335903598977989,5.963800463513994,2.7187179701043145,5.355400112790157,8.818727295692312,4.747419423993766,7.105641305789148,14.014464734675848,17.41766053326726,6.18549834276218,23.60597181890255,38.84982805282393,9.637727706534296,0.2,9.479236907200148,3.326827863730498,2.680872700552997,3.3712353561436035,4.321968564007256,3.5532708548720975
k__Bacteria;p__Firmicutes;c__Erysipelotrichi;o__Erysipelotrichales;f__Erysipelotrichaceae;g__Holdemania,7.261099270278763,9.1317042100213,6.932984406031458,7.160586636245289,7.459842146650787,6.81904693705638,4.87643248706356,5.839569202049702,4.819610421414222,8.855196798882185,8.302938085567451,6.478239494209469,6.923378418833775,7.008685962835102,4.423168074584666,7.724399725530737,4.518479499814349,7.192596085255167,9.465647108402962,4.927164574185865,4.8378230577613985,6.701016763275424,4.633238563560084,6.652121625777508,4.158427267106912,8.875383360684323,4.5992432591263395,4.984810520643344,6.032731731090702,3.0782347588503023,4.063539492072466,9.45233171058402,8.819746697839552,8.935225693560762,6.105696318247063,5.134522720819571,6.2494496845058585,4.2516605108893195,0.1,2.9086818111812462,4.080186295363463,3.5459976776189115,5.402930116737768,5.228105321279635,6.223950806726457,5.617461564767676,6.230061034129617,5.999886365674987
k__Bacteria;p__Bacteroidetes;c__Bacteroidia;o__Bacteroidales;f__;g__,10.992908954425475,6.746290801805787,6.98171821503057,9.742372418400876,4.697149702458184,7.649770409354193,6.37505790374187,4.425720510712092,0.1,6.87328309699626,6.1677616061735705,5.734041672233699,6.727356507951957,5.225541275776197,6.933653238734496,4.667782187041649,7.323553681725802,5.336995805603096,16.29820490095794,0.1,3.1097887930896633,0.1,7.171744319439725,4.32718343263963,5.197142416969871,10.499857021820445,7.521330754436175,0.1,8.016385200946914,4.314184590435723,3.7495249349772948,6.8900650360861215,9.678694929317713,5.810985019792018,7.0249259981448695,8.51532333771393,10.481164610813401,5.293202717968733,0.1,14.850999638147345,6.280514135664946,0.1,7.251631411865602,4.51213606508905,2.609685524415029,4.4189491306762605,6.2022678585985505,4.630690352823543
k__Bacteria;p__Firmicutes;c__Erysipelotrichi;o__Erysipelotrichales;f__Erysipelotrichaceae;g__RFN20,4.39142694661895,6.8737725893862445,4.863754475377481,4.540272513947231,5.770661826308517,4.634419345361963,3.141518620289196,4.374363742500325,7.136331854576121,6.602409003542813,6.243489196095479,4.69546254154992,4.903716764655237,5.26659642534647,2.6298043121218266,6.012712673370719,2.640571460787241,5.409692060098419,5.349149797942496,8.136947661467595,3.7302219959904046,10.66150483249078,2.7721106316902513,5.119381357478085,2.7246257400037037,5.928281631799889,2.6750054952079663,6.820102253600685,3.861685600324726,1.9277358030487268,2.9161133946926423,7.132889499070474,6.035284134050215,6.876684555683665,4.1161271691469965,2.9636925887332657,3.584946668608457,2.7896179460258312,0.1,0.1,2.4479260054278544,13.078131426097938,3.4447676746816533,3.811380568186174,5.064509997094225,4.177149596260989,4.3842896833284195,4.4785250418465
k__Bacteria;p__Proteobacteria;c__Deltaproteobacteria;o__Desulfovibrionales;f__Desulfovibrionaceae;g__,4.753975270315774,6.8779834343844675,4.985638059434285,4.8277075847608915,5.722154008077237,4.804255381744832,3.3206980787366915,4.384177390440107,5.96545362734184,6.627633038907559,6.249471321942392,4.758952914579889,5.00981615763287,5.2728715474725965,2.865792654200844,5.9499796891780905,2.8969924918424894,5.41449395483959,5.947346745050892,6.658617343829754,3.702823626603855,8.78632664437988,3.0134860255675657,5.084972196553286,2.862154392235611,6.184001037877293,2.9402776054476085,5.796615818830197,4.091627515792997,2.0593459299367343,2.965689040438872,7.131306945110175,6.241196702779359,6.830379510702054,4.279390543850768,3.2674087112420223,3.96206630848093,2.9289242533276094,0.1,0.5770958656174561,2.658245128639598,9.599374548626058,3.655307773435616,3.8552555361231913,4.9404843155241736,4.196900328628072,4.489247285623307,4.493934797747476
k__Bacteria;p__Firmicutes;c__Clostridia;o__Clostridiales;f__[Tissierellaceae];g__,7.9785404543568825,4.491577854354098,4.866275910680924,7.008100671920251,3.0318949508197703,5.399210444213841,4.569329341204749,2.959654102548342,0.1,4.614949800646304,4.110356459475612,3.928744628523444,4.6679480711245125,3.4846745131886467,5.045940301457902,2.9859956288173843,5.342971616884945,3.556018100367897,11.941600099155671,0.1,2.01603954190021,0.1,5.214172524801233,2.8121515413738503,3.709212301783978,7.452728216199057,5.49083416362223,0.1,5.754340250145744,3.111398432842459,2.583975556450788,4.576390148620464,6.814593674759207,3.776265352519286,4.971732676950748,6.222763961001696,7.6654440284209935,3.776353295062701,0.1,11.376168388181831,4.5642421420348205,0.1,5.210082957759008,3.0802556729131667,1.5044598863733538,2.9735821917918908,4.3168423672622325,3.106260746993065
k__Bacteria;p__Firmicutes;c__Clostridia;o__Clostridiales;f__Dehalobacteriaceae;g__Dehalobacterium,5.556028731943295,6.280646591031165,4.954081682063559,5.369458195121118,5.049495055528634,4.950819322526604,3.6307376673998566,4.027506816509003,1.4795804082365438,6.123542879111327,5.714002903948691,4.550289052456491,4.9227879590489225,4.825228145186777,3.4081917862071687,5.209008097301302,3.5056429792272734,4.949281230233072,7.439356488257268,1.0724791344983422,3.2810269313185314,1.670373600101848,3.56095136027084,4.516596769416044,3.0722614331828164,6.4980140782937275,3.5749799910464066,1.823672515527812,4.504604493748227,2.320841477468376,2.8694681958621717,6.491874416036029,6.38186715541927,6.06662311127853,4.450419594917012,4.002895147590058,4.88375772638975,3.1390996514898832,0.1,3.2687243493253564,3.132383017731489,0.1,4.041537467636443,3.6606801370797775,4.082214474041429,3.89045102190622,4.444648734664782,4.146409767303283
k__Bacteria;p__Firmicutes;c__Clostridia;o__Clostridiales;f__Veillonellaceae;g__,8.887851526984734,0.1,1.5331856374860708,6.5917921209299815,0.1,3.0566770415908016,3.9754858749250914,0.1,0.1,0.1,0.1,0.1,1.046965482493516,0.1,5.883435649642518,0.1,6.486008286591943,0.1,15.479294948507542,0.1,0.1,0.1,5.982406471957882,0.1,2.916793397993728,5.053196383903871,6.734246910151312,0.1,5.174702530549403,3.0831506253968137,0.22086259260861352,0.1,3.5271361314596583,0.1,3.0839469082990916,7.75270342446509,9.667222651639909,2.9417078646988415,15.119605219215355,24.22969811222964,5.198735955721589,0.1,4.7771924513881885,0.1,0.1,0.1,1.236111560938586,0.1
k__Bacteria;p__Bacteroidetes;c__Bacteroidia;o__Bacteroidales;f__S24-7;g__,2.6288740039238547,3.4978076298336243,2.605248506863639,2.6222263324236104,2.8794603135652284,2.541236236300794,1.79279253116893,2.2337668011950416,2.343878077817652,3.382923739069489,3.1794433273063505,2.4557516922241525,2.608264760367148,2.683315477705924,1.5949800907575802,2.986884281655011,1.6228367456606538,2.7544215144943,3.37374392716388,2.5155559411666486,1.8656519386323287,3.3637513468668927,1.673200731392966,2.563930635271072,1.5353007841191784,3.292855246565273,1.650032570903028,2.344646776458676,2.214387872014775,1.1238439024564864,1.5362569737306135,3.6231417890030064,3.2926675282750635,3.4439451634101887,2.2706438019987294,1.838858016761751,2.2349908820279207,1.5702767832041897,0.1,0.7701782101133773,1.4744293173119305,2.835072444065432,1.9812581103724591,1.984979023960824,2.4378667572779555,2.1444306987270423,2.3430453265667626,2.292831487441509
k__Bacteria;p__Actinobacteria;c__Coriobacteriia;o__Coriobacteriales;f__Coriobacteriaceae;g__Atopobium,3.2169022000281933,3.0894608783552986,2.5968052822212235,3.0240044326840447,2.4138759981165427,2.659868540004538,2.0243114414974834,1.9907301581304264,0.1,3.0406601388405816,2.8136287997525344,2.319799377194617,2.5601547668528606,2.3776376323362394,1.9916501315475,2.4730135316998227,2.0670524208440084,2.4365607167130428,4.459389622122809,0.1,1.5740289943139352,0.1,2.0739192895825527,2.1712366028391696,1.6939338038563545,3.5353533125613255,2.1130326270514064,0.1,2.5218323918717216,1.3170071255050886,1.4757560039369622,3.1853606932187453,3.4111596987141577,2.9162539342329974,2.4053100740499715,2.374980646937067,2.906468525136744,1.7291484209824797,0.1,2.6998783557442088,1.8216131092925023,0.1,2.2683037600204647,1.8565516690067052,1.8371058394879731,1.9368364951241812,2.32384981864508,2.0566577125511607
k__Bacteria;p__Proteobacteria;c__Betaproteobacteria;o__Neisseriales;f__Neisseriaceae;g__Neisseria,2.41514258810095,0.1,0.1,0.3480353754391857,0.1,0.1,0.1,0.1,0.1,0.1,0.1,0.1,0.1,0.1,1.910426584047855,0.1,2.396875922883524,0.1,6.7917501275562735,0.1,0.1,0.1,1.8322785561845911,0.1,0.1,0.1,2.5635403340582807,0.1,0.1,0.38305232325418187,0.1,0.1,0.1,0.1,0.1,3.0815415968665807,3.9669312619077712,0.1,25.094580661559238,20.311338568964764,1.5484548249145778,0.1,0.1,0.1,0.1,0.1,0.1,0.1
