,1015.3.30.F01.S900,1015.2.18.F01.S808A,1015.2.11.F01.S700A,1015.3.27.F01.S730,1015.2.20.F01.S1830,1015.1.27.F01.S,1015.2.07.F01.S2212,1015.3.19.F01.S800,1015.2.12.F01.S2200,1015.3.22.F01.S715,1015.2.08.F01.S2130,1015.2.01.F01.S2145,1015.2.16.F01.S1700,1015.2.01.F01.S946,1015.3.02.F01.S800,1015.3.21.F01.S800,1015.3.17.F01.S915,1015.2.24.F01.S400,1015.1.30.F01.S,1015.3.16.F01.S730,1015.2.04.F01.S100A,1015.2.20.F01.S2030,1015.1.20.F01.S,1015.2.09.F01.S1020P,1015.4.01.F01.S1100,1015.2.16.F01.S2030,1015.3.11.F01.S800,1015.2.22.F01,1015.1.23.F01.S,1015.2.25.F01.S2000,1015.2.27.F01.S800,1015.3.09.F01.S945,1015.1.31.F01.S745A,1015.1.22.F01.S.b,1015.2.06.F01.S2115,1015.3.31.F01.S1200,1015.3.15.F01.S815,1015.1.21.F01.S,1015.3.18.F01.S1500,1015.1.22.F01.S,1015.2.19.F01.S1737,1015.2.07.F01.S115A,1015.2.29.F01.S1030,1015.2.06.F01.S609A,1015.3.06.F01.S800,1015.3.04.F01.S700,1015.3.08.F01.S745,1015.2.07.F01.S1400,1015.1.25.F01.S1015A,1015.3.23.F01.S715,1015.3.10.F01.S800,1015.3.04.F01.S2359,1015.1.29.F01.S,1015.2.14.F01.S900A,1015.4.03.F01.S800,1015.3.14.F01.S800,1015.2.03.F01.S800A,1015.2.10.F01.S2100,1015.3.20.F01.S700,1015.3.12.F01.S730,1015.1.18.F01.S,1015.3.13.F01.S800,1015.1.24.F01.S,1015.1.19.F01.S,1015.2.19.F01.S1500,1015.1.26.F01.S,1015.2.12.F01.2200,1015.2.17.F01.S700A
k__Bacteria;p__Bacteroidetes;c__Bacteroidia;o__Bacteroidales;f__Bacteroidaceae;g__Bacteroides,12174.56442199523,8038.200748057109,12009.505416940126,12196.98223679978,9678.291563650293,11567.070214265286,12766.174290945528,12054.523092984387,13564.017673435033,12090.133087846492,7424.166229548659,8124.97968763162,9128.528384601734,10364.574182267137,6730.672966874582,12739.897310018532,8227.10476708188,12827.086625766095,11758.571073162173,8588.656942607735,13473.93816308869,9994.852722053849,13254.675581019295,11047.5455438854,11836.055782440066,9650.430994717628,8707.171880928989,8510.944972606801,9405.8907277783,6544.002199684087,12027.287397947772,12271.267662170669,10821.90422289625,9457.396744977312,8514.763199440202,12882.279861620751,8848.65276884367,10598.404465077836,10725.584051422738,5766.3115616923205,10554.622932085307,7511.9698170487745,10243.971560840855,10210.408401651774,8302.658974009479,6081.093656346416,10581.107963213477,10147.458803303974,9535.970305837694,11927.60873308624,13289.96528149487,12129.464864203039,12378.389465851926,10901.71965958296,8278.418531367532,11083.609843734852,12481.250293520492,13113.92014447099,12911.7873750829,11533.651640034454,11703.52718318256,11695.943645585301,9986.735894958249,6805.187999928648,10359.570628309695,391707.2131178758,150159.78958613623,8887.912182655838
k__Bacteria;p__Firmicutes;c__Clostridia;o__Clostridiales;f__Ruminococcaceae;g__,2005.143432922945,1324.0607933749232,3623.600456116072,3543.1721267677044,1650.1821513734483,1904.9377433791808,3855.3745580549094,3466.781465187242,3868.4232217787426,3444.9399044606484,1943.9813591263323,2558.6736408347156,1503.3716788588333,3091.9037115335736,1575.2787898548409,3702.1803668418625,2410.7290378757743,3659.5155247157304,3560.922128574102,2614.136346933648,4019.7676802432743,2709.944891665324,3987.287218592327,3343.2063178208464,3430.4575136752205,2070.0310010851995,2581.5943524931613,1688.820824617982,2891.737928867582,1349.9054167472896,3483.7335628330657,2021.300843650919,3333.9263845585433,2872.6496221203574,2583.475056263464,3760.1937807256354,2589.847899020152,2893.38292637012,3089.726699998883,1845.8695507400714,2856.1683957666246,2358.2905008334424,2338.5507999112515,2996.240020385532,1815.5498348334895,1790.032092557913,3137.878649107612,3094.7393255684965,2911.0074007011,3521.2255794945822,3163.237792377909,3234.1316616328663,3668.138900112178,3174.18263961594,2454.869274494892,3238.918302214984,3741.9395422182847,3979.8740855127476,3724.553833450568,3402.2107683508675,3545.602891100169,3370.7676409025726,3034.9905297097407,4569.253852504474,1999.0902933231969,105835.53103605218,43550.693603425585,2161.428306552795
k__Bacteria;p__Bacteroidetes;c__Bacteroidia;o__Bacteroidales;f__S24-7;g__,250.9855526514472,52.18389089186598,3489.8375776115104,3301.138573324135,3.448692693452031,365.62170015440614,3715.8703819236657,3200.44163866961,3543.5598244111834,3152.9465725036516,1631.7923471531165,2528.7340629709097,282.6967654668217,2949.043368070429,1147.2221841677826,3450.3760725694583,2263.586315071285,3353.2809569268043,3440.0577678023255,2536.0700141596244,3834.2782476137986,2361.6176273091387,3830.3424826570567,3227.796881732614,3189.488522063497,1310.1020668908711,2449.268949357306,912.5988724957997,2821.9911604648764,792.9006792236528,3237.2057902160645,65.3965247865475,3257.1229967820154,2782.1094668220944,2499.7478105927094,3518.47065521864,2429.2566081181626,2539.36392095017,2856.730955034525,1839.5456694936252,2484.0316373500846,2326.9345200034154,1641.3282039150317,2817.0033762979365,1188.5836555989645,1687.5749047972984,2977.601492105221,3007.028952999071,2829.950583232165,3328.1786297546796,2358.9413374880196,2769.1083523644506,3478.519730111634,2963.493625888666,2329.366883474904,3033.8413116319693,3584.3208240730837,3851.6688896456612,3447.9774431907967,3213.4377751886523,3426.350716573302,3117.861832292719,2940.588847963402,6048.927625305053,1010.4360790370442,91897.77926325296,40516.63494723621,1659.1581788910091
k__Bacteria;p__Firmicutes;c__Clostridia;o__Clostridiales;f__Ruminococcaceae;g__Faecalibacterium,2175.505631349963,1426.1142651014,2437.6521782529485,2453.839910566989,1592.714623472796,2078.4315709839757,2591.791709343404,2419.591957940429,2717.395177758881,2421.618919906651,1459.6746668588412,1664.262147627922,1639.7319587498587,2098.122886121075,1293.4608107668862,2563.272321399803,1658.4815765234564,2569.961116633595,2388.798893541698,1746.9221943977475,2727.6052134568486,1979.9190175537674,2688.4751605807205,2243.9696239338905,2379.9715706445627,1824.459962812745,1760.0764716030692,1587.2019215317587,1917.1574706716376,1228.589050476764,2418.081086916006,2175.8491961059626,2206.702299776269,1922.6801821770466,1730.5882590036606,2594.5752350626794,1783.297649692519,2102.638320624238,2153.6663593698718,1185.1667657147557,2089.920348739368,1537.7074058173696,1959.2091997052667,2058.986375273551,1575.1825698389082,1227.1706685330487,2138.98431548367,2064.9403213523824,1940.8774761280135,2408.6330800636733,2562.4126361876724,2394.0612271588275,2501.8709436823324,2194.415339949681,1673.4710835045275,2232.907693208175,2529.574959771664,2665.500433527716,2593.455069152938,2328.645421156046,2377.8319964977627,2348.752580237599,2030.5427162502847,2089.498620691836,1922.9249736532133,77535.79954737265,30198.586855243302,1720.9959416044808
k__Bacteria;p__Firmicutes;c__Clostridia;o__Clostridiales;f__Lachnospiraceae;g__,1000.9248949006106,633.6801724831296,2216.5046935185446,2087.21805145593,723.8743458020467,982.728097714471,2360.303970523953,2020.960792653078,2235.1784056923875,1988.5502410218207,1016.0033185830287,1612.586483892495,774.0748289631252,1870.592303685205,809.5969206292123,2181.6724608000054,1432.7404019015557,2115.252616006546,2185.7860397148,1612.3010813765811,2432.1217978189957,1478.8709715372686,2431.942190243967,2050.753470540918,2016.0429252826837,1075.6233342013284,1552.4655392906232,886.8849768931755,1795.778590949133,705.1362716808862,2046.0448798067837,964.1121141842636,2073.0623935316817,1768.319736306912,1588.6553923184226,2225.9584769458793,1537.382735156782,1591.8547973761101,1804.307541918596,1174.7145807567842,1555.057800546704,1483.498824087569,1205.5102274284452,1783.3436595273313,941.0425742172079,1068.7448906085951,1887.3967381295251,1912.1199011582676,1799.6757292429345,2108.479519777676,1622.3110605780626,1729.4218113586169,2204.716795446342,1874.2729499349348,1476.4939911250544,1919.6318556377546,2274.860558314204,2447.9024172347035,2178.117324878326,2035.5938940214016,2177.169069053392,1969.3508664564579,1869.1557524497969,4331.404974158377,1053.9728817953485,57516.08381278229,25612.355955011266,1105.7269484595347
k__Bacteria;p__Firmicutes;c__Clostridia;o__Clostridiales;f__Veillonellaceae;g__Dialister,496.5240791811449,277.54576911017966,1919.9787072037836,1842.7231018259874,103.19359779035685,528.0487093578864,2043.6615525701693,1793.8000419735079,1993.0040371105683,1773.9875568519035,955.1560022933767,1376.333186928574,414.12922625447777,1629.3121748245765,719.4776933785629,1925.75943290853,1259.2253312955772,1885.7131142420951,1890.0644865901625,1391.0938704254283,2118.335679781104,1358.5561167957183,2109.6413121670403,1773.9029071762113,1782.0366548279226,883.9653554589523,1356.3372722278123,672.5238756469219,1544.220859378554,557.3171987432296,1809.1465757325827,417.4122609541469,1781.4742984756003,1526.9118282977665,1372.4889963858468,1960.3042475705474,1352.00324299086,1456.087707605081,1600.0652267377618,997.7209547694358,1430.299734154704,1267.371968674867,1048.8552427132172,1566.1970362083496,787.6071911530571,937.1268019577077,1648.7770198824066,1648.5228779109611,1551.1096378506854,1846.0969283000293,1461.9556964121844,1605.984668183251,1926.6957430869434,1652.7317545025496,1289.8594707091013,1689.5239475946616,1976.612687758235,2114.5777951668883,1930.157186604439,1782.9992895522155,1882.2734705948562,1746.0064364218454,1613.6543736382273,2897.68814710698,774.3359529152542,52953.71350306525,22631.314249197392,1013.6789026668858
k__Bacteria;p__Proteobacteria;c__Gammaproteobacteria;o__Enterobacteriales;f__Enterobacteriaceae;g__,10258.230959158376,7152.607599491743,0.1,119.46471918478709,13217.460012785814,9321.258739414592,0.1,324.95701955391456,557.5818338317748,515.5229677183393,1329.8013373987128,0.1,7375.786264156556,0.1,2311.416433161827,117.13676044032476,0.1,519.8233479895007,0.1,0.1,0.1,1241.5695604645935,0.1,0.1,162.42283778898528,4428.726997896079,0.1,4714.209989263532,0.1,3321.047931970566,177.74644043608998,10966.83011624026,0.1,0.1,0.1,20.120164907719637,0.1,1199.5588809663448,258.7723537957046,0.1,1343.9003635967194,0.1,3866.605134889779,0.1,3605.625916875921,0.1,0.1,0.1,0.1,0.1,4251.988112784811,1829.2917365460376,0.1,63.76073053554867,0.1,0.1,0.1,0.1,281.69684470265304,0.1,0.1,273.26725828914954,0.1,0.1,6072.380772157123,50842.713246302585,1885.0110902142817,2572.012019612759
k__Bacteria;p__Firmicutes;c__Bacilli;o__Lactobacillales;f__Streptococcaceae;g__Streptococcus,1807.4679808104247,1211.429836394541,1269.3526902258425,1327.6759588386547,1677.984495559936,1697.0590829005537,1348.3550195204893,1322.0089054913003,1496.6825935643474,1334.932296816904,867.931137707038,832.2195668950386,1340.2220097327524,1105.4342065222595,839.4532572606878,1386.410156183745,889.6998576982501,1415.0129938022733,1239.1658854884183,901.4029428120942,1436.9805740366405,1142.363563643063,1404.3392183216524,1164.907347909316,1290.5994155558894,1256.620890480871,933.1281415779093,1146.693645695204,980.1101884793509,867.2408529795739,1312.0552550055588,1851.6518724566708,1126.031168873558,994.2395892360754,895.9441395567708,1397.228248890734,957.7613807836075,1205.782589249855,1174.8213415621992,583.5177588173991,1207.902437039074,771.1745259420954,1294.217213418958,1102.9543719932872,1071.3914824943695,655.3386624383312,1133.7625639203027,1063.3132139524453,998.58432634368,1282.5271198683192,1642.6929000077166,1401.681055067903,1327.1087463749898,1184.6369687111649,887.0682233752949,1201.092028285566,1325.9600352996054,1379.6079528186635,1412.8676359162037,1240.9288941469579,1232.98565375935,1280.6850877204545,1049.4506929584982,5.655001462930366,1411.6581432146222,44874.148493378336,16365.019951209724,1085.6643750387013
k__Bacteria;p__Bacteroidetes;c__Bacteroidia;o__Bacteroidales;f__Rikenellaceae;g__,877.9451588189122,576.9543892152286,942.9787277186775,951.9309972919116,661.8624412643768,837.1655595633662,1002.5378310694151,939.3385773833598,1055.597228091097,940.7625895818668,570.4734938116948,641.9461439914384,660.5366031644992,812.3302639283208,509.3068083286768,994.3580558205052,642.9715722121964,998.2999750554525,923.824392969386,675.331708684788,1056.0411294581952,771.9144188591863,1040.2427724247443,867.8612363621377,923.4307279737844,722.3022771734165,681.7615505188081,631.2559856994901,740.6494405406221,487.53157425888946,938.2598442061744,880.4507654792193,852.3949802211334,743.3926210177084,669.1773831231187,1006.1716467396699,691.4206212385801,819.3609082370449,835.9984233812918,456.6552662745751,814.9124852388624,593.2516483106298,772.6723148680255,798.155867364373,622.8836879629162,475.5971708035328,828.517220459155,798.1545066513335,750.1553792481913,933.2781340793551,1007.8681282443362,934.4749636159167,969.1321154464855,851.1468507322669,648.2073403242769,865.8436774999155,979.0093218510135,1030.6668334570822,1006.6130331790573,902.3386823058535,919.5566572821755,911.6959755626805,785.0665061924976,382.3481704536365,765.9872100979553,30236.452499878847,11716.48505971691,675.965540289073
k__Bacteria;p__Verrucomicrobia;c__Verrucomicrobiae;o__Verrucomicrobiales;f__Verrucomicrobiaceae;g__Akkermansia,238.24613647364842,131.88987224310958,957.7905826036329,918.5525492628988,0.1,254.81061399591502,1019.5080410013808,893.9766647749188,993.0760673089802,883.9269158354563,474.9740038921932,685.3593030058637,199.77934004314076,812.6097674718737,356.5914888325304,959.9511183019728,627.8053350641444,939.622047402632,942.9342140596533,693.9481095547168,1056.5088670942614,676.1626956001467,1052.3434004655762,884.9702360905568,888.2593766250476,436.6771475352845,676.382778152728,331.0078259759025,769.9194340191033,274.83476062438604,901.7607282060866,198.16458923499755,888.1211906308927,761.8046539577521,684.7458278026515,977.2607363517931,674.0451004773129,724.8235792741738,797.453135435559,496.4059206342605,711.8366975398186,631.1965366375688,519.3893808236595,780.873815056334,389.3845595979402,467.2616967502221,822.2211623032622,822.2750756770225,773.6439998305225,920.5381986258304,724.9851972701438,798.982177177439,960.8008974925765,823.8857776000074,643.2334813017238,842.2899987578041,985.9203133566556,1054.9847849930763,961.9945510328466,889.0608890907938,939.0542026933699,870.1967136283023,805.0590799780301,1397.7082740182266,380.53490596614296,26353.20902525188,11280.78020670829,503.0249376393464
k__Bacteria;p__Bacteroidetes;c__Bacteroidia;o__Bacteroidales;f__Porphyromonadaceae;g__Parabacteroides,745.4191392865941,490.30932979385557,787.9406138215301,796.2951780777922,567.9058620650642,710.2954698818444,837.6852992684313,785.98628617089,883.4738748540402,787.3841035175852,478.5695241848307,535.7989102677759,560.4571097607,678.9982072806744,428.4769369433111,831.7773258239737,537.7155666235694,835.5112531055167,771.8523243031899,564.153434818243,882.7056333484456,646.9527020690219,869.2898406630829,725.1105369214398,772.5050595244015,608.9176115201547,569.9619555810068,533.0791501614688,618.5579363858442,411.36054210850085,784.9243022705507,748.2837806927115,711.8460117051472,621.0472701240856,559.0643415677962,841.5525560632138,578.2526783655065,686.5898789692218,699.4839614378691,380.9858938656902,683.0260073046107,495.1955014012227,650.4354862184335,667.4678784857218,524.873694152802,397.6886194863066,692.6473466436704,666.7178882427559,626.6082425264465,780.3305011421803,847.5642099848201,783.551137812685,810.2200614493004,711.9419930848455,541.9076426041635,724.159587545997,818.2004440816966,861.0646157332236,842.2056023972692,754.4788407331566,768.2780352513919,762.8107744525332,655.8526723880508,350.8513297037396,647.238160448839,25344.008592023198,9801.350032439726,568.1479446501817
k__Bacteria;p__Firmicutes;c__Clostridia;o__Clostridiales;f__Ruminococcaceae;g__Ruminococcus,224.59906763462928,127.15617054384613,827.028817122547,794.5440144484078,91.87566560922554,237.22691174760627,880.2850101796178,773.663825862447,859.782232478457,765.3182363488548,413.14633274755215,590.8281502544886,186.1156331899834,702.029275973038,312.55112818408713,830.3396356362798,542.8245288412098,813.4889573488257,814.0678445824918,598.9759048448201,912.7353579111723,586.9665621423134,908.7953351504493,764.04977101821,768.4254623192838,385.6395678202979,584.504808867236,294.777828897578,664.2971491562432,243.6791732857028,780.1286387450401,191.4539642948795,766.225672937772,657.6051662136643,591.1152217191978,845.1326492407467,582.8372509897744,628.9704957199609,690.0742841078703,427.6932378768408,618.0012977684465,544.1958034540143,456.14805470803543,675.1269767170547,343.25253334358644,403.9257171805695,710.5257948525837,709.6798316769983,667.6845587625432,795.653862200942,634.6369047484933,694.2400797518505,830.3086232289061,712.5790989299638,555.8542746571765,728.3702576987447,851.562760480532,910.7188017901135,832.4046631641987,768.4754715285999,810.7044113296979,753.006281689276,694.927557871258,1181.9563643019087,340.0659463900572,22881.261608043344,9758.583049960602,439.65277873875146
k__Bacteria;p__Firmicutes;c__Clostridia;o__Clostridiales;f__Lachnospiraceae;g__Coprococcus,337.56516114601175,218.09914906039756,660.1553293866849,640.96989514161,235.4664354143054,326.90024324199027,702.4951199808539,625.947533572448,697.3389047408407,620.890199783471,344.3616630099112,466.96268729144293,257.7201494016666,562.1191886393602,271.91462415208963,669.7793971253553,436.82219933171257,659.7245058584365,649.16776908697,477.0000922728068,730.8180706733715,483.58613553967336,726.0150016278078,609.3986254725768,620.3091383706618,349.2706125445744,468.81160619008585,278.5835935386219,527.7975936734332,225.26219225439047,629.8687104044643,332.40308849768246,608.5034827361455,523.9771649328287,471.1373590180562,680.8464600548724,469.17588261873425,517.0492697146183,558.0464352546934,336.84922281302875,509.4752004430329,430.3959449323159,401.14921217038074,543.0648012831869,307.94390469700767,324.62950339173693,569.8544512441816,564.8678738180092,531.3291589430678,638.9347357249504,548.2698760030567,575.1169224090352,666.0603836243313,574.4688003401454,445.8119654265016,586.5885384294328,680.9205188201205,725.8243982128824,672.879676278237,617.2474960098813,646.419528149064,608.8585182809455,553.6396230002247,922.0782030933884,326.9196022191976,18872.60244773955,7876.035160439988,376.558213198314
k__Bacteria;p__Firmicutes;c__Clostridia;o__Clostridiales;f__;g__,488.8222243519734,321.8277559853153,508.2175024823549,514.2000992213304,392.11125749198845,465.4550611995679,540.2875322864047,507.69575498082025,570.8080455889079,508.73861769609385,309.9585262177097,345.1778500313806,367.28168575761106,438.1036013039614,278.3404023599859,537.1067247706058,347.1341737086851,539.8141194153267,497.78412548778834,363.7775437192133,569.5385378512574,418.606764194248,560.7394147193592,467.64970712937253,498.87213119528576,396.39814442075954,367.8201308053676,347.6448705773748,398.74984224291404,268.03333867609496,506.9016563073051,491.1937475629544,458.8623832658205,400.48941418120825,360.5313745463766,543.346435005576,373.31689756069017,444.16676715128585,451.79849718050883,245.3335203830961,441.9721608380605,319.0466683339248,422.78921671814794,430.87968155111645,341.53048831305284,256.70128487800815,446.9911564041001,429.88713741768487,404.01513013129033,503.645736613024,550.3453544648702,507.2317927057544,522.8770854097644,459.6981117124082,349.713795136911,467.5356712552694,527.8389821425109,555.2821990923085,543.960764752202,486.9721907428226,495.4731394473135,492.6948685441673,422.9273342727457,319.7229507642439,422.3499209973661,16400.30914536929,6329.434724214312,368.7081816371948
k__Bacteria;p__Firmicutes;c__Clostridia;o__Clostridiales;f__Lachnospiraceae;g__Lachnospira,90.45808202523189,45.90216837147261,482.38559291379374,460.4393660809478,0.30000000000000004,101.42118617474001,513.5244911955257,447.52923599196345,496.58205961553347,441.9481938271254,234.49698659485645,346.68345611905295,79.32576371198287,408.7021114853988,172.33199133452737,481.2129135440583,315.0486286944836,469.8746180282743,475.1111056282406,349.8648172286045,531.375961977936,335.6700915012065,529.8149899055525,445.86719245693473,445.1215925981993,206.5088621223006,339.92916175931265,152.69290153892203,388.56242919842015,128.46040649694177,451.85093640083187,68.34482412029988,448.30649991760407,383.9828162007201,345.09676446704185,490.1707970092643,338.2027777006871,360.19906064281975,399.2971504945563,251.48420935710328,353.2755727872313,319.19213635924035,249.59227841174834,391.93488729414406,185.11653619083242,234.61928689683361,413.2341735609345,414.6575007400529,390.1702589467243,462.3853853383796,351.63472895273975,395.61598375045776,482.83724852156047,413.1090099944922,323.27583181990684,422.53530336667825,496.1703250907809,531.704243584412,481.77188603126467,446.52967912491897,473.17751271586644,435.74679115201053,405.8094998329572,749.563361608099,173.6906463716838,13075.679083433835,5653.490568871155,245.04998788665483
k__Bacteria;p__Proteobacteria;c__Betaproteobacteria;o__Neisseriales;f__Neisseriaceae;g__Neisseria,2337.389218399899,1627.0303644202093,0.1,100.1821096410782,2975.300345435985,2126.948869193112,0.1,144.66632313102068,205.13601560462098,186.9344319051936,338.38319706718585,0.1,1682.8786385906697,0.1,550.8010398089575,102.95426939862543,40.46192443248192,192.34365668668545,0.1,0.1,0.1,334.4714263696738,0.1,0.1,107.47733888091463,1035.7035979119714,3.444419911958742,1091.8052366379595,0.1,772.4687537287834,112.01621810398683,2494.3425542745567,0.1,0.1,0.1,82.40715340255592,47.44278454075975,328.8537072437205,122.01810002985016,0.1,360.44086642530624,0.1,915.2512637778772,44.532748008316304,845.9110611479582,19.30066678976243,3.2990000350577766,0.1,0.1,24.538801189782767,1018.7297468159056,477.0845855873283,7.422639409798254,80.05049898466369,2.7580452108566056,66.0285503875209,0.1,0.1,140.3084151586105,27.26545982857726,0.1,131.0896111739786,0.1,0.1,1402.704033120932,13590.290686449984,1324.7787840136293,621.3634345737934
k__Bacteria;p__Proteobacteria;c__Gammaproteobacteria;o__Pasteurellales;f__Pasteurellaceae;g__Haemophilus,1922.037010681264,1334.5333199874726,32.45453866893495,172.6783749728497,2401.5870287389776,1752.7707613975547,30.96435370932039,206.3639341886159,265.32699713311627,239.6936927032621,322.0413750767665,0.1,1386.6404228707809,64.08755874825017,482.7919108454828,179.04528239465276,95.27225459553901,249.62356693924943,18.481898769124037,0.1,83.01258405515037,338.8646057343811,48.07379375341952,19.80330978211383,175.59187111854962,884.575627740047,70.0369221775729,919.6349586519457,0.1,654.6958802330263,180.62037845495567,2045.524975023716,0.1,6.087347327312176,8.390377813633759,164.0783268767995,105.53859923086408,339.1394710042487,178.3743292505302,0.1,363.5025218858008,0.1,794.9705442501456,113.79504445587938,725.7308166099692,62.12605164528578,84.41666713516932,0.1,0.1,111.44068997649721,899.4508230586099,466.89999106528677,101.54202055967323,146.91726328571076,66.1840861091942,137.35865524297446,58.205632117884704,11.940203596940494,209.58626497574696,110.52602348630823,17.018507701541935,192.97338819322292,4.841064870665964,0.1,1177.0605376621993,13657.382769576221,2197.369752574189,554.657440142595
k__Bacteria;p__Firmicutes;c__Clostridia;o__Clostridiales;f__Ruminococcaceae;g__Oscillospira,374.47817869164794,247.94384415682595,349.5951577201139,356.53753021484926,306.98046173943476,355.0125482949244,371.5841204028209,352.75267238370634,397.27718301216726,354.1424882792199,219.3260181548553,235.49307060492762,280.2056314752616,302.09486941422534,200.86693036513174,372.3937936205664,240.26623971284667,375.67948132923664,342.1491941156349,249.7686374807082,392.7198879528174,294.2633377236949,385.9721425389981,321.4857986002875,346.0723393115492,290.0470996981957,253.9589363670057,257.2821548412659,273.26240363278015,197.26536462603215,351.68701865498446,378.60287845653545,314.337939008003,275.0966671290286,247.70827712479434,376.37536967003655,258.4506831876214,311.8182375747551,313.80811739645156,166.85565114231673,310.80395635038815,217.7929420713307,306.35559833225994,298.1398538320542,249.16410092113298,177.50548415690648,308.6079831084008,295.03532104869333,277.23122119621786,348.0529909159,396.04703768798976,357.7011021355049,361.05700750859853,318.5960104613832,241.4493472498661,323.78399503854877,363.58772956092685,381.4947765608717,377.7171508733834,336.58654447856725,340.5329012620209,342.18245204629034,290.47721235437183,208.13680581025454,313.7782920795735,11536.44984999717,4390.173451395749,264.36572999321754
k__Bacteria;p__Firmicutes;c__Clostridia;o__Clostridiales;f__[Tissierellaceae];g__Finegoldia,256.2651959666258,168.05543210654227,285.28723199887315,287.3043576066284,188.48583802038524,244.7571597576764,303.32363526600045,283.3260966741845,318.22724871025366,283.5924853429053,171.09601270916076,194.6900469577404,193.09902546115242,245.58255614708833,151.78612587188,300.1159276335122,194.16218425893655,300.96047473513687,279.5580884095756,204.42829103873265,319.2623791616475,231.990754077294,314.65270531854236,262.6110422774884,278.66269208962115,214.276556823739,206.02891621932807,186.54286277679927,224.32711428759583,144.3452565858355,283.1267458391672,256.4135492178912,258.2016641210546,225.00111340754106,202.52415912594813,303.76594779752463,208.77739549509917,246.35184682425145,252.18245202734764,138.62169329795591,244.88490170768088,179.89082144041248,229.96670056057332,241.04625833132914,184.96651690557738,143.66031230876058,250.3820441331001,241.63803048786124,227.11819844977387,281.96053528261416,300.6462443686188,280.5666137935618,292.8627427191361,256.92342759739165,195.89081066299858,261.41950653270874,296.06676741374724,311.93251280476767,303.67471886855225,272.5994224924802,278.2734391303489,275.02460742003797,237.6223058956657,130.11182605054128,226.05527755053157,9085.351280746021,3535.8219093246053,201.88005874030608
k__Bacteria;p__Firmicutes;c__Clostridia;o__Clostridiales;f__Lachnospiraceae;g__Blautia,33.45006666473798,19.244668689158818,312.90640804312557,296.4605895791036,4.700622236152557,38.55703371260211,333.1610234792848,287.5473105119606,318.49797054631387,283.40139069012434,147.33310481569023,226.4053565483371,29.91181440585376,264.5398545525894,104.436443806066,309.8581471666647,203.20550720336666,301.3907002199868,308.3980022266398,227.31110437883734,343.94758234212117,212.80428197758513,343.4783324937166,289.37721718998097,286.4629787380134,120.37506667789158,219.76432579836683,84.86327680433392,252.8531236643802,73.25130625480716,290.7566976438323,28.966771697448657,291.82194767815224,249.38400724433293,224.08328113988495,315.91164551191946,218.08895560113086,228.73680572165063,256.64680680543177,164.61859544934597,223.85853280869108,208.35763593655898,149.7645162644514,252.8706763624536,108.95365620423793,151.46642712947502,267.1673278202018,269.503292393274,253.6248667757165,298.680060639129,214.43334487921484,249.7550083481779,312.12230737221876,266.1111944620852,209.00451895629038,272.3846719857556,321.4609032246861,345.26937719590603,309.7449759928671,288.39265476184994,307.1645444480298,280.10094343842354,263.5845438117118,532.3709792634126,94.4907723432636,8282.437447328102,3638.8790158704146,150.56145634078146
k__Bacteria;p__Bacteroidetes;c__Bacteroidia;o__Bacteroidales;f__Prevotellaceae;g__Prevotella,893.946187404591,617.7654620903667,98.45319499996826,158.72330144796035,1077.9070454605696,818.5013358395354,103.17030150426892,171.87772799488417,207.3240788930833,186.14009672113463,187.8060425852097,40.792810525376616,647.3696348249051,100.13444748728197,250.48365240598298,165.2337955607988,98.14896968031663,195.51864689954886,91.25480176287454,62.258743551439736,130.04808950121839,213.03204951476465,113.81238835445673,86.54523703254374,157.3992180038711,440.001343934487,90.93094291428727,446.6923370610735,59.74115612515931,321.4289943565578,160.8635243542958,946.5399675415821,66.77395765593961,70.52772792671928,64.46542395235865,159.94760297102425,106.8539773867271,217.40983192145416,150.7268177932297,25.531434757289787,227.34219183136818,38.858690181401805,406.525424085184,119.94137019757764,363.70958609872537,69.06026944606671,110.20937842388696,71.52258005261142,66.43869963708386,131.07840465043137,471.95657386857425,281.9289961893851,130.10066171303066,138.74700781458426,86.28349519246186,136.01333239743278,112.60965751385224,98.90857486308764,179.28624082377635,127.91180936462582,90.37508707789917,163.71645790007022,73.94749671484605,2.093983466998332,567.9616692706794,8507.386550976069,1984.1295596643,295.928161128985
k__Bacteria;p__Proteobacteria;c__Deltaproteobacteria;o__Desulfovibrionales;f__Desulfovibrionaceae;g__Bilophila,244.7369970407884,161.83786463737712,234.26895562885846,238.462125854262,197.9081205197093,232.24348895511346,249.01570282641566,235.8139027812647,265.47013317284086,236.63605601640882,145.981552994495,158.12398259799284,183.2954629484329,202.31977117717202,133.07756533577154,249.0715483944534,160.76605036703876,251.04223784159373,229.32298071957862,167.4497689734321,263.01438541123747,196.16572754660046,258.60545897423754,215.4654756652521,231.4364683352933,191.54446243591633,170.02890032238156,169.46288343180618,183.2847310503856,130.09768288643235,235.1841266135493,247.0961795455871,210.8547099966885,184.41036699,166.04106108753737,251.7900977507725,172.92350844441663,207.93398457468743,209.79672918278092,112.121876474509,207.17387005918644,146.21819110378803,202.77268408666617,199.5047815310064,164.65804443865073,118.79897069707556,206.61944083807816,197.81760465950882,185.88796913370405,232.97530355111886,262.56005271972555,238.2746371466948,241.72601260154616,213.110078846773,161.65488838789338,216.61964317483842,243.56517512045602,255.7225701566484,252.53999865257268,225.29097322655795,228.24419768221586,228.7714485241416,194.72589498628398,53.86526546055754,206.49247554218556,7689.356607660597,2936.035108940689,175.41211317223167
k__Bacteria;p__Firmicutes;c__Clostridia;o__Clostridiales;f__Lachnospiraceae;g__Roseburia,63.64563392411402,37.37560155324612,194.93430537587034,188.06934059876687,20.53465366408765,65.67206229120994,207.46698813144764,183.34088321117133,203.95042099849007,181.56214181408833,99.09185298568275,138.71470715144116,51.587220714481795,165.67584058627241,76.30279647387162,196.53429405374953,128.36006207162163,192.96118155993076,191.8040010645403,141.05002588761025,215.39981943638873,140.1180136480682,214.27648197543292,180.03290163053293,181.93512383965756,95.76244569357664,138.03391267050142,74.56208728199903,156.28879146471073,61.04649801123753,184.71918377108744,56.476688732971226,180.23676995207057,154.89006268110995,139.24558188949038,199.9340662842709,137.83990032017664,150.0108381973765,163.50018617190614,100.27541695853316,147.5640980952128,127.80031895873918,111.86467805224532,159.61892873011388,84.89202814295727,95.46601767599009,167.79040572885435,167.0848541318884,157.18438602946355,187.9879985775212,154.4807682819228,166.09579567862704,196.0932725090326,168.62368923017328,131.26558741178496,172.28877527286195,200.8557817815812,214.52722067006633,197.19148798680635,181.5827830807217,191.00377444860987,178.40141102385775,163.67194289267826,261.05825369229535,86.66733681233754,5464.617015855136,2310.2943964280257,106.63546769289727
k__Bacteria;p__Firmicutes;c__Clostridia;o__Clostridiales;f__Lachnospiraceae;g__[Ruminococcus],311.23812242120766,213.88702007999652,68.28048712531597,87.24570577014924,359.34534000124825,286.3096396208658,72.1296822445593,90.80056072764734,106.41406716836815,95.26060345105803,80.89711554561814,33.851219444133584,226.38413219765738,63.55019607084621,97.78824121703877,90.96017906531422,56.13264624412905,100.46756729034091,65.15061695288351,45.86514294994845,82.57661825577927,96.77809822832376,76.92985920959148,61.52350487602208,85.69185155836601,164.85071088664935,55.46295852924676,163.2581063878079,46.945978130187015,118.81433676447996,87.3571072963438,327.5746214734807,53.25577457739878,51.27601103964521,46.53802378232621,89.80297450077566,60.76652749686387,100.03587295478688,80.11914093600095,20.719443754371408,102.92328414569114,32.10782942469356,156.5404210605368,69.0951307268315,137.30474216193372,40.427992666453534,67.31072395111035,53.403797665124195,49.8819750981737,77.96220988811936,186.18905904204956,124.57823855337014,79.10094802715051,77.0295902438711,52.680112497236365,76.77619882792119,74.09828708261752,71.54920863577159,95.79059303051537,75.74156441605126,64.66924298577102,87.1705105497409,53.94266451834175,0.2,206.10757992449058,3841.1149557409117,1083.259824478544,118.51321759394618
k__Bacteria;p__Actinobacteria;c__Actinobacteria;o__Bifidobacteriales;f__Bifidobacteriaceae;g__Bifidobacterium,2.2489627301533504,0.1,125.86622813053779,118.56063240266886,0.1,7.0042420182976475,134.03108797203956,114.80694810131706,126.98565589116026,112.97506369820476,57.772615211440716,91.54731526569469,5.303053488306707,106.23259196000242,39.71402354956144,123.92557635932282,81.37831511006459,120.17202192874727,124.118409985432,91.5500024992128,138.12226925175295,84.05952365968882,138.1032047091449,116.45130019313984,114.51989213112759,44.1792512667493,88.17016701774419,29.70624882286875,101.9617552845985,26.31804049733406,116.22474486720724,0.1,117.70405959489972,100.4106134484478,90.20946279592948,126.43643538054071,87.3227412236068,90.47506256959869,102.49779925947142,66.68292350415493,88.39183081576272,84.22046506519817,56.45174850835189,101.29103651683373,40.35179441054251,60.7014413777526,107.19194325689728,108.57281841671686,102.18748315895344,119.75236554329919,81.98918201229935,98.318839386957,125.21441702001124,106.46260589724352,83.85535837988601,109.03575835464966,129.1863365525106,139.00029214177786,123.73145800086701,115.61352792744611,123.62874816429877,111.87302545189335,106.13598710507704,228.56166279052604,32.33174583937434,3269.354930525499,1454.8832859054544,57.941499055465144
k__Bacteria;p__Bacteroidetes;c__Bacteroidia;o__Bacteroidales;f__[Odoribacteraceae];g__Butyricimonas,87.26814420399313,56.88376351036555,106.98034115272785,107.0837563063252,59.5786680064247,83.73614584376033,113.76036391148703,105.43270751143704,118.26384146401713,105.37727896521852,62.74824016782612,73.45746217254587,66.04514315530608,91.9228001396419,54.74714140028068,111.86508893593762,72.46784497732496,111.85302963534528,104.89409390876152,76.7671132031252,119.50294400203293,85.53710417242962,117.93487721181845,98.52393629453786,103.82502833240592,76.33961148477553,77.04177541988123,65.7614595934757,84.3590834664118,51.1510994846575,105.47792515084211,86.74785649007467,97.12527211061652,84.46454546497745,76.01320526363185,113.30556487993724,77.90829658399664,90.92873290487879,93.86812873743312,52.42213475873384,90.26422318127264,67.84432880400547,82.64956485473236,89.98746331460013,66.0739536637211,53.65787229710026,93.63029182527681,90.76875644946045,85.32558840246595,105.36266902959615,108.70397271131414,103.1812148600473,109.50286260691338,95.79519930850289,73.25266171840738,97.52816248824367,110.90818377615335,117.08192585566701,113.05903900378614,101.85162864361368,104.41850528176491,102.37777194398753,89.20989806835895,66.10106629852976,79.3985163927782,3348.048617111736,1317.530615141075,73.22332129731772
k__Bacteria;p__Firmicutes;c__Clostridia;o__Clostridiales;f__Lachnospiraceae;g__Dorea,65.47792807642102,42.25748885588692,92.2944129479989,91.65807784799082,53.37506596675568,63.30126856605047,98.16205265533443,90.0567510014274,100.8414543467908,89.83634925842122,52.56617885886483,63.87380394410413,49.90593102214661,79.11656913255713,44.81893357781789,95.7575996314022,62.14039054958533,95.38190516639673,90.56359786370453,66.3489898749479,102.85595439490316,72.17537130098819,101.68150760373246,85.05107527752597,88.82650296331221,61.401761839894526,66.22421064674555,52.07769089386231,73.04328980739922,40.82122524953557,90.22906580321911,64.38914587667904,84.12754777457005,72.97062551573477,65.65427074165902,97.08005331606523,66.7894031716085,76.83389666733429,80.20642224752905,45.71485094118088,76.13347662602601,58.96061562507713,67.31915467799351,77.18661401318046,53.351311190018805,46.05460482217043,80.48713103071188,78.48219866278153,73.78808325024374,90.4874841075262,89.2970730487862,86.7624198631598,94.11705484475154,82.03477946048142,62.96924555470707,83.58203744043165,95.55594799837114,101.13131378185307,96.63146035976972,87.45764964598693,90.16012351155973,87.48569263620666,77.07845140159962,99.04367204973751,62.53182258632212,2823.012982881598,1127.3604229331477,60.41583601897295
k__Bacteria;p__Firmicutes;c__Clostridia;o__Clostridiales;f__[Tissierellaceae];g__Peptoniphilus,214.7728511594977,147.18105246730747,58.88565246104475,71.27418487855385,242.4526831009885,198.03397177393893,62.30560547066589,73.37249819990387,85.27930535750141,76.27521968247615,61.19175408667448,31.929433412480307,156.56276416962677,53.78177847126621,71.14112193035305,74.33845073364682,46.33532609121434,80.54034160012547,56.563920457404706,40.211860322099525,69.89154451044556,74.60721225704063,65.99698471574536,53.34378836592845,69.82370509351517,117.79186302315733,46.5111690265459,115.3354514151068,41.934260922770775,84.37871383453754,71.1317263144731,225.36259885790327,47.76175889936384,44.773707800160246,40.54990284760203,73.77637579342155,50.08780738404494,77.45525211314319,64.85353576896074,20.54275092498339,79.25023819403283,30.039842420074663,113.21485496568957,57.140516780198965,98.44292425089708,33.56800849497043,56.46426515720653,47.006704719146384,43.97947025707321,64.9861773801218,136.0511287610319,95.11055243008775,66.2838944239106,63.095811397976405,44.18771995019076,63.16265551282548,63.20797519296022,62.37186919757167,77.65022717676118,63.06681629416912,56.18610841108665,70.5946184388541,47.149457746968665,0.2,145.1215195801512,2954.8690322436064,883.3408646639409,87.13944506951185
k__Bacteria;p__Actinobacteria;c__Actinobacteria;o__Actinomycetales;f__Actinomycetaceae;g__Actinomyces,92.71331460171545,61.60375615307263,80.357410408938,82.4439849062407,78.90669704274924,87.6501276109136,85.39934176855918,81.69368935954606,92.12082636585384,82.12989608850748,51.474761293169564,53.79160710710046,69.19209727447188,69.56580560579896,47.80306615954652,86.10589368244108,55.48381095110838,87.10824298621274,78.59919037518951,57.33010924192112,90.43369789602346,68.73443342079504,88.76201675640908,73.86092567707239,80.052133228262,69.68558855983659,58.53798696745845,62.288265293799924,62.63257997186091,47.58086781787363,81.35856405891751,94.0942935748914,72.0264005389815,63.16490358118093,56.88648893004027,86.9671637264947,59.69382346827926,72.76481186161327,72.65624478900978,38.02235161099766,72.61767110330467,49.77084661682118,73.1138276633479,68.83279227804478,59.74307492228045,40.96165290059014,71.13225833632495,67.69873598751757,63.60507379268761,80.28117752689742,94.0682767610921,83.74565129302596,83.231208646576,73.6446052419972,55.65308753852537,74.80180239339528,83.65970405629805,87.60725908519495,87.43516782790613,77.64604442603499,78.22305357376658,79.2203991671639,66.69084907221853,4.938085420426736,76.16113994701425,2696.0091146108334,1015.4121982224685,62.63078008999583
k__Bacteria;p__Actinobacteria;c__Actinobacteria;o__Actinomycetales;f__Actinomycetaceae;g__Varibaculum,115.34346808534887,77.59377678895062,72.85609766333805,77.06166647352092,110.87895199998884,107.97699426531963,77.3688267297083,76.94563282082702,87.3083017185721,77.8914808934239,51.67051073589047,47.17457889709238,85.28787098861736,63.66935367242714,51.034697340185936,80.46287999585022,51.51399370708165,82.53656429889442,71.04184368340034,51.594979085537474,82.76349469480846,67.48255744263375,80.67907571474406,66.79959655023634,74.95749383792341,77.39753742658425,53.8436723749844,71.32234193813197,55.94155916246761,53.6883961113974,76.21668617755323,118.63621766975292,64.23342019859719,56.94606306254502,51.33405915080032,80.9895200102642,55.47320307954124,71.11424381092047,68.34778237163053,32.91337638378906,71.38626011957041,43.754322515612785,78.99529260766714,63.83484260366464,65.81293191355385,37.894595237821434,65.41654698256559,60.82455658553036,57.10719461683308,74.09868958891406,99.58757687497538,83.11727663537803,76.58923736627824,68.71505537542234,51.183459866855756,69.59779428450756,76.25546112774519,79.04002592279059,82.1661459958677,71.7120279535458,70.67904802430779,74.49751717372007,60.098535368088186,0.1,88.08053548682325,2652.9802635610267,950.2933830044923,65.57183384404043
k__Bacteria;p__Firmicutes;c__Erysipelotrichi;o__Erysipelotrichales;f__Erysipelotrichaceae;g__[Eubacterium],30.497491815386105,18.5811433788858,74.30445432278091,72.14898406850921,8.684766595913311,30.716483744139627,79.06995216324502,70.45909396350407,78.49618018345299,69.89080393412628,38.768548620977086,52.55672517770679,24.160594862351978,63.27092088570828,30.61881452129614,75.39180593329708,49.16903997639541,74.26206406535667,73.06736094319709,53.688573234607034,82.2592937497707,54.439381016314286,81.71770452813506,68.59119659558522,69.82360196653396,39.336876917729484,52.768887074298995,31.381710169183105,59.40534765803292,25.372696343311517,70.89971737967534,28.171705357423612,68.48889532123256,58.97622990461971,53.028929500590884,76.63703470258208,52.8108854233436,58.205819613182086,62.815724269726466,37.91173359757141,57.354007436860286,48.44130425024725,45.17353652221058,61.12765769113408,34.68090194689714,36.54030078521143,64.14213165540778,63.57832738601317,59.80333322160127,71.91819709204758,61.735584401519134,64.74519228109588,74.97103642514206,64.66325386547308,50.180062650164636,66.02711804049738,76.64239607912707,81.69523612954399,75.74161471137924,69.47717203174297,72.75799257469309,68.53526989308736,62.31484205335192,94.85111705717863,36.82938387025079,2124.582569197023,886.5459986147825,42.3989544782362
k__Bacteria;p__Firmicutes;c__Clostridia;o__Clostridiales;f__[Tissierellaceae];g__WAL_1855D,220.8080669912172,152.55983147639662,25.18749981597395,40.02284389809685,265.8396020890413,202.20712163167045,26.409055741642963,43.24583487612702,52.08486767357357,46.75576993386999,46.78527423869858,7.080957521167668,159.92815644599526,25.46689546780805,62.14083572629404,41.667968661500275,24.804535677354718,49.12194162853657,23.287001773152074,15.61984578530475,33.07581054791659,53.197640274455935,29.06568207168443,22.130977851950046,39.66785431981307,108.98001477738808,23.06877636591283,110.5324558890784,14.456923561473653,79.57067612106435,40.535287065343866,233.74845145543145,16.021989369331276,17.822376756436924,16.346766366129433,40.37972460338417,26.995684946233798,54.3232837262979,37.93667823647704,2.358854483667104,56.76202656730487,7.200754684062084,100.79683645695634,30.324742969169087,90.11050871492205,17.4769545619281,27.96190391158186,17.820863730938548,16.50193532694805,33.20317769021714,117.13413813840387,70.31290994581826,32.99948203270975,35.00526233313122,21.89106481783217,34.34788620052507,28.706925601782924,25.07477336088067,45.13738766257686,32.39243407394949,23.03566795337297,41.20981191262891,18.655868366642878,0.1,140.50249216533555,2123.8299558379244,500.11967251351325,73.49113018963727
k__Bacteria;p__Bacteroidetes;c__Bacteroidia;o__Bacteroidales;f__Porphyromonadaceae;g__Porphyromonas,180.46484453582133,124.32545211451632,30.84223562765573,42.35817827626709,212.46033135412685,165.66618841652775,32.506291108599015,44.683117641012316,52.894298145231616,47.39926048035965,42.91578750329836,13.589535632820802,131.0081457290444,29.467164565098923,53.97843036208255,44.13943380745188,26.89689478658231,49.91881613832007,29.14783455067446,20.22852271227663,38.28350317597865,50.297695606499964,35.00783240706131,27.57792724039725,41.73839598380519,92.58540837140197,26.034304193113257,92.6711215744965,20.129214748532345,67.115367160647,42.585831049235765,190.4452881102614,22.692469772370636,22.75031782770455,20.71256319638089,43.29265707395383,29.171275786067316,51.740601284092534,39.34329265616944,8.866520699669266,53.561633513205635,12.769728983719318,86.90627343575117,33.02990499349588,76.86665859724663,19.225837150836877,31.582577930923474,23.41556825929393,21.81731921267022,36.887496959114785,102.33030731156353,65.4359941447859,37.167191794414464,37.273652226110954,24.720422303451617,36.94704121328388,33.986813827045495,31.822662321500253,46.95622883039918,35.88759905742036,28.902646863958246,42.78121423758253,23.89833735994177,0.4,117.35487669325263,2000.9841605209845,527.1269331685429,64.7338712223364
k__Bacteria;p__Fusobacteria;c__Fusobacteriia;o__Fusobacteriales;f__Fusobacteriaceae;g__Fusobacterium,111.96317029417764,76.19501746985371,45.82644850066067,51.38660502909133,119.30036163103868,103.83258773312059,48.59120349910852,52.024418012817755,59.687547030951954,53.31269179267024,38.80075946276896,27.66265481780035,82.06021382485726,40.800676002799136,41.793596393638616,53.62818746172866,33.926061199574136,56.40006059636438,44.40792631656287,31.970213057910446,53.030402258155,48.95257138848097,51.00275361502272,41.80720993636463,50.14421312326911,66.59342590900661,34.83788901055833,63.567800888108785,34.12356477744905,47.059649628027366,51.03037045942355,116.60512889051078,39.05562379540513,35.412843561745355,31.98408777276401,53.63916764060966,36.59554166315351,51.20860700457782,46.107364420187636,18.73772177720693,51.890448650847894,25.794979160282477,65.69556007680714,41.95048466809268,56.06879447861603,24.788942430385926,42.31156861881835,37.56000745088372,35.214430870235134,48.260507325707366,80.65609047463903,61.33759806229517,49.59513463458027,45.672174248307286,33.1084094325008,46.01774492471993,48.47528314401895,49.22588924754844,55.32701244263062,46.76242701452664,44.152301294328154,50.22541004538807,37.339902800741655,0.1,79.37502431748655,1931.5668896510344,635.1109123587815,52.3151224539988
k__Bacteria;p__Bacteroidetes;c__Bacteroidia;o__Bacteroidales;f__[Odoribacteraceae];g__Odoribacter,172.52427434958088,118.85037753457163,29.61810314348351,40.619444645918605,203.04961222698773,158.38200222427488,31.21756766167777,42.83807751004331,50.70075546385704,45.432731590954866,41.08810748426004,12.770150204278742,125.24759111153016,28.282752755025555,51.6447080523748,42.327984325983245,25.799277770753356,47.84901695304388,27.996427401137808,19.435183164572955,36.74483690947977,48.172959905591476,33.61332082979547,26.487494587595176,40.02266026460242,88.55717508489313,24.981848962127003,88.62378182258053,19.351277199846944,64.18924484783862,40.8346027108025,182.0578513196099,21.818392197612056,21.855372028424977,19.89649888378024,41.521137710098294,27.979852519214244,49.55915489966372,37.72023745924278,7.117141645225988,51.29782933789425,12.283949883207855,83.1410032524557,31.683447761175017,73.52621290915556,18.44394613685558,30.306075046658968,22.49998994189805,20.965320839068262,35.39081170630436,97.91322245862342,62.660071115206605,35.66398304417764,35.745890520811955,23.72122460969997,35.43638112747819,32.6277939417884,30.56929279706405,45.02059568516053,34.430538135400255,27.76151258065089,41.01677576057063,22.95892873402649,0.1,112.22389147046309,1916.3769655376507,505.4674702700646,61.946072229327754
k__Bacteria;p__Firmicutes;c__Clostridia;o__Clostridiales;f__[Tissierellaceae];g__ph2,191.66432773176288,132.47426546058307,20.43208907018743,33.394313876317646,231.42316581045247,175.4621283879041,21.39954027737578,36.235050154944894,43.76972877551881,39.30299709896578,39.957498435669436,5.10424391441883,138.77790127399723,20.898314644405147,53.49384152107073,34.761375326624105,20.606450313346624,41.27514948454951,18.80212289248327,12.517072243410116,27.140537014657344,45.224790466496536,23.659444248118305,17.885891374965674,33.132170714787286,94.1054348159221,19.02221140625075,95.61803648327157,11.388890666058721,68.77780861345907,33.86579213573634,202.97985556756385,12.56822766324389,14.328210345567715,13.163405235979708,33.61440825308055,22.440929939529948,46.128906191722876,31.76624642617887,1.288112823746017,48.269783251974346,5.291713669625398,86.86156502440669,25.17185043433017,77.7678679334663,14.4807215722771,23.05337523130679,14.233909826950445,13.16165368311202,27.460385255727502,100.7535226276083,59.920609571415405,27.22132527368413,29.176229820108237,18.04896150483111,28.576227995078625,23.44958168501201,20.18459956275532,37.77549102700753,26.803706231296907,18.58951106193532,34.500943389390685,14.986563133377198,0.1,121.60599189124252,1806.513211678261,417.5939356782624,63.13971001324398
k__Bacteria;p__Firmicutes;c__Clostridia;o__Clostridiales;f__Clostridiaceae;g__Clostridium,24.32548319788065,14.881933170013385,57.526263641337366,55.91034332840708,3.618211439482014,24.431634488619306,61.214359508064916,54.61492063069362,60.85796201393488,54.187520475969166,30.128683423705766,40.652805720065494,19.220117464300348,48.99778235257703,23.88068683447297,58.422778287833204,38.09413038423516,57.574737745562985,56.56348236159553,41.55676105053934,63.70249730732485,42.264725153526676,63.27021179707313,53.09927705847216,54.11151084363748,30.779142915046744,40.87108613181155,24.63470216158444,45.97214360445155,19.884360115572896,54.94634207364275,22.571468309857927,52.99945694206361,45.651839597706804,41.04929353261472,59.381024644917154,40.916882396808006,45.180176628977215,48.68822216975954,29.315523677415428,44.529964708146515,37.47180238277304,35.26337248721899,47.357430770953314,27.11580858610545,28.306660223487945,49.679737540581385,49.2094678399757,46.286746424900244,55.708785500778134,48.12205431963703,50.28968860532379,58.068079523667386,50.10649718692197,38.865807924825496,51.15859561374107,59.345546766690184,63.23929583974968,58.70497328054458,53.81900865737349,56.32347322529663,53.12080485879327,48.235569829961705,68.47789356469009,28.94773602807749,1649.6093951444655,687.038521274312,33.02580549960263
k__Bacteria;p__Proteobacteria;c__Epsilonproteobacteria;o__Campylobacterales;f__Campylobacteraceae;g__Campylobacter,210.6854549413293,146.08034977029988,9.401773064063633,24.425570777202463,260.51181251148023,192.36127827146092,9.617733175137813,27.94186222117826,34.967590744538015,31.508431979741953,37.966611877219016,0.1,152.16852472385244,11.955621909233555,54.73990688272886,25.372319170927412,14.217872756468244,32.93063400538851,7.789732027275808,4.25854431197024,15.510228228245158,41.03071531615471,11.681401183353426,7.578399416404836,24.55710031420766,98.96727239325695,11.768511074229954,102.13620441867134,1.934791623499234,72.9517478110772,25.18721439499502,223.88228102064187,1.5962990798393324,5.330630708116214,5.109149068382219,23.849138979279772,15.618763566418624,41.35880740970958,24.303569553853027,0.1,43.93129830500632,0.1,89.72002811060874,17.17212538048657,81.38624713524372,9.625967047460675,14.227465014004402,4.378449845368396,3.8621862210498397,17.771637888088655,102.35314715539768,55.7207381450345,16.940817751629528,21.041240705884746,11.145982578052807,20.11349974202749,12.377304480676385,7.764222023779516,28.709414859218672,17.47919244989187,7.6066579671955665,26.338506126243605,5.460008218295356,0.1,130.46204672146692,1648.1706550268093,308.320647574067,63.46018958278627
k__Bacteria;p__Firmicutes;c__Clostridia;o__Clostridiales;f__Clostridiaceae;g__,13.048935291053574,7.195651115727279,53.25722758629205,51.06074080811306,5.973550080722493,13.987609264433772,56.689352166428414,49.69063609537973,55.19521540498161,49.12833424075794,26.378833334465092,38.11901768712442,10.965426944835581,45.180765055777265,19.779169214824798,53.36216221683477,34.90096820035673,52.22438591557485,52.432547701027175,38.58889800965916,58.741485744380846,37.56474170466739,58.51347814627866,49.20916329140892,49.37590289571957,24.190871068211937,37.60486930475654,18.311198965230016,42.81615192228981,15.215026174929895,50.12616121631875,10.80727883835989,49.390100408592296,42.36162337692634,38.076315281077974,54.32626414034706,37.47119318018908,40.2706362196975,44.32608202428374,27.612177951584826,39.54593721553857,35.10590852499394,28.79960958256231,43.41084278024497,21.577515127395408,25.976933859650316,45.713124223916815,45.72550903454721,43.02145157505345,51.17751138507982,40.22149440733959,44.3811757684739,53.41745704963242,45.799205690181964,35.76191067299026,46.82361496269884,54.818787545047385,58.66410828768821,53.472624497438915,49.427223414744304,52.21694075532379,48.36967532839251,44.767034670266746,78.99031556731909,21.03858283864568,1464.0262060982996,627.0710212983297,27.914550535970708
k__Bacteria;p__Firmicutes;c__Clostridia;o__Clostridiales;f__Veillonellaceae;g__Phascolarctobacterium,38.237915649051644,24.892336218539466,47.79052152083662,47.78149295131087,25.67618495435924,36.726350108523924,50.82070728284255,47.03046520019929,52.74072688016612,46.992567706673135,27.911684541946816,32.85318348757575,28.96549844188077,41.04971893365153,24.27313285781368,49.9154849095764,32.34414375304894,49.882293190547855,46.86380297594,34.302745138043434,53.36622956870696,38.08807821090664,52.67931505791917,44.016828648351634,46.324208800062046,33.76327885986082,34.39790887543684,29.02270559707299,37.70525000942312,22.59855175126473,47.06081157616754,37.95678327398581,43.41356492108866,37.73990591797319,33.96258517004536,50.56504599683512,34.77112161664491,40.497175938911575,41.87395206373588,23.45537086815227,40.190647694238656,30.340296272829924,36.61812925879648,40.16534779295456,29.238726309111478,23.952115881424145,41.804689575677685,40.561678671525286,38.130232638217386,47.03656246805435,48.21917397056257,45.92177002952697,48.8904741368345,42.747440052096046,32.706291602353744,43.525566185391334,49.53550225190422,52.312414807882384,50.43696080869474,45.46804258114243,46.65186649482486,45.67066675011199,39.86081957736919,29.041376431814385,35.01490648983121,1490.6685469318936,587.8623596200391,32.5007552829946
k__Bacteria;p__Firmicutes;c__Clostridia;o__Clostridiales;f__[Tissierellaceae];g__Anaerococcus,50.454536863254326,33.747676110826376,37.38917987517272,38.90113650250298,45.913858256910935,47.44952325772753,39.721429526744494,38.6839843066635,43.748141708635686,39.01565340640339,25.12000119716723,24.655329828106638,37.468816409450454,32.50772252461793,24.041432341612225,40.62394735928301,26.098711375703395,41.3627525256322,36.51961711284976,26.585235745424146,42.25801220857723,33.18893434459504,41.347184713215796,34.32752797693009,37.803302310891496,35.74855099267573,27.417019947647567,32.45438497737195,28.944612557994308,24.605757221183442,38.42863950459209,51.574324397290226,33.262794888069486,29.314341112880854,26.411867394732084,40.96522943990362,28.090826176476842,35.058960844860486,34.38449699823304,17.32653539382985,35.085310778201844,22.837184446416746,36.990424382667214,32.36078442024303,30.52136322246593,19.23584432059068,33.313036277156776,31.36958872471305,29.463499052916195,37.66046782015467,47.112992978519344,40.646964242195935,38.99002221580484,34.720695613034394,26.064282466565718,35.22020063110964,39.020483601343116,40.67142555634741,41.358921450428475,36.43495801082153,36.33951452225952,37.48509036437128,30.944547554909853,0.1,39.88686063533881,1303.208645805991,479.39559938944114,31.196306609497906
k__Bacteria;p__Lentisphaerae;c__[Lentisphaeria];o__Victivallales;f__Victivallaceae;g__,20.122105798860453,12.462195401983566,43.26762264714234,42.18727817587301,5.0174507224998095,20.039922485312548,46.0381585570319,41.24587515162479,45.99454655517453,40.956534819595824,22.952781091470573,30.48334140225285,15.772621628975534,36.88791039018131,18.410623383590274,44.08170910221597,28.722597961791752,43.51185882184905,42.530629073505395,31.233993208085728,47.958039035635814,32.09029146967789,47.599702552849074,39.92820714665229,40.83806890387146,23.9799383470709,30.785602591186674,19.395342373595643,34.52806315647321,15.571486438416496,41.470337203545974,18.921955753527442,39.80042876730381,34.31761098131854,30.86055482608788,44.78760272361501,30.853993523813795,34.28179909388199,36.76460380890982,21.958255217565913,33.816414103986524,28.10393406142762,27.264531201246967,35.70259079708161,21.074592903806792,21.334647942000593,37.41991824598079,36.979886731674135,34.78125936218595,41.97719122690973,37.02905238416028,38.24434361418725,43.740957791621554,37.800474654238414,29.274754810840722,38.582082312430096,44.65963093174253,47.5418909543871,44.323029857189454,40.55596538131724,42.34883864476054,40.110089152084896,36.258342365624245,48.684357280180755,22.883329323571996,1252.909870822012,518.4787024705945,25.352833418168363
k__Bacteria;p__Firmicutes;c__Clostridia;o__Clostridiales;f__[Mogibacteriaceae];g__,56.53190269798726,38.05838512923004,34.90361034786259,37.012591630354194,54.7209093528823,52.88979309404334,37.063167472294396,36.979972247269544,41.9814799365059,37.45551065390277,24.957690041087623,22.53525244897824,41.777584186608166,30.52678460353374,24.762724791581327,38.64533480054071,24.72836119503248,39.686210625348885,34.02548189671284,24.702309662631734,39.68142382938795,32.53952097236171,38.65967321229932,31.995309243280566,36.007154730177845,37.65808332360636,25.82656671088565,34.773314965515794,26.765888370518848,26.15028199043663,36.613445299931904,58.19245661391357,30.72915836201427,27.268367603789784,24.583061055700227,38.88728563375754,26.630912452171966,34.278460574033005,32.844499406233744,15.704517793948606,34.42528183082943,20.90585623066335,38.36203852605859,30.639858878507845,32.003542514977674,18.18519720642636,31.377133951048467,29.117011732905944,27.335874934539685,35.552306176012316,48.292197073936244,40.11216964781968,36.73797320177854,32.99892258408079,24.550306304963232,33.415046065629795,36.54866522755096,37.85033976169634,39.48160556862076,34.40901488714222,33.850788891496165,35.79876441466614,28.776836918325117,16.389979332690686,42.97194614890817,1279.4731003303875,456.4706247632188,31.771638282687135
k__Bacteria;p__Actinobacteria;c__Coriobacteriia;o__Coriobacteriales;f__Coriobacteriaceae;g__Collinsella,86.40504013206488,59.08827549828284,27.216601146689005,31.991278751018044,95.88767288185153,79.80965795849502,28.82135046729374,32.72914617748305,37.85873982250685,33.844504917150275,26.226525465001636,15.413578518890873,63.08974988285235,24.611990849996914,29.71787614051119,33.37420577589929,20.918644915201682,35.76177301860595,26.234022627000257,18.743306831922318,31.986191491035168,32.35983151055279,30.419986662403065,24.72361818538951,31.294399202112096,48.59785080192628,21.180559399238152,47.202854333207775,19.72887688718555,34.66241410254834,31.8682419807614,90.46060186747516,22.514834634863142,20.826702588438184,18.841462095055793,33.21893640663542,22.594559467360515,33.6854119048326,28.957841445403275,10.135919619333167,34.34836872894064,14.447650336749637,47.103358423846046,25.82312267403215,40.71154277054842,15.203849867885404,25.717398734064385,21.95420404064286,20.557435259981773,29.496963874341457,57.00286416688356,41.0039319751335,30.172447355902353,28.3628396940328,20.125017523221544,28.46215853039046,29.047712905778738,28.987896303491603,34.700121343001285,28.608825507056498,26.06835052166633,31.529795294723733,21.9429843101345,4.2812078534982785,59.251194942456216,1279.9470949722454,396.0774379099328,36.662618788901085
k__Bacteria;p__Cyanobacteria;c__4C0d-2;o__YS2;f__;g__,0.1,0.1,46.42772700291524,39.936743446585815,0.1,0.1,49.535511619250926,37.62642117772005,40.62750223256558,36.047727076014986,13.105401393884408,36.38657984298325,0.1,38.20528438167765,2.025598258744706,41.782558292443376,28.033142941961735,38.486748549852855,46.14423687826053,34.39869515151936,49.68239434059513,22.533396547052003,50.60857046756237,43.227992248754084,38.34059038357845,0.1,31.259332295933447,0.1,38.99544348775393,0.1,38.84686577637988,0.1,45.17148118772885,37.56704680390078,33.67240433662373,43.125843673062974,29.992532488625887,24.936716528563533,33.748914880675095,27.155889902164386,23.50311046579341,33.31452322431821,0.1,35.02061231248289,0.1,21.14918401094845,38.02270121084547,40.9586232611005,38.61287498269244,42.02041858109527,6.7802007492127725,24.471105694302587,44.33723350817998,36.07903615013372,29.740949890539614,37.301252270968966,46.987366545809934,51.910911473024896,40.89375902649879,40.48966895333478,45.99933702194351,36.881698068639984,39.75166990488293,163.58928784985994,0.1,863.6348746917986,487.9782241826102,6.954855392664379
k__Bacteria;p__Firmicutes;c__Clostridia;o__Clostridiales;f__Lachnospiraceae;g__Anaerostipes,26.118045932638818,16.98373196753649,33.175958769725646,33.1381451750743,17.287952466117588,25.106571190051238,35.280297847106525,32.609092581069476,36.560737879710466,32.57528069536925,19.30798010808877,22.82828249719746,19.80020261440577,28.4883788984517,16.74539622358084,34.618446227812335,22.436663686634343,34.579522394002055,32.535636744179676,23.81803414516347,37.03606778918899,26.370155582481036,36.566969774370115,30.55854815268652,32.12562721826822,23.244476553045672,23.868368595700034,19.94498141240586,26.18632129837523,15.543982589932744,32.63595477719726,25.8950624530477,30.15207544495009,26.203264062086983,23.579970340160354,35.07283471279903,24.11952174391308,28.04284627480856,29.034973793070307,16.303873622511986,27.82452826902199,21.080777877482397,25.2468940931292,27.86313529222091,20.138595487946283,16.61713128485435,29.008018141887426,28.165290210479395,26.477471261332674,32.634680052665395,33.27855412052179,31.780662202051772,33.924166966520254,29.64855510521885,22.69466401950236,30.190995833916467,34.38178995202621,36.32034184724442,34.973661577133285,31.545786949651987,32.388808245883304,31.66793138171364,27.676196878470673,20.81920324304124,24.047744735356822,1031.9705802872068,407.6868175319322,22.44206374571436
k__Bacteria;p__Firmicutes;c__Erysipelotrichi;o__Erysipelotrichales;f__Erysipelotrichaceae;g__Coprobacillus,67.17138451298983,45.87806690825864,22.78606305296414,26.40126794659913,73.78004035715192,62.108207758266964,24.139248740253148,26.925815550769467,31.070231709503325,27.768693134353647,21.1310642857677,13.168011375749664,49.09366463129454,20.506756025961547,23.60918669595468,27.54566717666924,17.313531777969338,29.352136663126803,21.999805239035076,15.755453999471099,26.65173989761629,26.238923801846276,25.434452585266452,20.726405338686465,25.807193648301396,38.33818699702575,17.605392809757184,37.06594665345821,16.656722402433594,27.27717016071703,26.27527934155907,70.22964882399496,19.026335829600946,17.489627145845233,15.814291293762267,27.45767019813693,18.69313762218512,27.35242548718915,23.835178482753182,8.743545060096022,27.84048931069164,12.322129195545823,37.33649284303079,21.383609898597513,32.160250025905235,12.603847501398803,21.37820489871168,18.47192678586636,17.303500099420074,24.478528966737194,45.36117774701968,33.14139318831755,25.07446321933222,23.424392392206716,16.72905077207189,23.535036620965943,24.252134120339576,24.33329639821125,28.573461939910608,23.734558688394646,21.86469892317213,25.95568515455637,18.431514123728885,0.1,46.462410812106974,1037.121448843967,326.6996929090059,29.24275969860908
k__Bacteria;p__Firmicutes;c__Clostridia;o__Clostridiales;f__Peptostreptococcaceae;g__,10.819729063812023,6.549637791067606,27.569476132750705,26.733049335231733,2.22858635770717,10.94498198860098,29.338565579428902,26.097099595105572,29.06472518969649,25.877521282353353,14.305182462803623,19.525621075604644,8.606899703890027,23.46619037089562,11.23866726354993,27.934960259923685,18.224211785678083,27.497323532726348,27.11396212804123,19.92636111983814,30.508759627881712,20.11700111918718,30.31682712215493,25.45230191201992,25.869232817582525,14.369972111753597,19.56684183394031,11.408324111785538,22.054784145322643,9.246924054456183,26.26732390940999,9.9244377504545,25.42865598832967,21.88729502781904,19.67937141649977,28.401012074104756,19.57320623290658,21.5148337371934,23.267554110520475,14.091261154665471,21.1923564181153,17.99509113923688,16.55951236596927,22.657809944678977,12.683186128729922,13.545698857940874,23.78425660045342,23.59850849340116,22.197950023639574,26.663302623734864,22.679330445733992,23.90871350882431,27.798927744763127,23.961432390584434,18.607007237522737,24.47011036634051,28.43050719877781,30.317875382481308,28.056856477046466,25.757560058576153,26.999521034001795,25.386556030050656,23.12673614422486,34.1127988406696,13.363336195578455,784.9852440363359,328.4684069205484,15.592165649782075
k__Bacteria;p__Firmicutes;c__Erysipelotrichi;o__Erysipelotrichales;f__Erysipelotrichaceae;g__,14.085814453207295,8.976196277617149,23.107591716670406,22.777594222630782,6.878601668955314,13.745619173540248,24.58098085931037,22.335052022782367,24.968153067466016,22.239272143624646,12.792004310719895,16.109676490081686,10.831068561138574,19.764204411989663,10.653676732452762,23.797998822783065,15.468756307295216,23.618005825683788,22.690491212230032,16.639963466263207,25.69493896406801,17.689458910134256,25.44285235627576,21.306368982294085,22.063907079814697,14.324308096388956,16.523627714166324,11.9432662159617,18.350003366227245,9.442162259670539,22.40955275233999,13.662683540218135,21.141751122763452,18.29331376444232,16.455605451822038,24.147853020621547,16.62223198595031,18.857462519600432,19.898647418191533,11.560595168902031,18.652192985183,14.862960134570159,15.917257010126894,19.219772992873047,12.498327188711132,11.474793133722134,20.0832302861776,19.69035861773186,18.515531937761093,22.558433756727585,21.302252136868706,21.192231030201537,23.480743497653954,20.39541965045688,15.71197897875717,20.79508126412937,23.89427624315439,25.348777627496585,23.980044219692658,21.799676171974266,22.591080012636077,21.70651481345797,19.32505294963741,20.842612858773567,14.252279155106217,691.4020433124907,280.06666743100106,14.477976349417423
k__Bacteria;p__Firmicutes;c__Bacilli;o__Lactobacillales;f__Carnobacteriaceae;g__Granulicatella,70.58546080682578,48.716567041748455,9.532384123910454,14.18687971601658,84.28645653850383,64.69760800281824,10.018980673042504,15.172532998325105,18.140601474752074,16.27253367111842,15.631218570687027,3.3418988185194016,51.16736195440978,9.390217421114157,20.325189432678112,14.775820916670376,8.885571419780087,17.113480880591762,8.904478475782721,6.07052185986331,12.197562148880232,17.990160371730465,10.915905731125154,8.444690227188325,14.025809758950903,35.34522960782269,8.410976047378844,35.67069814578846,5.821648369172832,25.73695783863593,14.32309415806468,74.63610793702293,6.507338291605277,6.878789516695218,6.287005760068014,14.393762859960432,9.6558251983119,18.42548668203189,13.330894477992144,1.539847560694945,19.180226225678343,3.293808729253468,32.874976835177144,10.88428413340266,29.2703826671899,6.300306539365188,10.198803459303786,6.9745245730117365,6.477790341032734,12.021712181321245,38.396584717884295,23.627417115048274,12.021009797054026,12.44090243028902,7.983775484284894,12.261171786054833,10.696150797560735,9.651190842726727,15.88218121448185,11.713850174337336,8.818392777535419,14.487338367791061,7.212623184366818,0.1,45.27853695420721,717.2074254026892,176.96323769082986,24.167033225299374
k__Bacteria;p__Actinobacteria;c__Actinobacteria;o__Actinomycetales;f__Actinomycetaceae;g__Mobiluncus,59.19568008093346,40.78535124024508,9.991913725720275,13.776761695675454,69.74931835772395,54.33654121984055,10.529647931637774,14.543147941773707,17.224541992665934,15.435948030631554,14.02017485245834,4.257461585188048,42.969349810328104,9.560389664850602,17.667028938031475,14.355727729501742,8.742000281657237,16.25527545116075,9.437838558606618,6.544449304345789,12.420676110889106,16.41550104525209,11.346176159409922,8.930492399895549,13.577476016264885,30.326839411549624,8.452284793080544,30.369360476166797,6.501510787844922,21.98967351750225,13.853763518404017,62.476695845595216,7.3266679929861125,7.362855550834817,6.7045633984466875,14.075460408493033,9.482149618495322,16.882432484449765,12.80377503006392,2.351515040387949,17.48185942247282,4.100586133149821,28.45169721405837,10.733994289592404,25.17442418826917,6.246240811404483,10.253354313217232,7.572954182509076,7.055035366660071,11.981026932177171,33.48582943391141,21.36712821896907,12.067339067738645,12.120924419928622,8.025586258476526,12.011225163669437,11.02012592577926,10.300451346255388,15.279914754437444,11.657149488142851,9.357896939306807,13.92218624003167,7.73374233064139,0.1,38.4637644384714,653.1293362545993,171.46554969279703,21.17699705603843
k__Bacteria;p__Actinobacteria;c__Coriobacteriia;o__Coriobacteriales;f__Coriobacteriaceae;g__Eggerthella,55.30805830574482,38.17704566983928,7.337993451175537,10.99286714102767,66.1051489911277,50.689397333706324,7.710755489607966,11.769142769317515,14.08217900272134,12.633012088162445,12.188169198523294,2.5230249980026196,40.08894305551419,7.247110137421626,15.885212742040512,11.448751932268944,6.877645626950759,13.284452992957368,6.847796301953022,4.6611573447583865,9.413605449504175,14.009153331735792,8.409325913868228,6.495520946554684,10.870876246673426,27.650173619031413,6.498657396328012,27.920333873405554,4.455260719179456,20.139846216311255,11.102045164836552,58.48961015878915,4.97611263614196,5.285252146558184,4.832193937182867,11.146749249858033,7.475000455409214,14.343568369079968,10.338907642913313,1.1369308892026069,14.937155487106942,2.4929986465998533,25.70167093287408,8.423017311151753,22.8939542315672,4.873453208467195,7.879711496183591,5.35173987905274,4.969174342401946,9.295007458793009,30.001687368585216,18.41157762938964,9.288749051481135,9.637371042391969,6.168414321328552,9.493845993983879,8.246445483260384,7.417364265780625,12.315893101852744,9.058093574696882,6.780851698713461,11.235293782512626,5.540859309954224,0.2,35.44624382980879,558.5835125406089,137.1470935072331,18.876613714581865
k__Bacteria;p__Actinobacteria;c__Coriobacteriia;o__Coriobacteriales;f__Coriobacteriaceae;g__,7.068118175803765,4.438288930746207,13.468854432401692,13.192034670863762,2.798127567516545,6.97117146421018,14.329794454389052,12.91348870491348,14.415076968067428,12.837568135258064,7.273574509631131,9.448192879551067,5.489726750607514,11.498262380044858,5.928873319689388,13.783841398925798,8.972203508810152,13.636399070883177,13.233774458799672,9.713028250665271,14.948781919076989,10.12221085054858,14.822612304807546,12.425042568420672,12.773692569137477,7.830249562122879,9.603103953526542,6.419339600868845,10.72659604102084,5.118473769935574,12.972433281639715,6.746983307246373,12.362054362601354,10.674500318961012,9.600412212391944,13.997044490415378,9.63934503644222,10.803831745268603,11.508118647229704,6.79532935981226,10.669383819071355,8.713291620911043,8.813885315759745,11.150621767388081,6.859764213378002,6.6607530304263225,11.672277741088475,11.49727777327001,10.812713040340126,13.100875195033765,11.894476825667116,12.089969894884623,13.645188351872793,11.816981671123258,9.131642483614428,12.056010990036244,13.912595549817482,14.789394618971798,13.871767180926707,12.658523144651966,13.176624907157278,12.554639599668665,11.277494412139289,13.912791234873989,7.612589545596725,395.3842894291713,162.16088619849765,8.118039886957582
k__Bacteria;p__Firmicutes;c__Clostridia;o__Clostridiales;f__Christensenellaceae;g__,5.35024633252828,3.3963505701130847,9.149561154625282,9.002101225081963,2.438056874636358,5.235695068617768,9.73338156794816,8.822778802379702,9.858769964324097,8.780859194768954,5.028753352786109,6.3902859294900605,4.124886346439746,7.821393918997325,4.162522725670325,9.405546281189944,6.1161475548996,9.325821080629453,8.986006396185969,6.591456036207765,10.16843163714767,6.966736611489466,10.072745614654643,8.437566759475821,8.719045904023881,5.568575551971872,6.537018495993271,4.621205890652259,7.271900256305204,3.662092027247242,8.855363588213386,5.167892164702781,8.378939766768335,7.2456654311763025,6.517432976758105,9.5459181997692,6.571839520570232,7.4293762417550955,7.861005772470069,4.58879413409476,7.345155807806516,5.895008127306792,6.210275803910715,7.599798124248149,4.864227097812801,4.538006233867556,7.9453402530340504,7.800516895835415,7.335381065123189,8.92259765984811,8.330919938322054,8.33897785920228,9.289126993999997,8.061543881208944,6.2159661828218145,8.220999963666362,9.458110277608785,10.039794284187762,9.474012436934228,8.622145947431203,8.946802094626916,8.575399726730524,7.654509265674466,8.60350042443265,5.505125184184748,272.24939125072257,110.6783615877767,5.668834026741067
k__Bacteria;p__Firmicutes;c__Clostridia;o__Clostridiales;f__Ruminococcaceae;g__Anaerotruncus,14.472962443316735,9.885343099009946,4.900817239608178,5.680279817963384,15.900982644979305,13.38169000005022,5.19181165253913,5.793564033654534,6.685692013105649,5.975303115710667,4.548979815583921,2.8308563195567595,10.577623118818204,4.4110769195944854,5.084191614490359,5.926483575507977,3.7247836931404614,6.315977790765533,4.731527886750212,3.388360890338596,5.732881094914512,5.647710890809603,5.470598941765473,4.4576897840706255,5.552559602674054,8.257471833125651,3.787195135239303,7.9843591128646825,3.5818257014461388,5.875451701366037,5.653296825319366,15.13241353155491,4.091295833170484,3.7613963640668127,3.401131966062208,5.907347820305938,4.021625884839814,5.887183885123235,5.1284982639625305,1.9634034404530414,5.992490385786347,2.6491097848772784,8.040783749533603,4.600353998951739,6.9266066507588135,2.711453685016019,4.598777102498208,3.972477794826545,3.7211682443436653,5.265912530163987,9.768042590021606,7.133958961947021,5.393934192401949,5.039710984403466,3.598675094652603,5.063371214456175,5.216473073516086,5.233275032967287,6.147951506978718,5.105901748689343,4.702451342946574,5.584739347868017,3.9639405232272993,2.6513981134067333,10.008790021707023,223.23551290535366,70.29087548098558,6.296758961987615
k__Bacteria;p__Actinobacteria;c__Coriobacteriia;o__Coriobacteriales;f__Coriobacteriaceae;g__Adlercreutzia,2.9609109296991374,1.8026814673701972,7.251162131543633,7.039687762772517,0.3236601005620553,2.9836351700916612,7.716242167753757,6.874501060859307,7.658374494268522,6.818774905241126,3.78087508264293,5.129640540765378,2.346767468603355,6.174139418379479,2.984252451786522,7.356106041154036,4.7976782020550335,7.245289757171898,7.130545020372003,5.239503371901768,8.027076213024209,5.310067676132543,7.974501367203175,6.693702582346492,6.812728882359343,3.83184319564462,5.149191357758405,3.0552129694422843,5.797611985361527,2.470906513065104,6.917707521899126,2.7329490312345155,6.684159509609341,5.75548114956462,5.175061713500495,7.477748357830743,5.15300629730823,5.677634746107326,6.1288031663190745,3.700459563011484,5.594311130572308,4.727918436019585,4.402162786028821,5.964579695512657,3.378732867933657,3.5654959659537373,6.2589990035073075,6.204700030196506,5.836311844166198,7.017654480847548,6.017629194806057,6.314795523581682,7.31566222109938,6.309356203025008,4.896577036943142,6.442533008271759,7.47911764734699,7.972597418464207,7.390000049541267,6.779440518951012,7.100365248502048,6.68686078966167,6.081308505855952,8.794262711696257,3.5847979101371195,207.2302952255537,86.50105805018745,4.133309899036458
k__Bacteria;p__Firmicutes;c__Erysipelotrichi;o__Erysipelotrichales;f__Erysipelotrichaceae;g__Holdemania,5.5095350522839865,3.6060353337516333,6.333934576900807,6.365402267333052,3.958351869650509,5.270010431734834,6.734714930685722,6.2738298304120885,7.043472699027733,6.276576693173577,3.769884604764124,4.331683092626416,4.1573665963238975,5.448974488903467,3.3256675955504136,6.6493771882609725,4.3038189014399135,6.66142342787269,6.208003482791012,4.540914511190485,7.083807801716759,5.120925674145528,6.984737566655857,5.831436830224584,6.1731697419316145,4.675535427002571,4.569812390568108,4.056158174440512,4.985359971137676,3.144033498708573,6.27185045477387,5.501084056505118,5.738736478383651,4.997320543374983,4.497825900790397,6.731877948575977,4.627486783053309,5.4398992807273485,5.5847054008558406,3.086648762534993,5.404996911199578,4.001815427556574,5.032580442932062,5.343482476890911,4.039587565547306,3.1851849859328314,5.553650714884966,5.3680284964881375,5.045693438069487,6.252526140285377,6.592631097093474,6.187751528529263,6.495636018109683,5.693007870878697,4.344983398322537,5.793787497149849,6.570928517304423,6.927751610094296,6.7255227272977685,6.0446768327075455,6.179607054332693,6.090704425903176,5.27779082685081,3.1668407914691312,4.9093519854434335,200.5117751278604,78.33140731365339,4.431557019202887
k__Bacteria;p__Firmicutes;c__Clostridia;o__Clostridiales;f__Veillonellaceae;g__Veillonella,2.8300522245812636,1.7806655424344344,5.290813663128066,5.186035377247391,1.0781531848401549,2.78721686954126,5.628906499931083,5.077583452307528,5.668991131325157,5.048702775433712,2.8657562332282316,3.708691892999574,2.1950835724299385,4.5177518536329595,2.3421440159776057,5.4186468704056585,3.5265174935706782,5.362723341497611,5.198092968449481,3.814799630176092,5.873477723996895,3.9850329980052006,5.822942110126903,4.880500162729311,5.021813174624356,3.1002081976933447,3.7735944686148017,2.5470582254054372,4.212158534337761,2.028692721045958,5.100010108057528,2.707398568755633,4.854211302103354,4.192587917941565,3.7708038918979634,5.501961674671509,3.7888264223093904,4.252747764292273,4.524836454156274,2.6666599700522955,4.2006283028816105,3.4203946965602525,3.4840122229118027,4.382613471220293,2.7145830230925454,2.6177618424840965,4.58666811594954,4.5153926174781605,4.2464730037547165,5.1485105381844045,4.696854290873248,4.7614717398588295,5.362011541452733,4.645258084137108,3.5883193430349536,4.7388682288907065,5.465817343668345,5.808879829249703,5.454038536251893,4.974750771759839,5.175606297879191,4.9362687203562645,4.429379186158303,5.38246508351116,3.0229462558418136,155.6714516359331,63.750576845955926,3.2039613037854053
k__Bacteria;p__Cyanobacteria;c__Chloroplast;o__Streptophyta;f__;g__,1.6311782739648897,0.9693162076026324,4.671321880193272,4.5146525123539405,0.1,1.6703331210480423,4.971451347623292,4.403253530739059,4.900211227529175,4.362493308937888,2.3915389159786025,3.3186932200087056,1.3126357977092271,3.972209005198581,1.8545568237588999,4.717777947059051,3.0800636584823837,4.636100425201611,4.595562642761157,3.3787631072649904,5.164363471846537,3.3752263555190427,5.135517087177903,4.31366703936216,4.367872988213552,2.342981310267647,3.3103948756522263,1.837085042963472,3.742376650768359,1.4986354868650429,4.434842161420357,1.466299145169675,4.315493171982511,3.710626360728373,3.3360009115971203,4.7983872233482066,3.3077162345220605,3.612217652900528,3.9264305816925713,2.397672585401708,3.55495870336576,3.0579084467280238,2.7237304349392284,3.8298762961692687,2.0737786981467963,2.2902704598055204,4.023989391177461,4.002070653103134,3.7648003030452326,4.509307995027748,3.7503647299102907,4.004607288774582,4.702915514418817,4.047416204751392,3.1480504661411697,4.134680825159976,4.814594985871702,5.1395195266412514,4.735214285816438,4.355824579548553,4.57631259019173,4.284189156943952,3.920921365504776,6.092161675801138,2.1413341736426386,131.65866786924266,55.463429093890525,2.585141261314014
k__Bacteria;p__Actinobacteria;c__Coriobacteriia;o__Coriobacteriales;f__Coriobacteriaceae;g__Atopobium,0.5182853520022268,0.22055036979891784,3.971250014652522,3.773832127603702,0.1,0.6286291334314763,4.228025350955241,3.6634658466050936,4.0607164796767385,3.613536759530613,1.894309540651541,2.8656268694629485,0.4898189620098939,3.360325152298836,1.3630443031230397,3.944263582185832,2.5848910209704163,3.842490253885686,3.912955983989245,2.8830445359615617,4.368979234899313,2.7260356932762377,4.360244892879101,3.671816164968179,3.647262140046035,1.5971980679342916,2.7929004946751457,1.1495860704255467,3.2049591332328604,0.9812073829583364,3.7021208816358686,0.3214687704549363,3.698432244654273,3.1634805095929224,2.8427689117017567,4.0198494583516835,2.774478950891272,2.9281335092991165,3.2693182714019704,2.0816364153294518,2.8682016539254125,2.637674398827825,1.9628146385454504,3.216281241402017,1.4396862872700666,1.92603220645194,3.395269143209123,3.4176903254000197,3.2161408367621065,3.7971048586048695,2.791345954151367,3.204887907971961,3.9668076272019537,3.3868518821791773,2.6561244854143724,3.465658559189015,4.081799650058862,4.380083234077509,3.9452606742037433,3.666554434827338,3.897195197257061,3.5679553278230274,3.3434899738689947,6.52050532165897,1.2921967767974984,106.13584732197508,46.32776523491248,1.9537824275391769
