,0,1,2,3,4,5,6,7,8,9,10,11,12,13,14,15,16,17,18,19,20,21,22,23,24,25,26,27,28,29,30,31,32,33,34,35,36,37,38,39,40,41,42,43,44,45,46,47,48,49,50,51,52,53,54,55,56,57,58,59,60,61,62,63,64,65,66,67,68,69,70,71,72,73,74,75,76,77,78,79,80,81,82,83,84,85,86,87,88,89,90,91,92,93,94,95,96,97,98,99,100,101,102,103,104,105,106,107,108,109,110,111,112,113,114,115,116,117,118,119,120,121,122,123,124,125,126,127,128,129,130,131,132,133,134,135,136,137,138,139,140,141,142,143,144
k__Bacteria;p__Firmicutes;c__Clostridia;o__Clostridiales;f__Lachnospiraceae;g__Dorea,446.98746226130373,585.3092714543111,525.5559932687046,610.0464328395393,568.5795129167591,653.0992185098099,496.59355969172975,738.0745906511282,586.2136639232987,700.8022213054629,584.5125560632348,608.6756582016927,569.6040501280668,642.3159014521409,623.1856927455802,438.41009090995794,527.9197587655891,593.0221834964766,560.6473362984581,492.28841490618623,514.8707241036952,374.9838266991104,521.9080527021721,588.7465213948418,561.2935115391979,395.31076681583306,516.424700866744,468.5035879987358,347.3351500477128,436.2597733606744,313.25295334023104,311.8327676230675,387.52898953015296,453.5109312666772,298.82118519552364,421.1274975031585,346.95460319600807,454.11703641579317,485.345777127492,334.17846347025,509.55454803198637,475.69907968651694,421.6131386880615,453.71779179734136,931.3587984238676,575.5302159675811,815.567530185057,953.5280667564112,864.0033734376967,863.1736047110737,698.9823638800614,320.51134610558347,881.9242080712428,585.07708047624,854.515316525478,580.5757313195945,635.8271737104492,590.1499119489887,584.89515250545,566.5547219333938,598.6987709340067,576.9907513183874,484.9791794429356,315.5643200309279,413.40640057546386,451.08072679946287,413.63993212206236,425.96558115349717,22401.09160793314,5378.406728467952,531.2276899400047,311.0942149106365,599.5090850047964,296.50973346960393,511.1125528050618,521.1504057958341,643.8277828544502,588.9820211765323,453.47617249519476,457.22578817467985,522.1788599643469,480.65655599427856,403.5403562744464,402.50769457958575,378.68960646264566,424.68143964533937,409.115822914068,644.7697477747166,594.8247767590804,362.13967042509177,193.54338034797686,572.7181136073725,517.8834072499305,335.9593591551906,580.8500389920371,437.5074660116121,744.8838806090445,655.8905377551832,623.2242408233037,480.1981096740825,589.7607485990592,461.11236791517035,647.5446038311402,583.1568202861196,507.07767587200243,905.8814973788988,475.6592354543728,374.55995745610636,560.1166298381346,664.7608528914135,633.7231967609371,317.20010017628897,353.69329451054637,0.30000000000000004,722.1777293128994,2296.1592250861986,959.6840237323893,853.4020833106123,544.0188725459074,449.7591989041104,480.8992322687668,483.85910168814513,434.6654840870076,528.9815550836754,534.3580812321858,583.5277880855668,533.0056537307846,537.7846685213964,388.0148324550688,348.0227565182387,341.7452538788097,500.3080210344883,381.2795915224029,445.1761366741636,387.60597799043586,444.833858567853,336.9975136750715,474.80114183105314,263.4010320912472,491.52913294137846,524.7386954261406,519.1021560118435,528.6367069704664,469.14050523709886,586.6707633715523
k__Bacteria;p__Actinobacteria;c__Coriobacteriia;o__Coriobacteriales;f__Coriobacteriaceae;g__Eggerthella,2.1092803204462034,0.1,3.8171558308209486,1.785567074622204,6.7775638523034045,7.604963722230363,5.542730893014804,7.409298772701622,6.631091690554402,8.020329650374382,4.433171731526971,1.976984162089912,1.4236932055408118,4.01755612153026,3.3325718880801665,4.861762257855677,3.863345179218692,4.318054624590148,2.629081249239828,3.032656364940544,5.688096760920695,3.449445864702932,5.721939001152803,4.457311288274088,4.236264553251137,4.648911906090411,6.344729165169006,5.444983783403841,3.9349602164079176,4.9666040043761575,3.7081322501190814,3.8794532862679874,5.880171631358914,5.055080764598214,3.4888764578381197,5.02953426088715,4.090075255401191,5.611287329747458,5.470101062363443,4.0266073685167845,5.839716469831508,5.644572090174796,5.302817701047983,5.6446549523434415,11.053900164989534,6.802865257040034,9.654647408780065,11.284036873184187,10.176074736909966,10.23026792955393,8.028987624499033,4.050574211750583,10.179665263376943,6.778904784463746,9.073189366285355,7.209824923494438,7.13354885715958,7.270330796754322,6.8518436208036775,6.692647999661762,7.0953733326462585,6.550895872338918,5.951270677429677,6.201956772439767,5.519519110136143,5.9423337301679435,5.292297612927904,5.4991818506336045,0.1,49.22364052805389,6.579892833836974,3.724595891311669,5.6727006611195385,3.73799957199318,6.397873726979135,6.636559238637929,7.864644497211986,7.192086645218716,5.688717675246052,5.6709572918561655,5.760195305228756,5.532873500188413,4.996472085590597,5.089512669336268,4.6537498344185035,5.480786995587457,5.356543797639547,7.219050162670604,6.754332243239973,4.476650905248004,2.1931252560813506,5.53856767256625,5.060498734052173,3.880781515300936,6.3710638979521965,4.82181235970959,7.873285652185131,7.719163455645138,7.370232525865878,5.649602684368462,7.0364114739696255,5.263374356042419,7.267748673423416,5.848639704378039,4.912634798626295,10.110390035594053,5.3581262369015965,4.090525812780988,6.443227469525052,7.32126390928066,7.213120244359533,3.877020749780337,4.306646925880049,3.86591433630436,19.021502629944404,27.010823195861235,11.146838834249175,9.902525933689702,6.4165798006509975,5.306300531147636,5.640927550531748,5.550980140509004,5.207398915756354,6.593337292086653,6.3746096389716405,7.116574691108812,6.594590386756314,6.6557054621614125,4.779575845383,4.238248128503546,4.14340077501152,5.627289164813786,4.543409401019742,5.126555299149456,4.689279898061447,4.30553575159907,3.895655478947418,5.761636338139943,3.0775355833739293,5.970111075976168,6.322490429076008,6.102838571128231,6.4402208351497165,6.1321409861815726,7.142481361122763
k__Bacteria;p__Firmicutes;c__Clostridia;o__Clostridiales;f__[Tissierellaceae];g__Finegoldia,1.8675091626756,1.275572528032341,2.749936725106118,2.0957043236648665,4.072486089748244,4.603225772016566,3.4007390248171605,4.710969127770674,4.0509682595691965,4.881382131295818,3.1362606496651275,2.1719908768860208,1.8558526566851328,3.0924624402598964,2.7660587805374317,2.9892134666414614,2.774332769000711,3.1074609279743486,2.335521328919018,2.3508722151854617,3.5016023229485347,2.2629302224511414,3.5312669434377444,3.1556742177036816,3.0030539696516274,2.8052201635755045,3.777196768756793,3.2978047831587483,2.4027092010286677,3.0278865533648562,2.23296120348066,2.300809149937188,3.2982223514824733,3.1028921321143894,2.1100196838358345,3.0203402595328366,2.4661509153646324,3.3347587075919063,3.3456422109414152,2.4114548727062117,3.552627189729435,3.3965142933399792,3.1346817227088897,3.3477006876559354,6.650999271405225,4.098418459577974,5.813762044187717,6.795645054308866,6.137504077161737,6.158120476181892,4.880926245563088,2.391016153510896,6.178816769801563,4.109703581393904,5.659328691812347,4.278295184630413,4.369465185443996,4.3246480634600095,4.139528772301204,4.0327931434439135,4.271134704621699,3.9972354943463735,3.5442481529226924,3.2716625265396977,3.2062561266155685,3.4652133535946885,3.112603205599626,3.2257370117065154,43.549095195078266,32.35289614208089,3.90755624961084,2.234987295522944,3.683309130030827,2.2081320629151544,3.787417589243848,3.908647366601208,4.690246936649107,4.2896244495355385,3.365425532171635,3.3663973348866145,3.5477240599251565,3.3612376022280763,2.967554600804964,3.003820411164864,2.770288844695002,3.2152595838378883,3.1291763110845725,4.424773825696864,4.12118133022003,2.660112123759369,1.3390422060918878,3.568181476115724,3.2481894332320214,2.3549749860142533,3.9312804896343065,2.970650382929532,4.918400316123568,4.656758833134289,4.439551781323238,3.408597197424786,4.226835445873502,3.2061116568856414,4.45112333781055,3.719888174724793,3.16289421426063,6.203344790575961,3.2777083445856987,2.5276836860257808,3.915113814346704,4.511561546202153,4.3977679591824845,2.311728548166496,2.5708840506775164,0.1,9.376082133728566,16.297271283913428,6.752463448964317,6.000573119268565,3.868296431580621,3.198672802532218,3.406559861270632,3.3758587559795314,3.1241410263688927,3.908136825283413,3.829433202586332,4.24620786384232,3.917598728894353,3.9535480273643446,2.84316039678156,2.5299348269589723,2.476675178416372,3.4440386441694097,2.730313880454805,3.113992724247628,2.80482868892013,2.7729607712971465,2.363446536483552,3.4430360949484067,1.8608270869229435,3.566612194263956,3.786455716806707,3.682895257255621,3.8439114127495713,3.584012286478328,4.2639293573254315
k__Bacteria;p__Firmicutes;c__Bacilli;o__Lactobacillales;f__Carnobacteriaceae;g__Granulicatella,1.1594718633792458,0.1,2.1262304384506603,0.958684933014241,3.811182751928653,4.274959406581927,3.113690916029465,4.154935307463727,3.7258677078075535,4.507261643356311,2.4719129680980307,1.0680417541526122,0.7561891038057267,2.2290652685111385,1.840102837857989,2.7308704435039384,2.152352787818688,2.4053886502460218,1.4448608140475063,1.6818790527379712,3.1948338348491836,1.9312634299412497,3.2134501677676894,2.4852694103401665,2.361848100165097,2.613668686777748,3.5693518773174238,3.0606865790449835,2.211021742343578,2.790904658380252,2.0849553318420075,2.182850315516331,3.3169868035427945,2.8396880931511843,1.9612720218846988,2.8283044099584047,2.2995671535517452,3.1569970995994376,3.0733577256532283,2.2646124208839047,3.28187148396077,3.1738612187795483,2.9841907311170064,3.1760758690232063,6.215469237397017,3.82493426686738,5.428479495678168,6.344598222584202,5.721227594399547,5.7522317830627285,4.512381280549142,2.279635372200272,5.721509325268345,3.8103212102679915,5.092862078906854,4.0566459878998895,4.007675405659007,4.090226325237497,3.8519576947932412,3.762929823927943,3.989553521515445,3.681017748103325,3.347946921408285,3.507691608488912,3.1086486940685587,3.3461899524407817,2.9789741832808083,3.0958060089263366,0.1,27.55645612824441,3.7020755417692484,2.0945622587017905,3.1777034967236837,2.1036483733939635,3.6001996878725384,3.735402744418572,4.424046167169265,4.0456957466079695,3.2012416688570973,3.1907379656412207,3.235252327579221,3.1096377345669217,2.811173396796809,2.8643637238173407,2.61806804260048,3.0854366110408407,3.0160788248764887,4.055580292250848,3.7953391081210297,2.5186480870513432,1.2323031307894003,3.1038094713773465,2.836432391634311,2.1812292987144297,3.57802596728074,2.708164224764755,4.419012570363777,4.339845994750565,4.14396861675302,3.176288044105347,3.956791465783872,2.957789899664032,4.083093823690328,3.2797058057039883,2.753127399373968,5.679619011701533,3.0104205326548654,2.2971023332599905,3.62124647909672,4.111931824235718,4.053285906838937,2.1809330994609466,2.4224774590774785,2.3922885237784235,10.78734978591604,15.185841914847696,6.265706705473257,5.566187268027437,3.6076286979543752,2.9834027969704646,3.1712689236566263,3.119653522608949,2.928458265081745,3.7099683548283333,3.5846332876285008,4.003146782761383,3.710286585787865,3.7446873374314698,2.6889442808415223,2.384008555774576,2.330508081726073,3.161573207522893,2.554852952149968,2.8812929322060197,2.637462164499432,2.412856908658505,2.189613947520804,3.2407460482443087,1.7300553641355678,3.35805133171714,3.55584279699665,3.4310662785334487,3.622634849271875,3.4527123462020293,4.017619103602646
k__Bacteria;p__Firmicutes;c__Clostridia;o__Clostridiales;f__Lachnospiraceae;g__Blautia,399.1422607309632,352.0897885301595,550.1011805726837,478.68883736848363,755.1444512051708,856.5146071098471,636.7717617329548,896.3393337591983,757.0114736704861,910.6087345298384,623.1602813279846,489.42274186410515,432.24020466481363,633.1783912651799,580.1583019619976,560.2575481594532,554.3290481005306,621.3761117466455,499.63619087219416,482.4747547837471,656.6649779210362,436.36240630480387,662.9873436176167,627.1924280848741,597.1487940701979,521.1992963411732,697.2888773632063,613.7918039711494,448.89634989983136,565.286014699412,414.4741087254147,423.963604437136,590.8728050697323,581.1178888718563,392.4530795643644,559.8913241117444,458.03843780441343,615.0970729059436,625.5463792877281,446.4377551993145,662.5959459265647,630.2261065951093,576.7006380856593,616.8707689620772,1234.0567128841292,760.8980546041278,1079.1232576706661,1261.4381548641707,1140.0719525218954,1142.842433979788,910.025804758038,439.5790908778737,1151.1813026226978,765.252792072626,1067.6592296992121,788.5567532521094,817.5296200604755,798.0322775465493,769.5498078303057,748.7824253539962,792.6558834575686,746.5596159475592,654.3999706587899,567.9720081626081,584.8075036848479,633.2562617064212,571.2187659859491,591.2120887774988,12706.885238367564,6243.540723580544,720.4968274704702,414.1568908760843,707.1782634933608,406.1023305012349,697.2715772740288,717.7960721480276,866.5715271976159,792.5942418771953,619.3865605865872,620.5923618461787,665.4637170374476,626.4894967053442,547.2038638575268,552.198519757985,511.38921506551696,589.3200051325748,572.3512957958973,828.1316897392733,769.692609714386,490.6282327536608,250.16421904081508,682.7890969719806,620.571225998656,438.7081394315795,738.0383153350549,557.2948110487933,928.5161393519597,865.1121171919383,824.1719550461078,633.2646330124538,783.6603222487778,598.3249752836813,832.7610455133611,707.8710211162407,605.0682322007265,1161.5564660001235,612.8923640646456,474.8443469966389,729.7971822389833,846.4590255518546,821.059199956968,427.0789031995148,475.2213757833823,3.8526725097286216,1580.742504468683,3027.8444368468768,1256.8890916867065,1117.0982572511293,718.4025972557222,594.0184272911104,633.1665528059112,629.5301803059408,578.8678991034702,719.9440445723226,709.9945178236193,784.7160472122072,722.4656361205988,729.0634460944009,524.6606285749289,467.6415480172437,458.09455437292905,644.1391701931448,506.2957027911843,580.3710627706939,518.9556659741903,530.5499535737255,440.2379482872302,636.7543650248832,346.0677625817421,659.5195666980368,700.9983119965586,684.2991364142805,710.4818292480072,655.7028808781756,788.1918685576615
k__Bacteria;p__Firmicutes;c__Clostridia;o__Clostridiales;f__Lachnospiraceae;g__[Ruminococcus],224.5084322896621,235.23745763809342,291.7996840103732,283.65664450496587,370.7968154508453,422.16791341024066,316.01044756199923,452.43073002762975,374.8736215119345,450.0874895777333,328.4423630482069,287.08661274946695,259.7840836857061,343.1483835502186,321.1625086240847,278.3283241850606,293.71609435059884,329.48489574496375,281.25201740243165,262.03032990479056,326.42090833198904,223.30672612299625,329.9687415540518,330.65553623491724,314.96239445552226,256.4837338999189,340.7148793634248,302.6260922961511,222.23973000778267,279.64147355526075,203.747684302058,206.7394412164204,278.96486219859537,288.4533703046414,193.35316662363982,274.83686820034166,225.31427728442088,300.27424611823744,309.95408092276705,218.83104583634514,327.4284239509547,309.6874002293856,280.7207703694207,300.80738683418105,606.3817315280003,374.13189185968605,530.4734656862469,620.1291136424945,560.8965411351245,561.6891540423328,449.53235265413076,213.80753026288508,568.2123436116314,377.4907146323334,534.1091541221595,384.64037067440165,405.3777298544239,389.7681751167221,378.93523461161277,368.21138071823,389.58114037466714,369.4779557846389,319.82023104232917,256.5839968715672,281.91483232291216,305.9372560092242,277.28017632127273,286.56621624668975,8738.423908190842,3197.654157047263,351.5904727272052,203.21807383233997,360.2993734508192,197.6040446311056,339.674521919301,348.69801687887633,423.82627691504655,387.6678325282792,301.6268078049216,302.7722383288431,330.87436780464327,309.3658015928727,267.0425228724095,268.56166109105385,249.8684926278344,285.6645068483403,276.789284113208,410.77054199512406,380.91794670212363,239.4954940612212,123.84707268172195,346.68261482880433,314.5764115262155,216.51565207332615,367.29460730539597,277.1321586142321,464.8387490275386,425.6725376011257,405.21134765643455,311.6099724985916,384.7425160320297,295.85988152087305,412.90527879030253,357.3538005921008,307.13286008053103,576.4507215247974,303.70968541222555,236.47784722705256,360.41898055584,420.9754383303867,406.1836676433187,208.8575335884978,232.5444748493124,0.30000000000000004,667.2778639173498,1489.9429658105582,619.7610681311302,550.9197967925344,353.359935305922,292.16592620226396,311.7127173729022,311.03666110370847,284.0087979419727,350.9627126070039,348.5829070125418,383.8924180904224,352.61476588201333,355.81771918401495,256.2551711894198,228.829702069832,224.31922276132585,319.2711667652876,248.6185542138224,286.57317528959237,254.210697716327,269.3475169661416,217.2446901330003,311.7609640793624,170.48035772120468,322.858912160793,343.6113833017853,336.76241418601916,347.63665815895365,317.184810363109,385.7015446978109
k__Bacteria;p__Firmicutes;c__Clostridia;o__Clostridiales;f__[Tissierellaceae];g__Anaerococcus,32.64331614177247,54.25471240023338,32.92880978002159,49.00903075336957,24.82709205175497,29.251999873416064,23.22007200703633,37.890674026937326,27.051489300859924,31.959908791099046,35.856918662930845,48.10201131880984,46.752948168354216,42.88527166060178,43.91323592700804,20.628153625747093,32.958573356095066,37.111525574206006,41.01132222806567,33.05808608803081,24.313781833920967,20.53466908788146,24.825130181508328,36.14916043010052,34.517381933332445,17.519241901422614,21.77963923563692,21.026744751825575,16.00371279638772,20.002230201824066,13.783822312002899,12.954188711705962,11.78053309045881,21.233243761655,13.346232270532033,18.34934143856863,15.33609109588421,19.021142976240906,22.47838117933057,14.416016858318805,23.20499433438989,20.876829221352104,17.279792525630818,18.848241850212396,40.86384132134566,25.365274030910104,35.88528276750032,41.97101440612623,38.22832863440575,37.93078253019113,31.756683195924353,13.057200633134515,39.86727245535869,26.34388178972526,41.850053199853676,24.171384582053687,29.58055445847077,24.80808691762175,26.02967445634886,24.986520133874077,26.310323047566943,26.527488149706574,20.482503465689767,5.72597547049025,15.63890639679374,17.391079567343652,16.58698913136122,16.880691230972086,2128.2982627651304,295.5566235242035,22.186615362816795,13.517498672427847,32.186282437266684,12.11710885559448,21.072772609340007,21.02570089930617,27.337616663689577,25.01937758888777,18.646273975655177,19.064678155783888,24.69412140925612,21.789733736441285,16.861363728359553,16.38668949655824,15.965852696537736,16.837209545548813,15.907567382421382,30.057054283653045,27.343516440008568,15.160914032440767,8.915722992521461,30.261185695021414,27.15090500804355,15.174972803673796,27.616886489827948,20.70776946699908,36.62699276968693,29.043890594564253,27.452543156759106,21.27144899193354,25.726024098518394,21.085288156033076,30.114518322601853,29.960010705044123,26.756782857836992,42.360332386322725,22.041184533936416,17.881445186321656,25.40952155409171,31.484872362456883,29.061951156376203,13.459360371985507,15.074773284590075,0.2,10.978768085561203,101.72914090454165,43.0984830488795,38.36557209121278,24.032815498940806,19.86267383245956,21.371517061017546,22.01140496726688,18.87324020938056,21.92453874481729,23.312538929198052,24.824019423269235,22.29073922001424,22.482499613149642,16.31322958096618,14.830451201587348,14.637971992064633,23.218010677172998,16.654766796043006,20.172728993232923,16.643701029428648,23.488993618495336,15.210113901216927,20.316625592334148,11.755269197154133,21.010053480681144,22.63746738805726,23.013042552471,22.517077503049837,18.2835134966398,25.008388043888218
k__Bacteria;p__Bacteroidetes;c__Bacteroidia;o__Bacteroidales;f__Rikenellaceae;g__,1219.7073245561487,1271.3221398097312,1613.4077945371012,1522.7662689468598,2113.2982167490727,2402.425880837146,1793.4080528755542,2550.382993605876,2129.2967511579727,2558.439581480018,1820.4867862911576,1543.874135873714,1392.0673221732636,1881.88931780944,1751.6717461161847,1578.9001100581254,1624.69553822693,1822.0348766338604,1527.6664394810678,1436.0461202128479,1851.2698622005628,1251.9981667892262,1870.474837113714,1832.566208066259,1745.2802632629928,1460.5052915520707,1945.682726037991,1721.9363551421786,1262.4544179625345,1589.0313901840766,1160.7025257539322,1181.572986065357,1615.4960575166795,1636.8763474758725,1100.502420206344,1566.5848162242999,1283.2164891047858,1715.3858902590616,1760.13741603803,1248.0685219958687,1861.373970681293,1764.4904062232574,1605.546402459737,1719.19799631797,3455.0024765024536,2131.1382824656384,3021.9897187122515,3532.6611637651445,3194.246368829545,3200.0639487361605,2555.8914583925853,1223.2294259494658,3231.6803500495726,2147.486331273692,3021.494042136313,2198.0662801672484,2301.3455315752217,2226.2034978161705,2157.243004894222,2097.329768962863,2219.5202694718905,2099.148456092682,1826.2191253282895,1511.8731229533062,1618.7332277129929,1755.112271281448,1587.6521457840718,1641.7930119855346,47519.044740036035,17922.466799736983,2008.8576232393275,1158.54021426292,2023.5727854734034,1130.343125497423,1942.1163621521607,1995.9594132175116,2419.388426360805,2212.9278786198515,1724.8205836536515,1730.0816032225837,1876.3470013661429,1759.1922866317211,1525.7448000003724,1536.5403429664245,1426.9207294282276,1636.5912149602484,1587.2520277698136,2331.653005946803,2164.1632788882557,1368.2108680368415,703.5351143053601,1949.7241445402774,1770.3020302417892,1231.482922997592,2082.122819672568,1571.4905055727395,2628.867583333901,2424.041862706661,2308.2473550705045,1774.4617853904967,2192.9086607824947,1681.4762750712891,2344.136553695675,2014.309369297429,1727.4920132606046,3271.4341180515053,1724.6192811514495,1340.1743191429066,2049.4147477430693,2387.0532027648565,2308.062119915605,1192.2972834787547,1327.1881531265008,450.1359355458532,4026.530312463656,8484.396291636527,3526.2911166320137,3134.3993461697746,2012.535397193553,1664.039839843119,1774.701787692555,1768.3079223527795,1619.193347032657,2006.0958036038,1986.794391815732,2191.197531422713,2014.5636219974122,2032.9025186617155,1463.618195434777,1306.0000558438194,1279.8871317997096,1812.8092785287815,1416.9318139700674,1629.6263827905054,1450.2329018785847,1514.876520496096,1235.6886629869605,1778.9006455391552,970.3630476371666,1842.3357657961294,1959.72896191702,1917.6010012462814,1984.116292156421,1818.699212178973,2201.273860985343
k__Bacteria;p__Firmicutes;c__Clostridia;o__Clostridiales;f__Veillonellaceae;g__Dialister,1167.6220502339931,2493.066517753682,916.1439021145455,1966.9548755765177,149.1992442417394,184.45876237609767,204.40793581921417,586.8704275914894,211.21711844141842,220.72389157671398,954.7669605891181,1895.7830824276853,1919.7296156596767,1340.8893508766496,1494.0506073479544,191.23610080665864,910.3517556082477,1030.0318639197874,1470.1764249856378,1043.5797658100737,231.95884660199312,405.72236030998647,250.12524962626117,964.4060287825516,923.9462550679781,108.36290090392885,121.78905401593306,133.11194998251554,123.09864522474052,146.3427250322217,84.12778260633273,70.06611917036683,14.539888529672012,188.9911713630849,83.77757623822112,109.83294168915664,94.40423780976684,104.77550479962805,181.70505130341613,84.59465470093353,157.7150670176137,126.72224453918685,90.5084963865694,101.89829564889412,247.82568210083008,155.20703998285612,218.8433518018157,256.1206518156784,235.6123262166521,230.7346309216581,210.07951719298455,67.42099431325734,255.58470630862132,167.7282749558907,510.3887069947274,131.31017779600802,249.16282910504623,137.7199893825142,162.21886801310959,153.08811061442842,160.0947007443034,199.65159823659226,114.8972639290259,5.017991132955013,65.48449943895004,77.27417404343221,82.27137043768775,81.14330848308863,99758.38353324911,5905.326934152547,121.40158988285008,80.49325285107153,594.7312158006722,63.051981795442465,111.92679333447164,105.90316002379294,155.10727676348563,142.09118100852976,98.42132152729084,103.94632476272649,238.20207968242252,140.45676975225996,92.38045099400402,84.44875647736995,89.24501066056295,81.03109738969238,72.49155005446609,257.73201996376025,205.49575831227568,83.43770847118445,68.43221917690185,527.3810963972695,459.0507844846418,97.20960586470709,277.37782010884257,201.0689391406981,457.15068790618415,179.30586359465278,167.797783190192,131.43604696955924,154.2908638392654,149.9536752943703,252.81928028619862,465.5641840044778,463.91256347343483,373.0873748170778,179.0357929427015,184.96063767386056,165.15097683762997,307.26194901078065,213.0966992848216,76.30298419142643,86.26377848365934,0.4,12.659656902075696,628.3872641045377,273.0478544437545,243.53501780365025,147.71932175527598,122.03347576740265,132.85849042454012,147.7997482752926,112.18392676154879,117.88793579557962,139.86383373193394,141.42420629930268,122.34021210972874,123.29175231612815,90.62375921106123,84.83532724395178,84.64488284097084,191.21561638144127,100.19301642782358,129.9297804611022,96.72832737546796,408.35840096753935,97.30011979019218,117.1956952337748,73.6986173065897,120.92242886933514,132.79311790023218,142.4019458938718,128.6329823889132,83.86203011506545,143.08888166311192
k__Bacteria;p__Firmicutes;c__Clostridia;o__Clostridiales;f__Lachnospiraceae;g__Anaerostipes,22.347173169767142,18.478339561713472,31.383838379469022,26.32273754645821,44.06971918680984,49.93265843106675,37.050787981061184,51.90142325275519,44.07379888169485,53.04448911414687,35.622007760680155,27.01025096004044,23.647372862198754,35.881843016361515,32.65326268034001,32.58917173945162,31.635870470381967,35.454208292696755,27.9663899547727,27.3231326271185,38.19042401329833,25.16576339971448,38.544677808687055,35.849578889799474,34.12747972477452,30.398237160152622,40.74884034028725,35.77940848799903,26.136909833255853,32.92099491427311,24.180813954461136,24.789968548138038,34.85365814101439,33.81048201237286,22.881794798481394,32.67770851354913,26.71738063087675,35.954909830864736,36.4137500747411,26.066491493248268,38.59976797996986,36.7719706026423,33.73734427852734,36.06963251538694,72.00458462835844,44.388572633427934,62.95718578022851,73.59251283273288,66.49766260542322,66.67818969635327,53.019394298795135,25.72117606998014,67.08423870804558,44.60220423942683,61.98066287955012,46.1046953570239,47.57944329121528,46.64191382648426,44.875060183500956,43.680563573100294,46.246741265913016,43.472581293013604,38.240396885638255,33.78265105211784,34.30294077211899,37.12265301358583,33.44227921652838,34.626707100965795,658.6264296869558,359.99109778880273,42.120503883647736,24.17470893148272,40.83715440578835,23.759711200549766,40.78207710724227,42.01487375025288,50.62842851940314,46.30563994103611,36.23025575372584,36.28226046135834,38.69949718315039,36.503683787506105,31.98919934292377,32.311661806977504,29.88540840375355,34.51537846371107,33.543121527755616,48.19196981000357,44.81991716070303,28.67974510058051,14.565909658567056,39.468282246138074,35.888914984547746,25.56627473300982,42.908878076578205,32.40768508209419,53.891806081028264,50.45819944969881,48.08085544681033,36.935006744491055,45.735757346851514,34.84928014965969,48.46672938900977,40.98663324576431,34.97856689778321,67.58538410525357,35.676296641990476,27.6015358269395,42.521822612554274,49.22152594625963,47.816199391518204,24.95224710789921,27.760227599603976,1.8842411026876733,94.1446179154414,176.59715997065484,73.2651130316108,65.11365577648596,41.90543052591094,34.650368858386265,36.92427447962979,36.675235046331224,33.790017273367475,42.10006999730562,41.436261336845774,45.842787360252984,42.23349208193848,42.61975562951884,30.664232100154518,27.317637265760737,26.75459483704988,37.49258948081828,29.546631272761108,33.817128578287466,30.30617628498508,30.66938491105309,25.65628815850777,37.19052490761303,20.1779763428556,38.521754917903856,40.92964007740336,39.910256316672736,41.50404701645043,38.425133662877776,46.04223532617775
k__Bacteria;p__Firmicutes;c__Clostridia;o__Clostridiales;f__Veillonellaceae;g__Veillonella,15.773184089782387,15.916552199264537,20.820556902447947,19.667341507623405,27.029948087681547,30.741577948897987,22.96680825450391,32.72507090935315,27.26144953505495,32.748604490878485,23.475718519406925,19.955636204144884,17.949242390768227,24.34431129585185,22.65745680706063,20.222215522375336,20.96357457762637,23.51183545646816,19.75583519041612,18.579018605307084,23.712347045158467,16.090452351421447,23.96175708780689,23.63220310005674,22.507778702774342,18.68522599089233,24.87184780661616,22.03479244811069,16.162778952664187,20.341968169040413,14.847810915314069,15.100568928935333,20.56786284980828,20.96275215913261,14.081385254570213,20.036535132216763,16.41630539380038,21.925558228979263,22.53663358137046,15.960055933897422,23.825384324868487,22.570500617490524,20.514715348236088,21.97144396514069,44.19451468300368,27.262466093109502,38.65753615246418,45.19037216906671,40.86498363540599,40.93456443239571,32.7137261573835,15.62827316081127,41.359604201024645,27.481943913781834,38.729986285216995,28.09237163912611,29.468725281346423,28.4562981572366,27.60107678015153,26.83028458764029,28.391677075553627,26.87359953843645,23.34526263649389,19.15360486781761,20.659682159317665,22.406005170958952,20.27947218138636,20.96743826903452,588.0686221494685,230.3574053182188,25.675457091510477,14.81697479322434,25.993347822458528,14.442213894265162,24.81745739315213,25.4971635038891,30.93064324861318,28.29134396028293,22.03982224104661,22.11181861792869,24.034225263407826,22.515603882239873,19.50087022945885,19.631012025139746,18.240373297977573,20.90113779951966,20.26545065251118,29.85795972453341,27.70585497329405,17.487929774276775,9.007086871787212,25.034838104535087,22.72672757683679,15.760506074243825,26.67285027299645,20.12964300971247,33.70007736320093,31.01195776095077,29.527850447636155,22.701700299515025,28.04771873622077,21.524336614803087,30.01645238060577,25.84692240131949,22.180605870427193,41.89480736320238,22.082079133117976,17.169578469362666,26.230442272607323,30.576804120631017,29.546748241455713,15.242740898700148,16.968455534685226,1.5169245812518553,50.67103870244319,108.54600476769129,45.12476268763975,40.11060501387318,25.7462902561112,21.287886624820217,22.706053352427674,22.63370863330435,20.70817733910287,25.63710200277447,25.411537910260968,28.014194801836382,25.74892859561903,25.98317801825041,18.708643747406047,16.697511763751052,16.365025083357185,23.21192286598858,18.12325072960884,20.857151193981647,18.543876524647207,19.451005931597198,15.814110921612466,22.745186790945038,12.416030227317307,23.555864209895415,25.060647501728226,24.5333010289361,25.367201922859724,23.22122705425008,28.143946024150313
k__Bacteria;p__Firmicutes;c__Clostridia;o__Clostridiales;f__Ruminococcaceae;g__,3088.8902373455485,3279.1570100052086,4017.1582195390192,3905.7498363969066,5539.375417739489,6281.2408375190835,4667.416351604185,6561.717787490506,5549.630509797007,6676.570895162771,4546.757164477843,3951.7103684269396,3579.1483500564173,4721.144535978745,4418.46183716784,4106.2664161242465,4044.008683951024,4536.127048301736,3869.5543132551747,3605.1268303627107,4812.644043448249,3191.101084783947,4858.539144179159,4576.0810682456795,4356.719847101598,3822.656415886163,5116.796578153979,4501.133440963462,3290.9064293487963,4144.411373829449,3040.132330301026,3111.558554028812,4425.751678998936,4259.416239132143,2878.141134023046,4107.18549299404,3359.5083738714325,4513.966626306659,4585.66506644044,3275.2681777239036,4858.224554438959,4622.785435826373,4233.070767137691,4527.3453754572865,9051.98121547433,5581.025928000778,7915.280840266051,9252.509097782096,8361.831504078818,8382.772576377496,6672.58756952051,3226.7589831998016,8441.298396366257,5611.641339795901,7821.099211135534,5787.26219312187,5992.704480796057,5856.252849431294,5643.886661955864,5492.1203804119605,5814.143608205778,5473.247623434911,4802.004614422423,4422.26897177867,4299.6137287205975,4653.972821104641,4194.432530336006,4342.393221809046,122706.12896182408,45655.99426264137,5287.6052177479605,3038.2123979594953,5173.3047314914475,2980.9342749281427,5117.793108123064,5269.983201407244,6358.58448514742,5815.741585477856,4546.252820700355,4554.495541490357,4877.042507813542,4593.7280011083785,4015.819693218355,4053.4742877946787,3752.6521946436796,4328.453961809693,4205.614352144005,6070.27266031857,5642.851862618338,3600.5542912538212,1833.9849229938266,4996.184204742639,4541.477467455553,3216.956035982726,5408.561062213953,4084.251634362419,6801.4439883716295,6345.088644441263,6045.161611460807,4644.605817109371,5748.615476328136,4386.774297959966,6104.382068784787,5181.963795277655,4427.571151783215,8513.982700767221,4492.874983295858,3479.6186410633973,5351.188146998896,6203.400490676206,6019.60524258732,3133.770271491649,3486.868342173825,3454.608425972921,12914.848159591398,22207.335709684103,9217.108125828552,8191.887861283315,5269.1968784518685,4356.903017013299,4643.722051025054,4615.839410645722,4246.547551549581,5283.938219790722,5208.225237114975,5757.849699711079,5301.984787035141,5350.423153899032,3850.146367337893,3431.258616840358,3361.0333785311723,4721.84865968216,3713.926498509795,4255.585679600913,3807.4735288121865,3882.2418466506183,3228.202081033551,4671.906040501687,2537.985708909648,4838.988108611057,5142.836725511065,5018.868965516641,5213.090660730475,4817.825201524646,5783.235158554559
k__Bacteria;p__Firmicutes;c__Clostridia;o__Clostridiales;f__Ruminococcaceae;g__Oscillospira,180.7297962217844,184.83639904228318,249.67524385817586,220.3092828169937,454.5910272076416,506.68968174505403,364.65962657369306,470.7652896551877,438.03787423258245,531.6581266922753,282.8968681648684,223.25619524332484,201.49030394696675,287.10629783078116,262.83222916539313,319.2225504320793,251.60504458267502,282.0163207204554,226.2000191906365,218.77570261707686,373.0419725942067,212.113601332043,374.3677674169906,284.7235549042391,271.08436703431306,310.6226996783208,429.12246719289004,362.57626484223573,260.0555709086128,328.7160479489755,248.22673511427902,263.2691658999376,418.1851832271519,332.44016207899193,232.62965316582984,337.5271199140098,273.47148996201594,380.10337581416206,360.9473339892559,270.890257208133,387.26743240893273,378.1104474023472,360.9034566169721,383.0607187505029,740.5108452234049,455.2023164502578,646.300402487099,755.3030074792613,680.2187956983157,685.0626714933587,532.811428723525,276.02339018600367,676.4973239846188,450.996293097174,587.572240601576,489.0411529769065,470.06116813558594,492.08789126499715,457.30545355556677,447.748827651984,475.1298561103279,433.2200200163262,402.3807319665525,462.0222997895276,381.3719644236255,409.2357862033216,361.79239091274206,376.7999048828466,6899.911947682093,3020.706315692026,446.00316680480927,250.1270513911526,352.68538807909346,254.55869960793498,434.8842224234911,453.1391670953465,531.0911975430679,485.6263475231143,386.90173496340446,384.532222356391,377.59455471165404,367.3964099344607,338.6408036814963,346.8687895283925,314.77622884781897,375.50785770607735,368.3309879832267,475.3980100680348,446.6925064965642,303.2783746293896,144.94970388563206,347.18296223674935,318.42969645263764,257.9577257874839,416.8976675697391,315.99230143590586,509.1083173950938,515.8761149938867,493.2355357429928,377.53102721766686,472.0727487717604,348.6311741974627,478.95907383123694,371.48260786925516,308.1524951736702,665.1564068641426,353.502702900531,267.30232024186995,427.7618184809902,479.68650001891785,477.37254977415535,261.85311222683526,290.56792123471934,1316.8651288414787,1493.404353134257,1804.907419928383,742.1280733632442,659.0944604569661,429.0918222661352,354.8732817168295,376.6278315092135,368.2322778089822,349.7681063487696,447.6636729649233,427.65749078914416,480.3635168429643,446.8664229541302,451.04385163276584,323.492461605993,285.96502665026424,279.225679046814,371.091123257448,304.71131046113015,340.4568987613555,315.824513524224,269.9767457416878,259.00251064742304,388.3726923607069,205.24494870153438,402.5268930595548,425.3416548545083,407.7326652974487,434.58263566310205,421.48624073813164,481.8831031509447
k__Bacteria;p__Firmicutes;c__Clostridia;o__Clostridiales;f__;g__,1788.643537992372,1853.8219638651997,2488.07882495999,2198.513474465964,3472.223161070159,3935.29088341681,2921.571852376545,4097.996907474529,3474.7840588868653,4181.432193998876,2822.546023485896,2226.250992157009,2013.9149669448386,2849.954011433588,2598.4454248238485,2569.965109722836,2507.823163829695,2810.6848975916523,2239.3770185587828,2170.5743821908586,3011.8182135972693,1989.200331186214,3040.043841085514,2840.6415169042652,2704.2917092458724,2395.453590761017,3209.3875805679445,2819.912103073585,2060.5985587169957,2595.2900212091336,1905.3524563774374,1952.1653615576333,2744.3514700119104,2666.107719717249,1803.3001453732254,2574.5939762629064,2105.331050480585,2831.6188188044466,2870.994268970345,2053.490224965064,3042.7202852070136,2897.400770859064,2656.402430455852,2840.4183537870867,5673.49390269435,3497.706761433489,4960.774813077402,5798.819944364668,5240.077778651703,5253.8990179049,4179.2644249404775,2025.109681241743,5287.61242491026,3515.4036125991197,4890.4010472573655,3630.741336040092,3751.54985141479,3673.4050787825818,3536.430167150277,3441.943476574225,3644.0080395003633,3427.2277871322035,3011.8659551911214,2667.479545517289,2698.990561893022,2921.3187094948494,2632.623765031833,2725.5675560606155,69756.28607107063,28456.930391454527,3317.0913955908363,1904.6065073930474,3226.783600550165,1870.7334065924522,3211.2750224744063,3307.658856672388,3987.7857621334583,3647.3141532645227,2852.7790077236214,2857.2685703703705,3052.0220212952668,2877.334995833403,2519.2381123418204,2543.983245438917,2353.773799900901,2716.8154352088063,2639.8270772381325,3799.942852817191,3533.440901789589,2258.653710194775,1148.3535289655408,3117.7681493556147,2834.6498836065907,2015.1273769059671,3384.2319539073096,2555.84917861314,4252.414197544147,3976.189785158597,3788.6264525974043,2910.551414989841,3603.4492169987616,2747.215016453208,3821.492888109788,3236.2324013942134,2763.0438365880436,5329.325338122711,2812.86890004082,2177.056289525575,3351.731260275392,3881.9153119355983,3769.5466269240446,1965.3681621318487,2186.6408051495937,1976.5223712250065,7486.858691621283,13916.228941365554,5774.3465001357345,5131.956924484878,3302.1286480816466,2730.423698108179,2909.812770472807,2890.9774057929,2662.128492354744,3315.228900800473,3264.703598802827,3610.912218814413,3326.0344458954323,3356.4418409840955,2415.0446937205943,2151.77446871673,2107.5384297500627,2956.1281764320624,2327.9684219884484,2665.5588232836967,2387.370063734971,2422.679586972323,2022.203782934478,2929.5761597450532,1590.1998599473081,3034.4058908006,3224.3945484823153,3145.035272601428,3269.204223431201,3024.100181739218,3626.699158580412
k__Bacteria;p__Firmicutes;c__Erysipelotrichi;o__Erysipelotrichales;f__Erysipelotrichaceae;g__[Eubacterium],6.492833612880462,0.1,33.775635367129865,0.1,88.30919236174542,97.91555125304802,69.76299644970382,87.48493251393258,84.07484431110043,102.32819876644777,41.23636164928754,0.1,0.1,28.61768676721633,16.712831975767948,60.97230991706047,34.49492748931178,38.32428566898359,7.820337256383341,21.02411161065882,71.18428241841298,38.29084591462822,71.29889869152511,41.379193462293,39.19154955796763,60.16111883451504,83.9010646021151,70.03544933164892,49.932123286007716,63.18917872042422,48.146748021661494,51.606574481624705,84.83790542285988,63.57799982087121,44.981960083341896,65.59575617680771,52.994299866231614,74.4050732384315,69.21734256055247,52.7465689106356,74.5617759970227,73.37821080713671,70.9008690965955,75.08846496636873,143.7149393956839,88.26356346758044,125.35927767974484,146.4910100834948,131.7885273568225,132.91253722444463,102.63892747317769,54.27749855154601,130.46571456928191,87.05303100070537,110.96394653333077,95.82768538611515,90.04167389294744,96.26639957302861,88.49317243882881,86.80642389236164,92.18135760593545,83.22387484508774,78.65300605909383,96.72291403854756,75.77543783553105,81.11325403975897,71.31496252042332,74.40159020036724,0.1,544.2824426559854,87.34800600209103,48.63642407115717,64.30422893609972,50.03214517241954,85.35299426686764,89.23919014066942,103.71315384522774,94.82745906943177,75.96870018355008,75.33001105006674,72.02578319886186,70.80908231046907,66.31644134526728,68.21571317804029,61.547687817499934,74.14177725436234,72.9226805800322,91.0181600390646,85.81492129285203,59.3717409109075,27.83259338137249,63.764342106604175,58.68016807417296,49.757150791542884,79.40805963773411,60.2614265929677,96.02687167092951,99.93125469450321,95.64863027305937,73.12684661110559,91.7233804580876,67.05940043398464,91.75455325215202,69.01503028692082,56.62927909471394,127.24910915444504,67.7811120879021,50.85730838545218,82.43053757748403,91.462568161175,91.76088922684464,51.14180711588001,56.704604428994166,222.5415381039128,319.67229682111883,349.5950645192696,143.33019192272826,127.26452899719976,83.16085861036615,68.78113066836565,72.90274313749569,70.91414042077929,68.02079625644072,87.7854485719523,83.09126155711785,93.77511771102185,87.4971489259601,88.32050788575674,63.28280318191253,55.80814340231,54.441776688963316,71.12743371073972,59.189140312717456,65.62324618846411,61.54924164004101,49.59840546428776,49.967248994321395,75.73668806440584,39.69324297814195,78.51221123162095,82.82002574973332,78.96382988905656,84.81873141875757,83.42029467945827,94.0373017732664
k__Bacteria;p__Firmicutes;c__Clostridia;o__Clostridiales;f__Ruminococcaceae;g__Faecalibacterium,882.9878657263951,1008.8491416908363,1159.601306237993,1145.3004389551281,1509.2631782687693,1716.2912976867544,1281.936768106063,1825.5863469789176,1521.7595713189405,1828.172322073812,1307.7522126371375,1153.4108096632374,1056.0689549481083,1354.9201916241745,1260.1810575101347,1128.7029313548394,1167.6086518123684,1309.5078607116345,1106.5838474347142,1033.9736255156338,1323.4778135555005,897.2079309240098,1337.3437321653316,1316.4580611865645,1253.8019060131521,1043.2451668584977,1388.9895986545325,1230.1818332562332,902.228805129131,1135.5467790057587,829.0215942051117,843.3616579838382,1149.9611871604136,1170.0681021905527,786.1699920299246,1118.785656077691,916.577306592504,1224.4896831590872,1257.9912905749575,891.2088991708076,1330.0485602790868,1260.2311897490754,1145.8080625983596,1227.0977438662856,2467.6180645265226,1522.1768518447925,2158.4285384253963,2523.1823339268813,2281.617710052147,2285.580110302071,1826.2614116966995,872.908483128404,2308.9825526205273,1534.265732489034,2161.213549842184,1568.9340442689404,1644.8993704051138,1589.1898751964984,1541.008242797956,1498.0413711704166,1585.2479577514496,1500.139154142396,1303.727671210746,1072.4154263671423,1154.2816176729984,1251.7588748967112,1132.7747304789025,1171.2607562323433,38009.40013553899,12844.454247831101,1433.9312516100906,827.3506640902435,1449.6068306768561,806.650939528757,1386.092989201632,1424.1890023091214,1727.294264572071,1579.901851278718,1230.9723396021395,1234.9171037810306,1341.4323342115188,1256.9600879725774,1089.0887179804954,1096.4823807846137,1018.6506844069444,1167.5550351794268,1132.1342450984625,1666.6075125843465,1546.5985275463547,976.6610400222697,502.7887002537205,1396.3100462098057,1267.6443718098233,879.865349269317,1488.6577872193616,1123.498805444835,1880.4888882399296,1731.4859524957765,1648.6670544492329,1267.4983735461171,1566.0998054144625,1201.5669651427215,1675.4760481674732,1441.8779009093905,1237.1277668359105,2338.43884652182,1232.6146757560055,958.241531691946,1464.3400332914478,1706.581397638747,1649.3820468764663,851.2200283543092,947.571760693004,608.2969584072666,2842.579706932359,6060.417378159839,2519.2651158834187,2239.318305722926,1437.5057382513494,1188.5792240485005,1267.7209049495916,1263.5304804441225,1156.3078165601025,1431.838103908622,1418.902481550269,1564.4141050049743,1438.0258287022782,1451.110544003028,1044.815040738472,932.442183613212,913.8530962413696,1295.6717091391347,1011.9407476697096,1164.3775827269444,1035.5120263366996,1084.8784446790232,882.8614791242529,1270.139082889578,693.1951634782837,1315.4155738259974,1399.385301549585,1369.756255588982,1416.588182911825,1297.2474809779922,1571.6450549196509
k__Bacteria;p__Bacteroidetes;c__Bacteroidia;o__Bacteroidales;f__Bacteroidaceae;g__Bacteroides,3932.565463941642,2531.073167306542,6296.783540644815,4029.7539840999157,10125.285985492152,11405.092095634209,8371.977590201097,11406.17884066317,9993.052076711714,12062.83080483917,7238.1365855192225,4234.9268441981685,3540.073520557064,6885.396062741263,5972.9993501011995,7351.594153486306,6361.4148987514345,7118.729258075771,4911.834817329437,5218.965160835681,8606.746236140816,5400.991813578412,8669.453336456072,7280.5916103489735,6924.57985719961,6960.560791508627,9432.808229213697,8168.392610270649,5928.448751211902,7476.547507040576,5546.020329485858,5756.264052178773,8478.569357901119,7637.168633235741,5229.929781795879,7511.495316871186,6121.42432949569,8334.836935047442,8248.556178717852,6005.043449730337,8781.065976947657,8438.935514966775,7854.827347222382,8375.430507707479,16525.54928563424,10177.056291638546,14439.759884691492,16877.644322324108,15232.321135017526,15297.725403015049,12068.397246683086,5995.480851388223,15288.6722139186,10174.703817091886,13824.957115380614,10700.836510240031,10765.2861358651,10804.245661284442,10265.436953309038,10013.181723148193,10610.080819246486,9866.023752932679,8849.524996669632,8672.931555784373,8102.211384186997,8740.249111846282,7818.592239761204,8113.109135340636,90123.18524142317,77151.4663374016,9769.876615419496,5560.3724216796045,8832.406479222496,5534.938772439629,9483.929518899096,9811.61517937068,11703.170059154743,10702.968563964505,8429.861703634611,8418.490778888245,8718.102500970459,8313.526275821561,7419.235538875357,7532.657750315604,6918.5161763537435,8086.377861885999,7885.8840542049375,10898.141343894962,10172.166694634383,6649.041960731812,3304.0629199986092,8587.055227028875,7830.226308161598,5827.742592847389,9652.18950489958,7298.997666617251,12006.414301161985,11556.053908498754,11024.950016069462,8458.248828167345,10510.444400581064,7919.778122935775,10967.101714556064,9005.218230379345,7613.952702608508,15271.323220210495,8080.424971871264,6201.871467200359,9682.481487515272,11083.87867239566,10858.75582706194,5768.7523112238405,6411.894601528804,6520.463617026223,25742.981392303198,40439.939597212855,16723.798811190918,14859.384776384944,9602.557337072632,7940.633079067186,8449.423560682395,8345.448351846899,7773.211718888413,9780.198262410655,9522.08906153087,10592.706269053233,9793.410905088696,9883.706194174205,7102.932142945656,6309.906208521906,6173.0695053256795,8488.52396368346,6787.9552717532015,7702.477184231327,6988.772555858888,6674.243702024856,5849.356769826868,8582.805507080195,4612.7708193318595,8892.051747833208,9429.042320467976,9137.90754898439,9587.624146870332,9029.992857496623,10634.21520130232
k__Bacteria;p__Firmicutes;c__Clostridia;o__Clostridiales;f__Clostridiaceae;g__,42.912622288127054,45.14049760497426,61.218236674942425,53.234848206981624,87.54334915030991,99.1071531001837,73.42726520537153,102.46256640638859,87.38751977144571,105.21828188124368,69.59737506925802,53.89820403343438,48.737036430598316,69.60581897920832,62.982306691769715,64.57016649241542,61.727170879359825,69.16451418653106,53.691249526368004,52.97344462297285,75.65779978438371,49.522128740576235,76.33851468371094,70.03733745802211,66.66524264779076,60.356231223941705,81.03331288683681,71.01067363558812,51.825915743549004,65.28929262409609,48.02265482281086,49.31924743126864,69.81535114848558,67.00238684886578,45.4204809181039,64.9178397629167,53.05238430023436,71.51455824378135,72.19004746776756,51.80023587065307,76.56976373649732,73.03468458647677,67.14572367147079,71.75997554651545,143.0131451780846,88.15029126117132,125.0319897381966,146.15183888626925,132.03934552874898,132.42741207807848,105.18238151594765,51.20016957699995,133.10803081630615,88.5113476972319,122.61152056784277,91.71872705038209,94.31051076607231,92.76125288464098,89.0878895931557,86.74236613026085,91.84900268408516,86.20688702073646,76.04179606127626,68.22999527539065,68.41382842576051,74.00303932941483,66.59843231780492,68.97882629238441,1691.3443440599192,708.2702148192267,83.78507069409464,48.02992143588045,80.44467507792885,47.29160401808211,81.15286675018936,83.65649459454383,100.659431536115,92.06368975723987,72.10062517112151,72.1752251195324,76.66215891569504,72.42324063540573,63.631293205355824,64.32027719544855,59.430796437185535,68.75625570791274,66.85306789043794,95.51758279944248,88.87912994267741,57.04505235523348,28.88242923342461,77.81057644081505,70.78095161147995,50.72978722689052,84.98330747401566,64.19623154090206,106.59236021719288,100.18832195878201,95.48438468785422,73.33621488394277,90.85581542700469,69.12002149602353,96.07056557333807,80.91206488165189,68.96380956381293,133.9404478745064,70.72671967629361,54.65770080813857,84.36119191104744,97.50022288702385,94.8289200534642,49.61108544742992,55.18659332755021,59.61704371210081,192.50909065295326,350.6402956409346,145.4046824117377,129.22240573352528,83.21269237066767,68.80681976947585,73.30706702896728,72.75479903253817,67.13499102666358,83.76296454514593,82.31433850520516,91.13942075735535,84.0065330988402,84.77574225510014,60.98465096729488,54.30702915484853,53.17935920936846,74.32340633569801,58.692920349423744,67.09410495608634,60.234120849127684,60.465714744615404,50.90974512877678,73.92485608989578,40.054413561332396,76.57348051125487,81.33669555208131,79.241641494228,82.51049479572181,76.57867751753284,91.53030663302513
k__Bacteria;p__Firmicutes;c__Clostridia;o__Clostridiales;f__Lachnospiraceae;g__Lachnospira,755.238114043111,1090.0486948313708,840.0968602265698,1069.8998983650738,814.0280070859003,941.484104818748,724.4607551135539,1106.4305696000556,852.0497130479004,1015.2693157254969,927.6115946358487,1060.4960788116389,1007.6935932330164,1049.9332027711494,1038.911417386224,640.7093543527711,842.8358603347452,947.5510801020102,947.8725445037848,806.3632232363326,753.224730186026,573.4084293226629,765.0924224303767,934.6163797489123,891.5085363099802,568.2271385432268,732.5941883962068,675.7527683909055,504.62978190389566,632.9575458760362,449.40776270240457,440.6318928229519,509.66321441797476,661.8521643907272,430.43751851292,602.5781625164083,498.3666775677696,643.0568597691276,706.1566302588483,476.8937370228248,737.9132820611233,681.9778468748543,593.6925098137533,641.1196703219828,1335.1356322500274,826.0406038980342,1170.0393313682946,1368.0973459673787,1241.3877897633995,1237.9044965079336,1011.576758054747,450.63311507344895,1274.5674915537288,844.6429481947985,1263.255355295837,820.8421712439607,926.266485137442,836.4699273904356,841.6923360809413,813.3061170753142,858.625651763769,837.7800774578766,688.2410484290211,364.3816190276608,570.6775069453272,625.5562682808803,579.2500240849272,594.7488759229548,42174.0285271076,8233.439993758238,751.6846194570849,444.8057705216928,911.0880651710492,417.2184471211628,720.8173435843671,730.924979111609,914.9508109045469,837.1017402795426,639.0923790082425,646.6976784441342,764.2255158866333,695.1927349388671,571.0742709678337,565.8224638025519,537.1611731661274,593.0209791096846,568.5402260239289,939.82504509685,863.6404882812091,512.7440800740561,281.1747679027275,866.0976918899188,781.3030957428325,485.4268660160473,851.3941886312425,640.4626020328476,1102.4677891435592,942.5818213182217,894.3648461068972,690.1597226397017,844.1249797214813,668.5199466701184,943.2382413442149,874.3934939782692,766.5152677072612,1321.5766207889485,692.1635162309807,549.6588395688284,810.2736257132582,973.3202054373533,919.5059237239038,450.694936228062,503.13443180368034,0.4,924.5547307815884,3300.2682114904687,1384.453095253562,1231.4816397746001,781.3082059876125,645.8810393544343,691.7735743158548,700.496569536518,621.3697122701047,747.0283282164291,764.855572448596,829.6689438613986,754.462779530271,761.1562487773883,549.9866204703225,495.0448290790972,486.77441675785326,728.3359345387494,545.9271116941002,643.8007898608469,552.4608685471061,672.5713464962478,486.8236715304768,676.1159787837198,379.33748512619377,699.740213757594,748.8434084641965,746.2344772965762,751.8716036295798,652.3244301941943,834.5826825390512
k__Bacteria;p__Firmicutes;c__Bacilli;o__Lactobacillales;f__Streptococcaceae;g__Streptococcus,25.42985993076965,24.942755240993947,33.97026460730617,31.378690284382078,44.81207833198317,50.92518770736857,37.99165981575337,53.94322304662798,45.116097059858,54.218290953236256,38.35276589414317,31.903115339793207,28.557196655063485,39.54569426849003,36.6469034130145,33.444303814325906,34.211398068966645,38.364204866124474,31.845787953900885,30.16731615935179,39.211447651663924,26.44759531891821,39.61374280698729,38.60630719070218,36.765914351001726,30.963483285710026,41.27647718927604,36.499532652292,26.74982094356191,33.67202195427462,24.60991405903912,25.071060701287717,34.380799787939225,34.67499362815312,23.32871814659204,33.22007728688634,27.205844654381078,36.393993658291976,37.292231127692645,26.469311761964022,39.44693683606085,37.41312421218876,34.072669372061725,36.478594226099965,73.25791055120149,45.18468929774362,64.07408243392713,74.90127759237556,67.72122669698985,67.85091665135562,54.167256126169825,25.9610609572681,68.49426340736136,45.51774050060199,63.96029048770383,46.6381379560404,48.75557342214857,47.22948639182343,45.73204689068361,44.46746753350917,47.060425502612716,44.47974588369684,38.741435467940676,32.300000895215845,34.38335785096016,37.27265444823362,33.70157297501317,34.85554154727936,917.2013118978433,378.57202064286116,42.62188709088817,24.56823018700009,42.763932271801295,23.98881053674269,41.21235597784894,42.365843728970994,51.321437946831296,46.94162660494977,36.60245643174877,36.70784679254286,39.74172048896972,37.28391021351121,32.371512627651235,32.61083496795661,30.271375092343717,34.74493349619995,33.704760090439045,49.396154006179245,45.85746904815266,29.02843687985452,14.907071705777456,41.21627950780046,37.42900866523401,26.101118150770468,44.09641584226907,33.284301581562644,55.64528281960975,51.39154317061983,48.940138859430114,37.61976550858982,46.500830854210065,35.6323494642608,49.6624081020128,42.60413156215776,36.51934831660632,69.302187404668,36.539420703929146,28.38116907494588,43.4343842540156,50.55746406473745,48.90833329076247,25.29190813020121,28.15171158230331,2.1900010785085757,86.46969976504057,179.87444179135,74.74540414171031,66.43764594055702,42.668684820045364,35.28021895842241,37.623172475184155,37.47522344976518,34.33725956676804,42.567295465993226,42.130080254787295,46.47980211336152,42.74224009876536,43.13152256126143,31.050986399221287,27.702342584868173,27.146645968813452,38.40703743547507,30.04561506638066,34.538131309040736,30.758717073849567,32.02419736519952,26.190546864085242,37.731309584078495,20.570211931067178,39.077335214566865,41.56234040274938,40.65396706601017,42.086507568801544,38.61848778954468,46.69232718166282
k__Bacteria;p__Firmicutes;c__Clostridia;o__Clostridiales;f__Lachnospiraceae;g__,3491.822054747265,5252.62662224174,3833.9153539462322,4999.504346939149,3610.7828458478784,4184.0493481948715,3230.0366195665033,4968.784255452924,3795.101106734153,4518.069694841075,4225.914743905394,4945.422580244022,4724.039034057445,4817.0133062452305,4788.193573752094,2857.987771226127,3845.2735924182643,4323.871495813021,4383.104217393252,3701.321953538521,3360.8092483589216,2588.284855754769,3415.6487244600594,4258.1422961361495,4062.2646009245586,2523.2626898619365,3241.27210571163,3003.5694750187313,2247.404008730344,2817.8725612257945,1994.574727602338,1947.379519101524,2205.3387001832075,2951.1861434277544,1912.5026789237563,2672.43241272027,2212.610748514396,2843.7040954176787,3146.14629493283,2113.4619502189407,3283.4497617894062,3026.18311461089,2621.269749372972,2833.4367505388936,5924.369755268122,3666.5948434056427,5192.88688604244,6072.0767673478185,5511.823900428764,5493.558430096085,4500.357581212465,1988.7697668261067,5668.223701057528,3755.1598024750533,5652.294077559651,3628.303697685021,4128.210841823438,3699.97874787557,3738.772993606739,3610.25026875751,3810.414846295573,3730.498973297363,3045.352865999564,1933.0352135600078,2505.367836335138,2749.9472662446533,2553.494963552393,2619.6096854948096,204455.08120288712,37174.9459821547,3323.372930135242,1972.3083860042548,4106.031525708757,1841.7150175798388,3183.9182749583665,3223.5246857712423,4050.0962504221657,3705.606386907476,2822.3825268226506,2858.860482230866,3410.2649184627057,3092.3017281838397,2524.9351241866652,2497.0126254376114,2376.549038477352,2612.08086926614,2500.7992107792656,4189.279067057922,3845.609757770529,2267.355890772102,1252.211049521086,3898.3327761926894,3514.4983247000227,2158.6495107319133,3800.805946397109,2858.175322009677,4934.392820229311,4185.364116587148,3969.7112506548383,3064.609941016973,3744.004443822331,2975.5936701259197,4203.7328557968,3926.97694791069,3449.7410118374846,5892.3273481299975,3083.9237586135523,2454.5601443710298,3604.383188822364,4343.830408619381,4093.6266619910134,1994.9330196783048,2227.7750582091157,620.6198687779441,5221.765038249427,14654.79686241983,6153.874709265932,5474.3474600313975,3468.6438234406787,2867.3450647593513,3072.516588300597,3116.7093539911452,2755.0618267700897,3300.95258348736,3392.450417084748,3673.097761122845,3335.9813239025,3365.4893339262358,2432.794636722541,2191.9273766303304,2156.12154859073,3245.4565598833324,2421.634315941661,2863.6128340223986,2447.521476826293,3027.111029311295,2164.7355613116215,2994.569963590421,1685.3607691277523,3098.961399153182,3318.6782333229326,3313.802121389539,3328.980355042806,2869.801354839787,3695.4012673612224
k__Bacteria;p__Firmicutes;c__Clostridia;o__Clostridiales;f__[Mogibacteriaceae];g__,25.789293363550662,28.650038798109193,32.7476962708048,33.214268841658416,40.23144394640132,45.8852193912593,34.454511942696826,49.705702734398024,40.832245860513616,48.98258611892053,36.7619712907001,33.49411492389275,30.57068967272095,38.848360680588534,36.66591399215007,30.360409777666305,32.94762371277598,36.971299608267714,32.316976596654904,29.690083912797714,35.616258481003776,24.68214303322636,36.023432541771406,37.013798817148924,35.26391023707965,27.85658359940443,36.88364541124161,32.89697183156968,24.204233020458865,30.444917548134423,22.11812336886617,22.359090424698483,29.70752999586746,31.45306167783323,21.011301072674,29.815516791440693,24.46688907341975,32.49171654936321,33.77009634482666,23.72399376141705,35.63005517054525,33.61255529344999,30.33507353461597,32.53262280607006,65.81375082908204,40.61886977437659,57.58614831303067,67.3205028385951,60.91190326755004,60.96942946660682,48.90886898894922,23.095912085894376,61.798982395968935,41.04450834437182,58.44522956363332,41.60495069291796,44.181458235659676,42.18514041701371,41.167868857430314,39.97792860221728,42.287855246855095,40.23360167920956,34.62485057195406,26.755109184285796,30.32488639924873,32.94299018928889,29.92421652907599,30.90511148308304,1073.437049846408,353.5599942136879,38.037562628283574,22.041913101575798,39.747162200048066,21.34959544881182,36.71902127950163,37.64518463396122,45.90067472949809,41.98583155799846,32.600673477659114,32.752701738976555,36.106130094307545,33.653544124001066,28.89137714749808,29.00939708501005,27.048653789297905,30.808647875892127,29.818450474384303,44.77595090849441,41.47890487962565,25.914218264241107,13.488028856187734,38.18745199374818,34.62592496315749,23.546995051806327,40.097045941119966,30.243595021173075,50.88188787990457,46.22951567224805,43.99150236891966,33.84274644643385,41.741724697179066,32.2043818851908,45.000629121314724,39.26279602956233,33.8267671242685,62.85050431837863,33.09102884743679,25.824135842974037,39.209173104161366,45.943643135524034,44.2224064813293,22.618409927338515,25.190832184585968,1.06324569176302,67.50569745322332,161.81861912824857,67.37412870139634,59.89481796483275,38.36985144840843,31.72438875902874,33.86146177629623,33.84374855452698,30.803344675527125,37.95158167686318,37.81902690620132,41.58086277412062,38.15158458049569,38.497261804230725,27.735091427594853,24.788137112754,24.30764433817378,34.79040311907943,26.97577595540025,31.173163126341468,27.551218829101693,29.667141836316357,23.62498537342935,33.78077030944941,18.524770988146592,34.98086571381494,37.25182807461511,36.57645382643563,37.65690739938188,34.17466497958901,41.782288177383705
k__Bacteria;p__Firmicutes;c__Clostridia;o__Clostridiales;f__Lachnospiraceae;g__Coprococcus,603.2888132685499,502.88103781781433,856.7001186177561,708.3573729562712,1220.4573307160479,1381.9091951831494,1024.1621312545158,1430.2903769859354,1218.7578906946574,1467.308772453442,973.6302227601567,727.2280837275326,636.9625697725721,975.2128652050487,883.4792922867093,900.6670560655765,863.7713726403398,967.8828155797104,754.912185848896,742.2724867138028,1055.354556269872,691.7500053250675,1064.9108891320136,979.7987339886233,932.6469285743216,841.5207974865349,1129.449305758488,990.1575823248323,722.7865713275473,910.519492318022,669.5266755780227,687.3530543621207,971.6362089933374,934.5574143652395,633.3119382850389,905.0183362936078,739.6732645275778,996.7343604397023,1006.8323733383293,722.0990448039032,1067.783298112199,1018.2237387144403,935.7229214086484,1000.1052046535956,1993.8353055692387,1228.9951411603156,1743.1820325009005,2037.637644912264,1840.947000172816,1846.272119161568,1466.7680290285134,713.48558112102,1856.1242615822366,1234.2113847785545,1710.824631946687,1278.2834045356547,1315.3904876930035,1292.8885501248724,1242.1494533884695,1209.3712882554805,1280.5378692848815,1202.259036867092,1059.8863822895253,947.9701293942876,952.9846829296793,1030.9396994347487,927.9809467154207,961.0869238331936,17967.844645088942,9893.864085936873,1167.7341906810545,669.5720221010357,1123.4476113687494,659.0306817255927,1130.9615751348406,1165.7072386313225,1403.0588443406052,1283.24900085699,1004.7920079161752,1005.9148458567557,1069.3764178392557,1009.9259875464213,886.8481913082037,896.3137286678551,828.3499844679068,957.9881226349016,931.3741489587177,1332.2464687623662,1239.5253805381444,795.063143207619,402.8061677959062,1086.4795457507032,988.2454684677285,707.3972706294278,1185.5003901927582,895.4926737392697,1487.3568867800068,1396.8746403558193,1331.2425659833184,1022.4918752112144,1266.6285703121025,963.9236679029872,1339.9349826666846,1129.4717568470799,962.9376430090903,1868.1997211357889,986.4272327124902,762.4890535653975,1176.4039136626782,1360.0672730784374,1322.4789398198025,691.5096924188606,769.2459681655993,131.03798674346018,2663.193241014219,4888.815572293948,2027.5006631795595,1801.8707265853795,1160.173344113638,959.3208697964106,1022.1081076991308,1014.5749154494156,935.906166919046,1167.372668668669,1147.552175120406,1270.3775231545167,1170.830252074084,1181.5484316830662,849.9930939097278,756.9848758895868,741.2903770796678,1036.6019742607052,818.2503941184626,935.6095302357877,839.6431038128472,844.2853563120901,709.9027815617807,1030.4643374527589,558.4882234455089,1067.3772456068696,1133.839736655531,1104.8344069770842,1150.1093707806124,1066.8809024107877,1275.8422602119115
k__Bacteria;p__Firmicutes;c__Erysipelotrichi;o__Erysipelotrichales;f__Erysipelotrichaceae;g__Holdemania,7.24096740853725,9.169317268858391,8.66172131656004,9.761453941669206,9.663850313584936,11.080456646232632,8.398646372623197,12.390980182397554,9.924094346599693,11.874277711875452,9.654173715468104,9.761148832104313,9.087379456290591,10.514372365598401,10.138653921486627,7.411125386285278,8.703890560171564,9.77484066887276,9.08036776317824,8.053354347798479,8.701269874492894,6.260470912475959,8.815341144164217,9.723222180739057,9.268370951158897,6.711890404734384,8.798303875243253,7.9474553732596425,5.880749910989696,7.3890175879841795,5.32133156017054,5.318027717030417,6.7261617779050304,7.66926002028589,5.070815549725103,7.158750135427248,5.891951148133033,7.740319518307322,8.214274078455354,5.684632432692367,8.634707273085692,8.082349935370765,7.196608938311076,7.737753387174166,15.824502858784564,9.775618288562539,13.854355943339634,16.197525675255402,14.671404127149572,14.664393413539267,11.846705597555847,5.473022381911752,14.952750560939016,9.922634890302824,14.400597248003235,9.8997577350198,10.757505581943953,10.056550782316435,9.927855175666489,9.622709245424453,10.171210023065656,9.770629049730516,8.261779671701422,5.633568217527221,7.091933162909954,7.72935672786209,7.070446843197162,7.2865755327312876,349.5229629091674,89.7662857270042,9.056400185589856,5.28931061239231,10.02646103134528,5.062149768993168,8.720905811342279,8.904687759993859,10.963846048113492,10.02958191831167,7.738842050973041,7.795660032956456,8.823820619418921,8.14770733647432,6.879373353176782,6.8734812248774535,6.451852072745988,7.264407923223438,7.006631703986102,10.907163124866834,10.072732238164242,6.172794712546581,3.2769455258632325,9.59160779869006,8.679041796615293,5.696412855826807,9.811229319502528,7.392553323908339,12.549082143677927,11.136855710634482,10.586121158293016,8.153439020465155,10.02456105787418,7.811482121362183,10.956054828296548,9.789574634550283,8.49327320282623,15.320667562743127,8.05002326093042,6.3247765171930554,9.494173493999467,11.231880664729974,10.73332751132179,5.401903409255799,6.021563957444361,0.2,12.635148305217873,38.9868058337304,16.27884981536003,14.474930594535394,9.238856044422214,7.638246672214928,8.163470571747618,8.1999183129677,7.390673215230468,9.022674959679335,9.082756597548958,9.93571745984431,9.085900366723617,9.167585916123404,6.6119714232103535,5.925095676654746,5.8161847111258105,8.466237217824778,6.480244079876868,7.54650387594585,6.5955683293950615,7.450272618307508,5.7143344004603565,8.081228691976154,4.470001018623082,8.366549939969412,8.926183041479725,8.813508025856102,9.000322728908019,8.033490713284419,9.987857795593932
k__Bacteria;p__Firmicutes;c__Erysipelotrichi;o__Erysipelotrichales;f__Erysipelotrichaceae;g__,195.94204594359385,213.11714968767467,252.41246768473403,249.41087744813797,316.7001536556106,360.81086690024034,270.3968893156398,388.2309402822224,320.6462212867288,384.85656848902397,283.82210751754565,252.0701420865039,228.8647660645515,297.8197790248851,279.6359875597854,238.19594678613288,254.0258521265464,284.99428141441376,245.4935449017044,227.49097608155844,279.3828617017697,192.05542613268818,282.47819882102436,285.74665001486596,272.2048627853962,219.1468524185801,290.7612523209663,258.6567597264044,190.0836500965136,239.14776815355484,174.05601326082189,176.36637754836804,236.6255696613356,246.8264978435093,165.23942569478902,234.7275713775497,192.50193355157782,256.2085563036047,265.14416241647945,186.8489963153674,279.96368304148564,264.5397946453229,239.4050385887564,256.6143120694654,517.9773974283802,319.623542042559,453.1683375991488,529.7635294692901,479.2256729368572,479.8192745923165,384.3429350300877,182.31524100690342,485.74740200966903,322.6715650283025,457.634106441027,328.1476935980418,346.81571152881463,332.59714771629746,323.80762361415367,314.57099155396776,332.7976011735306,315.9990494981912,272.93921529823945,215.97521591282376,240.01569027970683,260.56758770917486,236.35643878173062,244.209700937882,7973.280877131659,2750.508155134146,299.9737906038227,173.54877134200555,309.6513265209843,168.51017027163684,289.7211512157222,297.27331798521413,361.7456532399577,330.88691531172105,257.2531118075422,258.3126888854464,283.2061282222786,264.4873189254875,227.84063364026352,229.001078015354,213.2326677981533,243.4435617450856,235.7834175549717,351.4491959378594,325.78192775147363,204.3467638188453,105.92689476436013,297.7801835639786,270.12963124711206,185.0887428834457,314.4280517957846,237.2122706723909,398.3306622601615,363.6989039130172,346.1702234344882,266.2451046545722,328.60299476975706,252.99934311291244,353.2521654011323,306.65299610489717,263.7968363948902,493.2455241396961,259.80623948161855,202.46434367546712,308.14010420298155,360.34231629557513,347.3679157578241,178.2618582301836,198.50003843514872,18.77298442840735,566.9048842633043,1273.038791897394,529.7231447954068,470.8959489475515,301.8959438943885,249.6123936042348,266.3550195083325,265.94052083977874,242.5399275238321,299.38529101570947,297.72063168358017,327.6759636493852,300.85709805395373,303.5873657203736,218.66849165547364,195.32827237359834,191.5018847965314,273.1294858027809,212.34880774496082,244.99836177631678,217.03342842945068,231.34865835737702,185.70816816695282,266.1446119884576,145.6894532367831,275.61164131132256,293.39304578646613,287.74165070562884,296.73834366855795,270.2073373048088,329.2361886524162
k__Bacteria;p__Firmicutes;c__Clostridia;o__Clostridiales;f__Clostridiaceae;g__Clostridium,47.2429942146595,67.65467613057453,52.803235973820534,66.72024681713178,51.692215066710965,59.745845947035676,45.920738477149456,69.95141854401557,54.02732742970442,64.39724785843032,58.34127933733708,66.16929790523585,62.796773448175145,65.86321810763432,65.06167867359042,40.605176632960564,52.981173815977144,59.55930510479736,59.289886319159784,50.57480219108066,47.73117565822936,36.18547982500132,48.47366407199347,58.7802391128498,56.066435959552145,36.06935572163812,46.56303083020668,42.88042999386613,31.999210553881174,40.141943698371406,28.53242618156416,28.01701433445923,32.64493756536101,41.95074372916347,27.317277828558282,38.26691723151603,31.637002710365863,40.879315665314046,44.77206125745697,30.2931901321525,46.806690584961366,43.30104910957277,37.76215992356137,40.76478102374236,84.77278053039359,52.44223515914817,74.28464770990088,86.85831735198843,78.80295917783944,78.59601779629438,64.1695147301036,28.667161239046198,80.86321324654692,53.59287550169545,79.97143554664973,52.18926592945468,58.72044006070202,53.169729631063134,53.42221215803494,51.63285481853489,54.51507650583543,53.12779592519245,43.74238605415562,23.681675336422554,36.37062514412384,39.84968031377954,36.86383632421549,37.86137743185271,2615.387972308973,519.5265424859796,47.78836533051406,28.249577015813056,57.527946742699655,26.539382974879533,45.84108534527886,46.50941380180765,58.143276010828025,53.19554392426397,40.646485688590175,41.11554378644728,48.42640511258313,44.10222938577464,36.305640121728736,35.99557353301019,34.14175646543546,37.750966161181395,36.21003010689666,59.57674034978668,54.7679428625879,32.595716288390356,17.829749935371733,54.71217607722922,49.366620640510426,30.79790189292595,53.942084711055145,40.58301475387234,69.78492329514256,59.83355296682964,56.78068853864222,43.80980314262232,53.604841390508774,42.40033528842593,59.796958996058216,55.28026522204553,48.42332854347008,83.76944856352583,43.884250168871716,34.821054636515235,51.401878593000966,61.673473823843096,58.31440945369536,28.641263687130518,31.97006781146167,0.1,38.46158349687251,209.49283135773285,87.85009858181509,78.14116482189063,49.59927680822646,41.002373628283365,43.908497098067905,44.434568574627974,39.46388148766825,47.5016282559054,48.57078436598512,52.721213539390185,47.96333851203354,48.38930833021711,34.95945746828909,31.456184704143077,30.926546330641308,46.17577874786676,34.666999698893264,40.842445622422474,35.09757657238057,42.48771941748638,30.887157343878798,42.95722882739854,24.074754021355854,44.45942777764719,47.567895341395996,47.368312029949244,47.77604225709742,41.54384105175736,53.03067380741071
k__Bacteria;p__Proteobacteria;c__Gammaproteobacteria;o__Pasteurellales;f__Pasteurellaceae;g__Haemophilus,0.1,0.1,0.1,0.1,6.815449424469668,7.051617317862562,4.327176352204627,2.8560408377130586,5.488039319707768,6.962211135970253,0.1,0.1,0.1,0.1,0.1,3.68405127998346,0.1,0.1,0.1,0.1,4.233472460417596,0.1,4.101924839357218,0.1,0.1,4.4655944125445375,7.0050699652860695,5.0133370042938035,3.2775743349431985,4.221174830079727,3.6431791114908236,4.438315567671607,10.084488390393632,3.922501907814997,3.2664399694978745,5.0894891270555735,3.96179049815347,6.298219741326482,4.457444195668466,4.191863754760006,5.097269904189214,5.5906239149733485,6.2493526765915135,6.4579227079151975,10.956694538261432,6.6504708833362285,9.486751113317947,11.075210072353618,9.82601872880316,10.092548583825034,7.071339051694234,4.834293750701892,9.134712057243195,6.170571015259804,5.4420874737040545,8.207207823817157,5.699017497279653,8.090640821186799,6.492423728586703,6.528957613287416,6.9986612009209255,5.505804679117203,6.547796099488673,14.311039114631471,7.507933507550727,7.846193646330093,6.518429243415806,6.924859490265543,0.1,0.2396446517739419,7.435798962267443,3.7993482007928905,0.8289153094299057,4.432386722979784,7.443860648957353,8.077720627772539,8.537614166994961,7.7991363802036835,6.657550435536322,6.43304270781933,4.2562920489808445,4.913203870838966,5.64048643368691,6.082616326690817,5.142004560140872,6.896145708883865,6.974035044280997,5.7151979600589415,5.6801097218841825,5.030681778728108,1.8283790283861168,1.3068651011241699,1.4070280347872552,3.4924938880671013,4.577751674169272,3.547296324196161,4.589245081073283,7.434215704825616,7.2171928783304695,5.4348856308737075,7.096799428721219,4.5213352683084125,5.815856012308347,2.232895799328043,1.1952815168559183,7.890965618673494,4.356392007418175,2.874980017651206,5.70680946174826,5.367726607581154,6.125290344972676,4.2161335330433305,4.63036433541363,91.24464132729177,55.57305547591096,25.971405571507912,10.240510604323852,9.063971209057078,6.226739394257603,5.154298798706312,5.369806550168576,4.865012416676309,5.322906643968494,7.5823894081342065,6.426690294102395,7.688472569705047,7.4290852666176495,7.504267713564025,5.317064714416427,4.558919627644731,4.397307502504267,4.545484918942571,4.5638177440655125,4.559586038314925,4.943629262723028,1.0309894526564118,3.5157193294652687,6.131084761359649,2.8887760943848138,6.3707486142518945,6.581222476976378,5.855891057946483,6.935405212464013,7.952795382575522,7.676281966850731
k__Bacteria;p__Firmicutes;c__Clostridia;o__Clostridiales;f__Ruminococcaceae;g__Ruminococcus,967.0605458333798,1376.2517656553591,1103.2510970288506,1347.467436686715,1126.6454143480769,1298.6733658816115,993.5261561341606,1497.5974067467469,1170.6018676392368,1397.0706819334769,1222.2666469615622,1339.5005946940673,1267.3783869010526,1364.7220844361466,1338.3638700476215,877.9169498611033,1107.4796806331562,1244.6015000228556,1213.382666955793,1047.1356048855534,1031.5748393279648,768.8230073082359,1046.7841283936218,1231.3217258239195,1174.2394044718847,784.9105866162222,1018.5271414309598,931.8736487158677,693.4371117527957,870.358610656297,621.3680083298525,613.7962596772186,736.0289830223537,907.5029176746012,593.9648894948582,834.2247100578581,688.6481907538071,894.8295108289369,969.6856588161844,661.087259931356,1015.607362707132,943.2550883586757,828.426625784111,893.0748286157732,1846.7102985322879,1141.872809908839,1617.7490790687102,1891.501336610586,1715.1388104889593,1711.875017455002,1392.6975579744178,629.2826972718589,1755.9571627294574,1164.2716330073486,1721.3529970229313,1143.1054592017115,1271.159370467804,1163.4319213957772,1162.0129511807131,1124.1693653023137,1187.3686758076892,1151.574892425023,956.6882059451892,563.6179143667275,804.2158593456022,879.5317895641388,810.4915245266353,833.3995296805317,53286.682709006505,11033.622439101224,1046.3756316419383,616.0240253316963,1225.173628816748,582.392296660201,1005.057621389067,1021.9394071838012,1270.945925535663,1162.7433622987096,891.4096711422998,900.4180292857809,1046.4354671077451,957.3948107771463,794.9129389500973,790.2041986889998,746.8460760774608,830.9330264337249,798.5403426013071,1289.4123124878204,1187.144377121885,713.5422427569085,386.38766672380683,1167.4060168315855,1054.3133736347017,668.8380859640723,1164.9296401764598,876.8661206859136,1501.4150947855833,1302.1591293171307,1236.408102800733,953.3981888052526,1168.4553931086555,919.591026619261,1294.5159061463435,1183.398707396982,1033.3833672179685,1812.3968720054581,950.4034769025106,751.6534042862958,1115.7763020593088,1332.4641067055093,1264.345473649398,626.1101084808173,698.5576410254233,256.21656970840263,1445.5770764585122,4558.952923724277,1909.0213588879903,1697.8519284906806,1079.7023341562935,892.589510597585,955.2179351341788,964.2478684472777,860.6336114273598,1040.908446722525,1058.7097070389937,1152.2010302469207,1050.062858141413,1059.427676120781,764.9533974689068,687.3417644638027,675.4087629810272,999.8683665896533,755.5470421728023,886.6701456749665,766.3021265815074,906.6384245612107,670.8320416126618,938.2467414099556,523.5047361239643,971.1640724810997,1038.068095872051,1030.7524474882728,1043.9909496564553,915.9610643306172,1158.7209724516886
k__Bacteria;p__Firmicutes;c__Clostridia;o__Clostridiales;f__Christensenellaceae;g__,238.484304919076,259.10064118274386,306.55021491115565,304.1059206011505,383.4241101428876,436.89879321154604,327.51294463880333,470.5690340421164,388.34119554395147,466.0705654944162,344.61135894080763,307.2441138345772,279.183991099914,361.9906047423633,340.15466107264837,288.5228197421501,308.4964630006823,346.1152745233414,298.80248517017964,276.5300232441771,338.42051088780653,232.91811838173402,342.1875815318741,346.95168198824854,330.5152667257566,265.3425628454766,351.9463326991656,313.2065238189395,230.21180430970261,289.62409401399134,210.73713439362407,213.4605563880402,285.98541882895375,298.96648552037374,200.0815141124313,284.1773707368414,233.0770790148748,310.1102719544891,321.12949078795026,226.19837696493818,339.03953252829837,320.2844654988785,289.73558373862517,310.5865874631811,627.1262537760397,386.985944579783,548.6703394711914,641.4089065622578,580.2394626548238,580.9330377980511,465.4368345520398,220.63626221480087,588.2174498118527,390.7300745186589,554.4863869086721,397.1702253520902,420.0590259255951,402.57810512893053,392.07607840830076,380.87016146591554,402.9291844459228,382.7032900349992,330.37675154762724,262.1559123193528,290.3517507654482,315.24390850141066,286.0115988623229,295.4959502088125,9721.551975006576,3335.8275503485033,363.0768289265682,210.10650411123981,375.46710694817716,203.9330345643891,350.64150050424195,359.73819298038933,437.8855896564745,400.5327353239372,311.3415941997633,312.64886039817435,343.0551608797591,320.28780053054606,275.7703266159883,277.13401378848187,258.1028861785194,294.5696058644892,285.27158452615885,425.67697489653534,394.55085511843356,247.33695567632233,128.2887076045034,361.02237779098294,327.4775331862866,224.13266771963126,380.8897230300505,287.3433261627115,482.6467388721183,440.36361272185655,419.1260638807158,322.36808539184915,397.8322093159487,306.39378252378066,427.8536868551837,371.69187857583535,319.81797503046766,597.434240008948,314.66558130520383,245.26707234828297,373.15198745099235,436.49701966307657,420.68659954587565,215.78138715290638,240.28555323847743,27.684620081081015,702.1552012230546,1541.3897656151464,641.4424563868301,570.2124131309897,365.52758367492135,302.2234643951413,322.50782605839333,322.0550270920901,293.62921696562705,362.3485953751837,360.4439423082058,396.64939395620553,364.1487792276105,367.4526490695749,264.67821378737284,236.44585897240924,231.82114649630853,330.8054876587741,257.0880962823274,296.68630872905595,262.73211084587774,280.48065632416177,224.88161821649987,322.1773716214691,176.40839966269283,333.6354089155691,355.18011214426804,348.3977437426952,359.2023129759629,326.9245793289337,398.5428599836435
k__Bacteria;p__Actinobacteria;c__Coriobacteriia;o__Coriobacteriales;f__Coriobacteriaceae;g__,55.20622672203179,62.4751477777204,69.55942142173936,71.5440602022514,84.46106275488741,96.39005065555044,72.45770868485336,104.81046061470309,85.84035167131721,102.94329313802855,78.01560405074709,72.06284314295023,65.95442386482965,82.76111106034212,78.33047336991865,63.85847132842628,69.97318681747528,78.52669332993938,69.18651914144236,63.26865421613242,74.92063667514333,52.15470920721557,75.79200260527314,78.55299479075452,74.84418760242525,58.502460816054075,77.37029423677916,69.10941840988687,50.88178557451461,63.99272810860288,46.44289714970886,46.88651065190983,61.950351010692074,66.14795829172263,44.134878528241856,62.59089721447917,51.38039214308735,68.14690120869814,71.00053622423124,49.791391972950834,74.87848871567556,70.57405215438311,63.593164264881885,68.22016772597263,138.18392455081926,85.29345316851504,120.91735079237759,141.35845610387273,127.91787416437944,128.0174462390912,102.77849366769686,48.41099523889945,129.84966139680162,86.2325973556501,123.06678368409966,87.2488940383617,92.90103923238857,88.48466834357879,86.46673444194748,83.94894218785534,88.79188365638821,84.57373233793547,72.63438680702987,55.3619159287422,63.46774089591664,68.9728232172846,62.70266209364644,64.74209949020839,2346.8494199244296,747.1810418482038,79.7733847560807,46.268945584617406,83.93178011903834,44.75357012830753,76.98616197493952,78.89115756564364,96.30004625382946,88.08751957571495,68.3475045234822,68.6873283455461,75.95402978614436,70.71659662069622,60.59236999706982,60.805291777073705,56.73917456148922,64.54060709965012,62.44153028319235,94.15608273438872,87.19112214005676,54.350889363903924,28.354178932791594,80.59609118578496,73.06102125569005,49.47506143533779,84.36175000682977,63.622888221215746,107.15309368756344,97.08609087484754,92.37426996895023,71.07338575685377,87.62961004276836,67.68633814145257,94.62260029809292,82.79224147762827,71.38958956966422,132.1745792458361,69.5737614191147,54.33846289358165,82.3921495814573,96.65252430815642,92.95238948275644,47.452887895589065,52.85515724638515,6.6370824787471765,142.6549788064216,339.8376738753358,141.5406904307548,125.83130915583307,80.57543818564291,66.6196878027417,71.11831024924518,71.12254588510201,64.65926839409447,79.57957488758619,79.39483995237748,87.2408084433087,80.01490880718111,80.7392442557167,58.17541589064274,52.010013807186915,51.00789874008567,73.14954777780694,56.63288578640919,65.50384039452108,57.817652854767644,62.612350973746366,49.63796611198828,70.88493729123381,38.911112015923074,73.40139129578779,78.18338614922375,76.81594997956475,79.01022871699679,71.56700005535977,87.66749987860261
k__Bacteria;p__Proteobacteria;c__Gammaproteobacteria;o__Enterobacteriales;f__Enterobacteriaceae;g__,6160.2265114972815,13073.4359233879,4871.199357519243,10346.551212341254,572.98585953897,977.6094319949094,1168.7315685823394,3207.0760868469347,1223.438199159346,1297.5436204348512,5084.504234961906,9976.643078715157,10092.569403068963,7102.20782330283,7893.481736092323,1087.7678939757907,4841.629576655872,5477.209828391907,7755.998174422599,5525.82350060599,1315.7552860321393,2187.9557972857046,1411.616827128383,5135.47615590682,4919.432959436863,510.5857983453333,404.81783770491205,719.8649844639535,714.2547532931832,854.1616364560499,361.6156179600594,246.33326509200904,346.7087833796577,1079.3690202911193,430.84438262570785,407.32089656238725,430.6761928213233,357.21714057411316,1048.4021419969529,260.2385493926239,929.0419548927684,525.2238628840047,335.22814750749905,358.3716824696888,1023.8166079318618,682.0784969093291,940.8331327452336,1106.6893273603187,1088.8658136608103,974.3548040047392,1241.8719987347836,255.60749838720852,1479.4822388902685,936.0642373399023,2835.02237041042,458.0426243542465,1431.208705982699,463.3557237241678,802.6526129426027,678.7591249851916,676.4510177468982,1161.384862466604,379.9011424148672,336.5477961433714,340.97105960325626,368.9606500840658,332.33209088099204,344.1177391869255,522904.66492703365,31828.737129288922,418.4622603915149,284.5910733484784,3217.989056963413,236.11922429545916,405.19470929847984,417.4844165856452,502.92408619186614,459.9906140108339,359.98556811069795,360.4768715867785,1349.755391885227,833.1777019037901,317.8322615700137,321.0767170669013,296.9226174995206,343.0109882319825,333.38098208758635,1477.6408711185522,1195.5845473090042,284.9583187746045,397.1621974649568,2862.4407295504293,2495.748658917701,558.3603885671806,1565.8688782950874,1138.637353528243,2534.880084407792,836.8716350062183,732.1883734741909,615.9637052474342,583.0430604358596,878.2787154802082,1452.7267972674804,2543.6638726974443,2518.664580702106,2133.0711415026185,1032.449157050778,1041.3955624696882,978.5724788885491,1739.1768804389255,1243.4544633594212,247.91801357700749,275.79950531606966,0.2,939.398376217988,2952.1493182812105,1486.423954843598,1339.2548807226171,669.2407647487486,550.6373616222498,646.8833579007094,872.0028401353543,391.7140125039517,418.2755190256055,529.6814222558071,455.390200438891,419.5816378497257,423.41895889137743,304.6623471980586,271.4041953212595,265.80505369207646,1101.0224630501316,386.908903534352,767.9511147333902,301.07245657471043,2216.7228375863283,554.973796832722,369.4482966692794,375.8622214022514,382.6712524591868,409.0420475467519,673.8067964923105,412.29701590784384,381.88423256390564,457.36610073872873
