,2012-01-12,2012-01-12.1,2012-01-14,2012-01-22,2012-01-22.1,2012-01-23,2012-01-24,2012-01-26,2012-01-26.1,2012-01-27,2012-01-28,2012-01-29,2012-01-29.1,2012-01-30,2012-01-31,2012-02-01,2012-02-02,2012-02-02.1,2012-02-04,2012-02-06,2012-02-07,2012-02-07.1,2012-02-09,2012-02-12,2012-02-13,2012-02-17,2012-02-17.1,2012-02-19,2012-02-19.1,2012-02-21,2012-02-22,2012-02-24,2012-02-26,2012-02-26.1,2012-02-28,2012-02-29,2012-02-29.1,2012-03-01,2012-03-04,2012-03-05,2012-03-05.1,2012-03-08,2012-03-09,2012-03-11,2012-03-14,2012-03-15,2012-03-22,2012-03-22.1,2012-03-28,2012-03-29,2012-04-01,2012-04-03,2012-04-03.1,2012-04-04,2012-04-07,2012-04-10,2012-04-10.1,2012-04-15,2012-04-15.1,2012-04-16,2012-04-17,2012-04-20,2012-04-22,2012-04-23,2012-04-23.1,2012-04-24,2012-04-28,2012-04-29
k__Bacteria;p__Bacteroidetes;c__Bacteroidia;o__Bacteroidales;f__Bacteroidaceae;g__Bacteroides,11385.132985671344,7836.281595074781,11101.954525651103,13385.411722200148,7758.204437781003,9837.246381158226,11225.51147384052,13196.004427998356,13323.350484474531,12590.727672736317,5629.736329568421,8226.654174048563,7768.7445387006555,11625.819138170871,11682.124814744739,13746.119981257183,7823.2142680024435,12884.728511600808,11125.21114740517,8443.159257627813,12403.596872475307,10889.524634237083,11567.74372005554,9127.175049753056,12954.754270197605,9383.715238821611,8616.754774090425,9099.676443392436,9535.090913993752,9067.682803562262,13152.941120126285,8932.872147817761,9670.295845773495,9551.588984192054,8156.368186991926,13695.687755859915,9336.583480414722,10208.295056230323,12127.971733519778,5668.993325632581,10446.495348159237,7412.532904048018,12442.037636652933,9395.184301873885,10217.627619670793,6920.64830598586,10161.454508527624,8862.03762521073,9964.270964650985,11985.872638962546,11311.866374625724,12991.057077909927,11626.928475151455,11424.10795135101,8826.179629614147,11065.226871896906,11219.778520851605,11068.558221479238,12963.597764642716,11062.741864777146,10705.031137367103,11007.337141248627,10403.732586639366,7116.62356018676,9391.30133413753,222409.34041030004,0.1,9373.458584109789
k__Bacteria;p__Firmicutes;c__Clostridia;o__Clostridiales;f__Ruminococcaceae;g__,1883.9501389898332,1407.5664088716544,3197.1626655636987,3753.378346002327,617.0122565330748,1496.9421054747565,3242.5143973928784,3683.3068796949706,3704.5915084399794,3496.1599905238772,1450.9944587718048,2418.754148491514,1388.7467080192648,3293.2615699233957,3140.926565954557,3845.4777409448293,2229.9154733202963,3604.742032249072,3221.670005277703,2456.627212055544,3535.879496750598,2942.821531086944,3360.4129473665075,2678.51291624808,3622.3540061769013,2127.8197432192537,2478.9691654984604,2074.4315350967217,2776.7130469718686,2328.846196874981,3688.3997388516136,1180.9660342441734,2837.8794188016896,2755.1285165813947,2392.1141372412258,3857.141326259653,2632.7515801261616,2724.1254704160297,3396.9650339670984,1694.8532663140215,2820.4225891601873,2219.7123613285826,3075.2079151633893,2659.2818544628044,2582.80283012486,2004.6236982799078,2890.1576603417175,2611.5160097778203,2872.28761068692,3400.898396335814,2646.811824447098,3471.051534116071,3307.241680610742,3225.559436067315,2530.8165591852407,3118.291559978498,3242.2730970149178,3220.0976180213975,3619.537422638847,3161.054933163402,3119.5820054015544,3078.862174337102,3001.83016268766,4320.284104183738,1962.941598180529,55224.25591432668,0.1,2365.546280502546
k__Bacteria;p__Bacteroidetes;c__Bacteroidia;o__Bacteroidales;f__S24-7;g__,362.8752551698525,466.596078307074,3014.006032154428,3435.642467671647,0.1,57.567748656585444,3066.658029877105,3353.85496250437,3358.3286605755284,3164.42187018926,1195.3584492701877,2330.470688614922,449.4925608967044,3049.1131322444076,2734.73313140352,3510.532405804353,2078.8370602537248,3291.013897770561,3055.154035483245,2341.374964138235,3296.7097211251503,2578.52394021595,3197.399296689534,2575.7791927191856,3305.029079515841,1423.828484739129,2334.4220965751683,1402.283080267638,2648.827380675948,1909.2264274726701,3376.380990937677,0.1,2729.0125228202805,2601.796534651081,2298.8735450032787,3548.060172121759,2425.1740327956995,2349.545362291367,3105.4290427418446,1660.866278447397,2468.3907533151246,2178.708692014713,2384.4684164233922,2459.966018450792,2070.4101134373113,1901.5390778899405,2687.953899589097,2522.1015996706433,2710.5358111066807,3154.5836952374893,1876.3300197639803,2998.5050023120807,3076.1330771233456,2975.5497989074897,2374.7245468646274,2870.4587769984823,3067.858822100074,3068.608696914739,3296.93980017749,2954.8245050548067,2978.0799943088273,2810.230006449392,2835.682113875903,6373.545823673154,1099.1307289321292,43118.64854288968,0.1,1891.7892396692498
k__Bacteria;p__Firmicutes;c__Clostridia;o__Clostridiales;f__Ruminococcaceae;g__Faecalibacterium,2071.7301404657646,1438.595811326582,2175.31008159832,2611.167519865777,1335.7029385802487,1775.1389592271303,2200.6339229448954,2572.2845568758116,2595.4816551641497,2452.2228835553624,1083.6688186628753,1617.5851270230244,1425.4344626274828,2271.7101525280796,2263.5203611225706,2680.5012412258993,1530.2493917200643,2512.5566238840065,2181.8980945716944,1657.2155763492713,2426.2323223273547,2111.657176302902,2269.896536961808,1794.0810975429083,2525.9861358915045,1773.1180831881486,1688.0763809540815,1720.703698830799,1871.8099712364544,1744.5003742213642,2565.841898563986,1591.6032161893513,1900.8371385302971,1872.0391400655337,1603.0835699771014,2673.6060970667518,1823.016021057231,1975.6098397574112,2365.4363322428217,1117.882378705202,2025.4416735275447,1462.1050965251563,2379.9645756651416,1835.599253884957,1961.0148046106167,1357.3506637062917,1986.905456120905,1743.1974557983056,1952.707525847611,2342.7090518052223,2146.7811907844866,2514.6517022905928,2273.4854434744225,2231.0906786412274,1728.1457728272574,2160.3250740934914,2199.67137943874,2172.478879356699,2527.107261299766,2164.7967279431045,2101.7255898667836,2146.386738263536,2039.1558483531558,1653.403072828473,1755.5518172489844,42572.229852923825,0.1,1798.5567866493043
k__Bacteria;p__Proteobacteria;c__Gammaproteobacteria;o__Enterobacteriales;f__Enterobacteriaceae;g__,11162.593064932287,6776.925851335781,0.1,548.5398856891196,13056.799971201068,10714.718212470469,0.1,679.4108274196166,802.5340492087928,797.0176570980944,1273.9586559957247,0.1,6773.191660251572,204.33885079343568,1580.897415087819,637.2654621459988,24.51362413756062,595.3813383678631,0.1,0.1,35.7624626226366,1351.0414985268862,0.1,0.1,614.7938250075473,4499.778912006599,0.1,4273.499827998811,0.1,2119.2578873428224,537.3126031008105,11187.571852549834,0.1,0.1,0.1,424.26570395473556,262.47809714015733,1549.3310975207762,528.209078583314,0.1,1317.9268441637028,0.1,3891.0010321260443,182.33694865107975,2726.283311738318,0.1,82.89363271320879,0.1,0.1,164.53304198784352,4755.985836566026,1936.2446925935046,92.65281461071908,287.13712518675123,0.1,326.66243369198344,0.1,0.1,658.4490592593708,0.1,0.1,513.9006232604838,0.1,0.1,5865.200488580007,67486.4314807733,631.0877500468608,2532.6601065445175
k__Bacteria;p__Firmicutes;c__Clostridia;o__Clostridiales;f__Lachnospiraceae;g__,538.7290053632895,467.1193305261685,1706.973246586157,1969.985668693069,0.1,351.7820660121073,1734.4585512999254,1927.3746991027665,1933.5848098990753,1823.1569226836639,717.6655387764764,1307.9991364402174,457.28235375577253,1739.9395926243308,1602.1588547254796,2015.2132005197059,1182.844886897732,1889.1385008806144,1726.022433184822,1320.0222952435481,1875.713906983896,1506.487380371364,1803.882614665526,1446.8273355447877,1897.6861634210409,943.6368699561481,1322.6903819771494,924.6474439941643,1492.8021996721557,1148.77119693763,1935.952769595067,164.48334697180863,1532.9040074517693,1472.4581443244672,1291.632921425514,2030.2106975314034,1386.872529120058,1382.1848118556563,1781.6069244466255,925.7463219277697,1442.8749394815145,1213.5894545133392,1471.7702321535862,1404.270407013935,1258.5021607119888,1074.1592054766425,1530.9529177549737,1414.191546371346,1534.4450696847991,1798.729352951103,1208.5773829738246,1762.7317237537884,1751.978662621571,1700.573801230317,1347.5374505300897,1641.991511756045,1734.8018352803952,1730.1203525218318,1894.3861552075755,1679.3844385352836,1677.8525932621258,1613.3181716810286,1604.6080436014652,3067.1272664026546,799.6573985001547,26528.60151787056,0.1,1151.1653353514587
k__Bacteria;p__Firmicutes;c__Clostridia;o__Clostridiales;f__Veillonellaceae;g__Dialister,512.6542095647537,381.4909705048724,851.214919202196,1000.1068106399251,177.10926788415213,409.1505788711778,863.2118583315488,981.5741557682726,987.3631281570208,931.8499249553618,387.66520591627807,643.5769955289177,376.475401403507,877.2350175829334,838.0149825678429,1024.7209009274743,593.877099088099,960.5690775701963,857.5984179952642,653.8546125909284,941.6819131539786,785.0320629749716,894.4477419935931,712.7319861322507,965.2783743733751,571.0721370706366,660.0224064017984,556.6325384325285,739.0298207393719,622.2757192538511,982.7912334556084,325.4656303466191,755.1383668164763,733.4921605832111,636.535126403949,1027.6183802097366,701.3902884924086,726.9849552171343,905.1697774489435,450.74462244558526,752.4033231509732,590.3029193561202,822.7764950553093,708.3771038873532,690.5020927117524,533.620393831079,769.7646612246219,694.8204092229752,764.698063655064,905.8609909451047,709.5369195337685,926.2793267574316,880.8486706902468,859.2862481470439,673.8934649106166,830.758255854153,863.1364259443395,857.0627751586213,964.5710529483606,841.7985233813363,830.2682999002899,820.4411746111678,799.1638715942759,1132.2125112439905,528.5008032697475,14772.993345672538,0.1,632.4543929768529
k__Bacteria;p__Verrucomicrobia;c__Verrucomicrobiae;o__Verrucomicrobiales;f__Verrucomicrobiaceae;g__Akkermansia,319.6827441746861,259.1893821275384,792.0915800017926,919.2037625390832,0.1,229.99728757770404,804.3574885042201,900.2066716899009,903.8573257062687,852.487711017901,341.52846549182635,604.4747407683133,254.59323412453125,810.1255775174457,754.613060854344,940.7793589158671,550.0295695392829,881.9103154437508,800.0410880911817,611.2769452867498,872.1982935706806,708.7118189439402,835.6060402652831,668.8743424359697,886.0043409842843,466.58666462418836,613.8966873328295,456.3553384963664,691.1712028679833,547.1828884627421,903.3130054711,145.85944312373616,708.6689581744206,683.0468596038974,597.2000271007435,946.4301451372585,646.3534100535766,652.1563617440096,831.5046868640111,426.46432352671616,678.9344456908381,558.8961286943432,708.3276151658769,653.9441812626699,601.9595934446864,497.86537678122136,712.2191484141919,653.2626619208737,711.8950676000563,837.208681808438,591.3406599063334,831.4638805609283,815.029493184135,792.3389078920854,625.8494386684802,765.3505121488064,804.4463429882964,801.2059833722872,884.7410298380743,780.5294568809686,776.7434766474835,753.1823441924497,744.3038052296537,1309.7769592625773,408.12341747282045,12751.148293162616,0.1,550.860143146633
k__Bacteria;p__Bacteroidetes;c__Bacteroidia;o__Bacteroidales;f__Rikenellaceae;g__,755.303091483907,518.7434686121381,722.7191474911052,872.3969500878344,521.4526265242193,653.9421386347462,730.66339395589,860.2243466856079,868.6704819843909,820.9520553211509,368.213983642272,535.0383368150967,514.3405276280556,757.3774525267585,762.7527542533022,895.9979553117375,509.5121241424353,839.8484186327613,724.0524395833781,549.3807722925902,807.8204993158022,710.8499154912524,752.7459378323382,593.6564668190817,844.432892875,616.6929285931885,560.9620635174691,597.9142558048939,620.4066368519935,593.1570853848856,857.2435204730194,595.6322129357615,628.9827424290194,621.747802584934,530.5277488394132,892.4492380747416,608.3646370332023,666.7313808211702,790.4817628244939,368.41035837890445,681.95682544361,481.6811394673114,815.1086223907605,612.0815148300716,668.7998601383674,450.4052294110738,661.86094170825,576.3015193239168,648.62982971325,780.7762981818877,742.5804828300147,848.4371273335831,757.311085078898,744.3439037335681,574.6811370507821,721.0210631236583,730.2758871726617,720.2148664388656,845.0629996766354,720.4182105273684,696.5075053338655,717.4834115906123,677.2077777453093,440.243698279864,618.8815775382793,14568.019145838094,0.1,613.5836015110383
k__Bacteria;p__Bacteroidetes;c__Bacteroidia;o__Bacteroidales;f__Porphyromonadaceae;g__Parabacteroides,758.1759792739715,520.5864289213657,723.8714578450342,873.9091927617918,524.2187865289764,656.5831235029149,731.8166828749864,861.7357552822596,870.2137675065367,822.4162066679488,369.0047678516961,535.8320368388171,516.1757144401902,758.6505401418345,764.2360572167163,897.5619183652992,510.35204608727406,841.3140876760499,725.1855689243923,550.226622502564,809.1517234445104,712.2143946726,753.9112957555807,594.5431197064814,845.9089271446109,618.3635182459163,561.8594586501841,599.520916430782,621.3589968717013,594.4407693230622,858.7292470779284,598.2466643597104,629.9221816519599,622.7338076742906,531.3219124835072,893.9762139998152,609.4016343078946,668.052451897512,791.856571892797,368.92324017806806,683.2690335264379,482.34740294511107,817.0158353758935,613.1128884095249,670.2965159622735,451.1094800065994,662.9594767539951,577.1493059996114,649.6607126601353,782.0819700543354,744.4951932081117,850.1130641024698,758.5677239607245,745.6077109915665,575.6105309452784,722.2523698447892,731.4268717677605,721.3242397583366,846.5464550419097,721.5965399158426,697.5740862832433,718.7363046164168,678.2806539053271,438.22892443900287,620.7555224735027,14601.805074252203,0.1,614.9612956471215
k__Bacteria;p__Firmicutes;c__Clostridia;o__Clostridiales;f__Ruminococcaceae;g__Ruminococcus,235.5274327102118,200.2363007903699,697.3960722337279,805.9729037474564,0.1,158.49910413693604,708.5173393259748,788.7355993105933,791.4429813706474,746.2986722219638,295.0905037047968,533.8435018390886,196.21036892481226,711.470396269806,657.0432322431529,824.5811975900216,483.5143981742209,772.9914183735484,704.9817788089467,539.0263552404074,766.7358923148023,617.6225212165361,736.6671169324399,590.5580505256388,776.5118756123063,391.8836750746222,540.4222305102023,383.8112014249226,609.5545570333957,472.4628683460039,792.0467466448079,82.5910611044609,625.6925780365666,601.5341169248069,527.2277391921042,830.4189058400906,567.2361743063566,567.086825821077,728.9463111704985,377.53138308466623,591.5758547660133,494.8801199782216,606.9192202630951,574.2374261649009,518.1481293901131,438.72707636632174,625.8816152742072,577.1209696960592,626.8779620765249,735.4457080875113,500.528266463251,723.1642863431496,716.2379594304817,695.4935396919608,550.667278811305,671.602645238677,708.6419995222182,706.4929616678332,775.2229515941119,686.3989205150095,685.0924367996748,660.1396500705762,655.5105250617906,1227.9817063966718,334.90752590277634,10936.059043032825,0.1,474.0090202976279
k__Bacteria;p__Firmicutes;c__Clostridia;o__Clostridiales;f__Lachnospiraceae;g__Coprococcus,148.43234096794004,92.3066975649225,23.801047480260774,37.711203147401626,160.43707669080376,139.88927833975362,23.197213966218214,38.685695988787,40.32709571533208,38.52964803948417,27.20983910917603,13.223980964463705,92.10590898954871,29.793887722477276,44.90229557294083,39.531834151164084,18.8196658727811,37.03338165021872,22.26723027863959,15.864620901768411,29.80455529938226,40.52213466290379,22.211010118842335,15.116781200522468,37.41062842561595,71.20456640207233,18.695498730665932,68.06938508492101,17.70501343289845,44.558613928330516,37.037756051965786,142.88845998570798,16.018170980329057,20.08218706662262,13.64229773476436,37.095117042288294,24.99736168419629,41.063668862829175,34.507976848362524,6.615028464348346,39.111239600746096,8.329872515117893,71.83488912292056,24.264520743258682,53.88926303898846,13.805259540201506,24.99996122796874,13.7162471883421,21.116829987621816,30.214738686315176,78.56438068647734,51.87211038136443,28.581543233635543,30.216243519124642,19.897034602832896,29.79512156933151,23.059572063195507,20.834839336280112,37.90650403180681,25.92358157784749,19.68436287923303,31.6947028671995,21.79349715635495,0.1,86.07628065983646,1261.6010343592297,0.1,49.780962145646924
k__Bacteria;p__Firmicutes;c__Clostridia;o__Clostridiales;f__;g__,463.75627151143624,314.8497821453856,398.8622829949309,484.8778901523988,342.1780469037644,405.839893140508,402.9180545292354,478.6821229684261,483.86105211546146,457.4398882679923,208.94079462355023,293.61379329545116,312.39865708772834,419.8318384022435,428.46740056372016,498.2992171934884,281.969776847666,467.06426724360387,398.9991017382125,302.35249414187155,447.0442440068585,398.80864098694923,414.4546747158001,325.9503246868262,469.68030476614615,359.6706886561833,309.6740953235262,348.3513743539986,341.3617064992016,336.85910947724835,476.44863082301816,375.5269361725635,345.3471103310983,342.98765333858194,291.339659758571,495.45993758111945,337.635077781048,375.2172527647606,439.4776863838604,201.2275099234353,382.68839280340313,262.97544084839166,466.9329733564667,339.3616788548796,381.20244272219594,248.18443540396834,366.491309740276,316.0575416368046,357.88030786569874,432.6126702809255,430.3671699570863,477.3307126327559,419.33575125868515,412.96205872147954,317.5301795515031,400.2221201390988,402.6567798292652,396.3853281212239,470.20844507111764,398.4270460083024,383.161070798252,399.035166392588,373.5518089296668,166.59007855177117,366.4975445566186,8336.79985728601,0.1,349.85968222016584
k__Bacteria;p__Firmicutes;c__Clostridia;o__Clostridiales;f__Lachnospiraceae;g__Lachnospira,44.045511966240575,58.86193589721914,393.1575228117171,447.91818164456845,0.1,4.358689839817831,400.0486732822419,437.2129191658394,437.76019343449354,412.4723263494416,155.5252146574284,304.11180528501967,56.632378191185694,397.60786698632756,356.2015522078347,457.6593122208422,271.11649203710573,429.041832597833,398.5670129661606,305.47647537180893,429.94917381639567,335.89617751016715,417.148635914622,336.1117095877892,430.86399866583304,184.37431533041902,304.504312114047,181.6308548874636,345.5949225492452,248.38002719136907,440.1925494540351,0.1,356.10697742097426,339.3979476618635,299.97507271231245,462.61632179603345,316.2161103411343,305.97431398717737,404.8574417228669,216.79611033269143,321.5422469074384,284.39894488881947,309.8407284053533,320.7772663442928,269.2233194292325,248.07078976418168,350.5408687592584,329.13188431083967,353.5783047203231,411.37512750629224,243.31464420748463,390.49845776835326,401.16465871603054,387.98933784611046,309.74154677500695,374.27165984370424,400.20863323726206,400.35685313862336,429.7961565236618,385.37915614077195,388.55781400630735,366.3615380119345,369.9098682354951,836.7428710522505,141.6256236362719,5603.734727486785,0.1,245.98434425852787
k__Bacteria;p__Firmicutes;c__Clostridia;o__Clostridiales;f__Ruminococcaceae;g__Oscillospira,317.15775931093566,217.96845692635986,305.24163781305015,368.3241476725495,218.0962484958581,274.4255457929437,308.6098321245225,363.1624825118,366.70935713570987,346.5587754064267,155.29046584593272,226.04000708680093,216.10970084034292,319.80715787799676,321.85437458670606,378.2764850693369,215.1628201200313,354.57133406976743,305.82832464926895,232.06516763158263,341.13651949871894,299.9730224525549,317.9620274251825,250.79803452065437,356.50421433500287,259.70099406796896,236.91995407057829,251.80738649330658,262.0705094632945,250.14706050144267,361.9266767173932,249.7247622225869,265.72205979156905,262.602101687805,224.12648471524938,376.81233323900665,256.86969056872505,281.3096914808577,333.7346836588244,155.68115509267045,287.7768399045163,203.5513662419055,343.5903901328286,258.45229613431974,281.99274097559163,190.24475342352753,279.49022335862827,243.48052726741298,273.95353969582897,329.6949238578093,312.82180056363103,357.9813480194197,319.7972053077413,314.2896954854161,242.70302789516603,304.4340718028648,308.4480334992005,304.22702891650334,356.76324339559795,304.2369940212861,294.2197085788436,302.9098216914551,286.0274346374024,188.942760273946,260.40429077190873,6141.147791277231,0.1,258.7062692075808
k__Bacteria;p__Firmicutes;c__Clostridia;o__Clostridiales;f__Lachnospiraceae;g__Blautia,7.27515027490273,6.024554227260308,19.57268366448701,22.668267964601025,0.1,5.085308261332209,19.880148363881162,22.191898682896028,22.27521930328741,21.00701117574445,8.363005300756628,14.958858767096206,5.911264682969405,19.993795137590265,18.546636221527017,23.196132205742394,13.58099350531757,21.744751103471565,19.777088137328658,15.115987213398311,21.53595891398021,17.425904653434102,20.66096083513474,16.550371328634128,21.844771825651712,11.272278690291877,15.168345931734612,11.032176652336073,17.092703931997974,13.394528490173355,22.276486478513046,2.981396818293041,17.535025029828684,16.880163374684113,14.776235718877958,23.347484381027172,15.946403963523023,16.018335469485933,20.503766799503445,10.565864621933802,16.69242283773416,13.84845404786391,17.275557140262062,16.138293837196176,14.713512584727257,12.307509365546776,17.582842581670835,16.16879300842953,17.592251720064812,20.664789047067305,14.338727716610162,20.424672870055694,20.121085581210586,19.549981822018164,15.45991208659909,18.881342187993436,19.882974899908678,19.812471176572565,21.811154783401427,19.275875649384858,19.209867507735023,18.5704793776737,18.394411975719663,33.38110340634428,9.752872480321647,311.1324308558127,0.1,13.462407809566132
k__Bacteria;p__Proteobacteria;c__Deltaproteobacteria;o__Desulfovibrionales;f__Desulfovibrionaceae;g__Bilophila,248.62116623810994,168.5531746170074,210.9020823073264,256.6311730226222,184.8787504378404,217.8538796396257,213.02275287977528,253.39301547708828,256.16899856214053,242.19233812440686,110.89512537420491,155.1298009318523,167.25558205196506,222.1236533927723,227.10135882688576,263.75658275258564,149.1503335046318,247.22291962749483,210.93093758410916,159.8102367674174,236.46696552583143,211.3453978422832,219.0756166292821,172.2270000536995,248.61241032175178,191.58205896394352,163.74911842644707,185.52749552777954,180.4229691329079,178.80711615687414,252.16931767185943,201.96122820623893,182.47600619518448,181.34701102683667,153.94295716588556,262.1913427149182,178.66441974110376,198.9262116658704,232.61146486734498,106.24879606154474,202.80900690319646,138.8430248723522,248.13523327389163,179.55380157536766,202.44258623744892,131.2014616600201,193.87392607387827,166.9732499729326,189.22575503706898,228.87199502503918,229.05206217336823,253.05261896497603,221.8279856157896,218.514667845581,167.92376064270223,211.78787245375065,212.8811592557348,209.51288164847685,248.90476580793705,210.7325416058895,202.5102432107498,211.21583174787224,197.5049144396875,82.5410278026325,195.59976285149014,4429.710014899131,0.1,185.8066957838011
k__Bacteria;p__Firmicutes;c__Clostridia;o__Clostridiales;f__Lachnospiraceae;g__[Ruminococcus],501.53739119490194,304.5841248125891,0.1,25.97238478815671,586.0695916051641,481.30145685332565,0.1,31.819049475344315,37.35118168505355,37.02814732439328,57.687023563287845,0.1,304.4097564794535,10.361705906284698,72.07136821961811,29.98678548499918,1.9078483879462278,28.02026154960365,0.1,0.1,2.885751408875636,61.68617704347764,0.1,0.1,28.89766231377544,202.67169865574832,0.1,192.49943048708892,0.1,95.93284997103154,25.445084307381403,502.4034592719509,0.1,0.1,0.1,20.433917516643287,12.73104109072997,70.50400208264725,24.93102495587556,0.1,60.15600667317484,0.1,175.699680556667,9.144797452321358,123.2615097942576,0.1,4.766522879325476,0.1,0.1,8.614656722647927,214.3554983581294,88.13506947821108,5.3555263587914546,14.052254785677778,0.1,15.7868518696196,0.1,0.1,30.855410106501765,0.1,0.1,24.17376293557386,0.1,0.1,263.8771104139569,3048.060079585802,0.1,114.49510646815048
k__Bacteria;p__Firmicutes;c__Clostridia;o__Clostridiales;f__Lachnospiraceae;g__Roseburia,44.27505197303904,38.070463177791126,136.36787767139265,157.4694880730905,0.1,29.28800708122865,138.554980649301,154.07911903337444,154.58888142032774,145.76467923606566,57.484339789423444,104.4503518580136,37.2840414865098,139.05007431648366,128.1923977729537,161.09310014100532,94.5163623179479,151.01465715597715,137.8739010539213,105.4325689254267,149.88038774825128,120.52259523216507,144.0840292094643,115.54077970704388,151.6997835343901,75.89533413366014,105.67023564380113,74.3531034522443,119.23074004868413,92.02430865531666,154.7488983140489,14.374194411577783,122.4147110039596,117.62883085355179,103.14854988697824,162.2680114166896,110.84511434332623,110.61218696484671,142.415094671296,73.90144592501589,115.43608205833705,96.87668757854622,118.02812985772401,112.22644808354971,100.85902966010791,85.80289813141049,122.33790209758772,112.92525152247887,122.58238069401585,143.74321149709124,97.09325681591969,141.06187315943146,139.99974755006704,135.91371581383635,107.6627397414084,131.23712544520205,138.58115523774418,138.18820669877735,151.44090566865546,134.18584642028273,134.00890261235372,128.96662845772167,128.1849624622328,243.01535083668625,64.54113014060313,2127.160943710983,0.1,92.26111057959928
k__Bacteria;p__Firmicutes;c__Clostridia;o__Clostridiales;f__Lachnospiraceae;g__Dorea,63.69154389718723,45.469281976446595,82.11668084807451,97.51501205611211,33.59197183937253,53.10685777281727,83.17431112898305,95.88563095011428,96.60115988091927,91.21976925080196,39.13591263699042,61.5793411159495,44.979002508704696,85.18580075780798,83.12257005356588,100.00974699331181,57.52635760205359,93.74621292242111,82.55071852122983,62.820644707685226,91.21282177461237,77.70358466372254,85.9902213514138,68.24638345263905,94.22658820638061,60.955228143027675,63.69786882414114,59.272272149465806,70.98003959854282,62.91411623559175,95.82448467947629,45.600572845165146,72.30713972617905,70.71461976124712,60.96532343946849,100.02198454185226,68.23483702653665,72.33357575357752,88.29819262170498,42.84759845357355,74.50296457541872,56.078571542408035,84.55690600928166,68.81031726355776,70.28393201619156,51.359930160570805,74.62822698351987,66.42294173082294,73.74225946447353,87.90705283819058,74.6832248518347,92.11534264816729,85.39498088054904,83.55239911538166,65.12238996167285,80.84027965498932,83.1526460406362,82.3485726991296,94.21309457520564,81.46156049270553,79.72111173604213,80.07727513435904,77.03670288516378,86.04707799470842,58.55351825649297,1515.2300040041914,0.1,64.42024213300475
k__Bacteria;p__Bacteroidetes;c__Bacteroidia;o__Bacteroidales;f__Prevotellaceae;g__Prevotella,235.8814528120081,143.03544679141706,0.1,9.223626380367142,276.9349666741954,226.61864598458985,0.1,12.048723685246035,14.650165879787455,14.667807761331842,26.121123591842963,0.1,142.96830295513203,2.210198578988058,31.54763575766571,11.04863960824496,0.1,10.314703963912166,0.1,0.1,0.1,26.79349608942582,0.1,0.1,10.715645101842837,94.20165814062763,0.1,89.42988980392064,0.1,43.507978958244976,9.027180436680121,236.866706153972,0.1,0.1,0.1,6.516856473869062,3.8723272029296263,31.146735229100837,9.022315899821097,0.1,26.16928900603148,0.1,80.65809118349655,2.1529226986784407,56.23729428567496,0.1,0.1,0.1,0.1,1.2950805980697857,99.30795921712144,38.881894808873284,0.1,4.012671899648252,0.1,4.9215932538769875,0.1,0.1,11.644729511430079,0.1,0.1,8.924144527929117,0.1,0.1,123.31065209150115,1397.7321943636905,67.03102894124268,52.26514572513122
k__Bacteria;p__Firmicutes;c__Erysipelotrichi;o__Erysipelotrichales;f__Erysipelotrichaceae;g__[Eubacterium],18.162399353828174,16.52733640426766,67.10665917749675,77.22725507949585,0.1,10.939992648056014,68.20832668187317,75.51849866647996,75.72935338049095,71.39359155789587,27.845482481357838,51.52903010189021,16.141975034243035,68.2842206528682,62.503049228390175,78.97982090349966,46.45166142429868,74.03926847678899,67.89406615616439,51.948758340574074,73.66224948024853,58.80710458992659,70.97944717026294,56.987736490335934,74.36978029877496,35.85477467282328,51.99384331605019,35.16968744696836,58.75347287058366,44.55093145240077,75.8935695944601,3.456558407658711,60.37808678008366,57.896719560949386,50.87178060411605,79.62606240937541,54.40130160448368,53.87167023519721,69.83381846080032,36.52881248216199,56.3175089748829,47.89406969616929,56.76156372751801,55.106150306484004,48.69781839010376,42.253779102137464,60.10852122634575,55.724958224238506,60.3299803669919,70.60397605589765,46.1919733733575,68.71441266933084,68.78706270483899,66.71583138876687,52.952356878458595,64.40430006893577,68.2248713554252,68.08705608097117,74.22844566545345,65.96837983574935,66.04126811089435,63.227833430918515,63.09477214244768,125.4903839338793,29.83312767601469,1023.8361563283803,0.1,44.533968971650225
k__Bacteria;p__Firmicutes;c__Clostridia;o__Clostridiales;f__[Tissierellaceae];g__Peptoniphilus,290.602393410825,176.01360671398817,0.1,8.533721292798706,342.40610313997894,279.43146884198643,0.1,12.085433706977362,15.289981164072897,15.472105047014786,31.225465649198945,0.1,175.9449462309793,0.20403258792463075,36.6446404919016,10.722495722822472,0.1,9.998912884505183,0.1,0.1,0.1,30.910753293611712,0.1,0.1,10.481785445538444,114.99732398575145,0.1,109.1303249936617,0.1,52.0775395252502,8.340463988126556,292.3628470839568,0.1,0.1,0.1,5.102604874891948,2.7698816062238363,36.46878920773197,8.558550393685726,0.1,30.23202895481769,0.1,97.50014348557745,0.6206395570958381,67.64275554778567,0.1,0.1,0.1,0.1,0.1,120.92047385929723,45.47152086398326,0.1,2.487784955998505,0.1,3.695632291017386,0.1,0.1,11.634275576523175,0.1,0.1,8.681618563005646,0.1,0.1,151.1647357339621,1688.1028525076063,146.7498805751821,62.891799675229294
k__Bacteria;p__Actinobacteria;c__Coriobacteriia;o__Coriobacteriales;f__Coriobacteriaceae;g__Collinsella,94.63222483843539,57.62828399542755,0.19045147148555455,7.09380280662748,109.63155677040554,90.62744796061142,0.1,8.141763163181677,9.185891946611372,9.000624792096824,11.625125383290584,0.1,57.58448593646071,3.9074559016907284,15.3206448293054,7.897463425986913,1.6934672591272006,7.386419130194446,0.1,0.1,2.6592610351659576,13.265677344883755,0.1,0.1,7.560559506437633,39.0607728950698,0.31714285800086384,37.13232028356185,0.1,19.281970186551632,6.95651538539828,94.37194768451644,0.1,0.1,0.1,6.1235123620812795,3.952915317231772,14.778389509881686,6.685839476905194,0.1,12.906976148705624,0.1,34.600722659998624,3.300245436598858,24.52922813308052,0.1,2.6225089569575744,0.1,0.1,3.6463264058801537,41.5503496242483,18.513463490856104,2.9825371244799546,4.554871392380413,0.8937628998502908,4.813900777000772,0.1,0.1,7.923854156245927,1.8699714971665036,0.1,6.353824176079431,0.1,0.1,50.37242904828319,601.3826339217121,0.1,22.76456298140113
k__Bacteria;p__Firmicutes;c__Clostridia;o__Clostridiales;f__[Tissierellaceae];g__WAL_1855D,137.78915164918627,88.01613242681535,50.65728779947638,67.31580241388563,134.9301864879135,127.11021364003452,50.61980680817658,67.40706435152669,68.93522335682785,65.43534956997765,36.167049038424224,34.483326709181924,87.66920875690141,56.41809218946653,67.04830868054843,69.68655788088792,37.11398352854479,65.30501174966847,49.66731038290993,36.977610798148746,58.82033481140984,61.57620836975275,50.991003523369386,38.56617178011864,65.78172880995032,78.17561642077513,39.47143944902124,75.13110649378545,41.6135573053203,58.760297754758234,66.13389416869126,126.40134675955031,40.86236851819229,43.30964823954955,34.55643456474511,67.84476883137411,46.04951896316738,59.8534380769513,61.22699257650154,22.033825815329738,59.23556463449031,28.589246850090724,88.02877198786038,45.72274249125459,68.75903627797338,30.86431248579251,48.591182730406125,36.78044687806102,45.2964374476285,57.81801451427707,89.20647792563219,75.90260340965509,55.58241895112352,56.08932354020542,40.94788871798517,54.69282366883176,50.50688960065833,48.501482310158636,66.15216474771903,52.00559818462575,46.58587537736888,55.829315093032996,47.117921472789355,0.1,88.49199961083379,1558.0022186013778,0.1,63.316310053353156
k__Bacteria;p__Firmicutes;c__Clostridia;o__Clostridiales;f__Clostridiaceae;g__Clostridium,20.059689336353443,16.342950668134634,50.67370238460859,58.77716383126528,0.1,14.33861043149527,51.46115320129402,57.557471450000776,57.786696802110825,54.501065442317156,21.80129164277835,38.684942401108614,16.049091102422302,51.812032668947914,48.21328884742475,60.15414375013021,35.181423965358086,56.390082469715246,51.18727241528822,39.11323349651455,55.78834155360301,45.28524831411947,53.46569948984118,42.804997344239375,56.65127829251222,29.688255388034502,39.27306169537263,29.0416928876002,44.226014246979965,34.926413102338344,57.76111293099644,8.940327342292736,45.35167091540579,43.6988638123364,38.21774803890622,60.523007758018764,41.3344303598356,41.66081282773363,53.168258282582585,27.300362804058597,43.38171117068519,35.779020069939754,45.17224880464655,41.822758987470806,38.4090362716324,31.853973063071628,45.553740632443684,41.808876286584855,45.54394127679391,53.54577127759619,37.65914273649319,53.116629881331534,52.12959653928533,50.67143764444137,40.03535577944604,48.943766770480714,51.46723369027672,51.26593813379537,56.568951651943564,49.92704872336372,49.702132891122965,48.15891959676817,47.61811449263743,84.43039894052231,25.901157758250264,813.2693409161354,0.1,35.14723440204805
k__Bacteria;p__Actinobacteria;c__Actinobacteria;o__Bifidobacteriales;f__Bifidobacteriaceae;g__Bifidobacterium,62.591552090818254,38.18441069019924,0.9598219242669189,5.635182376386393,72.10359950902364,59.862479420837445,0.5389786120826509,6.3045784674155945,6.995315122845054,6.8193133217967965,8.007530627263037,0.1,38.15075529798702,3.424090138879151,10.873881993583787,6.186610036436959,1.693564057146769,5.788391290020388,0.1751640789791793,0.1,2.6683514049224515,9.473640787435222,0.1,0.1,5.907264633017702,26.188100246574884,0.8554245923896586,24.908669191683746,0.1,13.261334680431679,5.528124316741892,62.23718951434699,0.1,0.6295283396909455,0.1,5.025552415816848,3.2814490444705746,10.40920770215352,5.274401723970831,0.1,9.206292840034209,0.1,23.50870562509081,2.860081219133722,16.771006605637606,0.1,2.475622920904711,0.1,0.7396725569159028,3.280837735779737,27.95733107778132,13.0552776444893,2.8207898800960067,3.8312591212431846,1.2473529396131249,3.973229728514302,0.47621652714333823,0.1,6.144930596537489,2.0525290925119224,0.1,4.973463364981059,0.6457941694789564,0.1,33.56798893642413,409.05983699828215,0.1,15.55626692098564
k__Bacteria;p__Firmicutes;c__Clostridia;o__Clostridiales;f__Veillonellaceae;g__Phascolarctobacterium,40.427772161351704,28.05999397371467,42.29217483820639,50.77693270293105,26.141825969088035,34.65518108579164,42.783472201492735,50.02263667698144,50.47528073031539,47.68978392105541,21.0868245602983,31.44362321079659,27.804044814200342,44.17224166409785,44.03106939108916,52.12617393327626,29.75343191155784,48.86022537438155,42.41835080980251,32.216736297860194,47.17445160093504,41.075330353065326,44.12799780951352,34.874995816494916,49.12159425952323,34.5343308900342,32.81969072365691,33.512252446745414,36.38825749357949,33.94666875399162,49.89550535428985,31.092844291607424,36.95021999531109,36.395533707378334,31.162370665556637,51.98931435910777,35.448906425359866,38.43272221106366,45.99883874147705,21.727093286098597,39.39858122073168,28.417002315207665,46.3254452479598,35.69251441691534,38.16439140820368,26.388241821684865,38.63310252847648,33.884718524803354,37.964061476060564,45.55217276418876,41.80293993869977,48.91855657007293,44.20529355427873,43.38355127182732,33.59962255349585,42.0081525120507,42.76460753352433,42.233644270926426,49.14396552697049,42.0904330817287,40.857618419335836,41.739602253256926,39.64446189309561,31.90208646293406,34.21070278586191,828.6305907358907,0.1,35.00312924254391
k__Bacteria;p__Actinobacteria;c__Actinobacteria;o__Actinomycetales;f__Corynebacteriaceae;g__Corynebacterium,77.40683391699969,0.1,0.1,0.1,493.3127420291151,153.3555656846438,0.1,0.1,0.1,0.1,0.1,0.1,0.1,0.1,0.1,0.1,0.1,0.1,0.1,0.1,0.1,0.1,0.1,0.1,0.1,0.1,0.1,0.1,0.1,0.1,0.1,257.1047714046829,0.1,0.1,0.1,0.1,0.1,0.1,0.1,0.1,0.1,0.1,0.1,0.1,0.1,0.1,0.1,0.1,0.1,0.1,0.1,0.1,0.1,0.1,0.1,0.1,0.1,0.1,0.1,0.1,0.1,0.1,0.1,0.1,0.1,0.1,21078.460047146786,0.1
k__Bacteria;p__Bacteroidetes;c__Bacteroidia;o__Bacteroidales;f__[Odoribacteraceae];g__Odoribacter,173.65201075307422,108.36611231106325,32.45634798992288,49.33467140792938,185.43572924994086,163.2136996495121,31.834363820735312,50.34342479994693,52.264428669139555,49.8659259938422,33.59406422644762,19.056130538961305,108.1052911842593,39.49932640238688,56.62667229121633,51.57453116288313,25.188648012197177,48.31863521667793,30.731969230987236,22.152373555294027,39.89803840154572,51.27529774490817,30.888326513339965,21.646014381250804,48.78040491362742,85.25243515901096,25.442592893759585,81.56290986607655,24.778095155869998,54.93804398691113,48.45691640356222,166.15853526305955,22.936176139140365,27.476728074133472,19.49463239531472,48.79163937705483,32.932731357988864,51.54955004228578,45.0842498897404,10.304836005234717,49.4582455561584,13.11238345346439,87.48613338320793,32.13244934813803,66.06990813707529,19.06478402372638,33.34572253997605,19.929119866874238,28.85286070319868,40.15462112922238,94.54060454038039,65.16563107161093,38.12777365614213,39.8770671646647,26.906570689987234,39.22204856075695,31.67573392243707,29.082658842152274,49.34602192574196,34.8390914239234,27.599863662116032,41.34317453401211,29.837156777574563,0.1,102.08767772722521,1538.4128718499264,0.1,61.00058340520702
k__Bacteria;p__Firmicutes;c__Clostridia;o__Clostridiales;f__[Tissierellaceae];g__Finegoldia,139.72755280434282,83.49519067720209,0.1,0.1,171.46673086583093,135.6970915158862,0.1,0.1,0.1,0.1,9.692573042311544,0.1,83.54048822042776,0.1,5.245605450445448,0.1,0.1,0.1,0.1,0.1,0.1,3.174517306376766,0.1,0.1,0.1,49.401802930873636,0.1,46.64626327413065,0.1,16.553480572461826,0.1,143.61871401161335,0.1,0.1,0.1,0.1,0.1,6.932564722189453,0.1,0.1,3.351073804801701,0.1,36.46767352763695,0.1,23.385273134271383,0.1,0.1,0.1,0.1,0.1,50.201528353844424,8.326668248294274,0.1,0.1,0.1,0.1,0.1,0.1,0.1,0.1,0.1,0.1,0.1,0.1,68.49382024317023,622.9548160713007,427.9720882534699,21.895578555975792
k__Bacteria;p__Firmicutes;c__Bacilli;o__Lactobacillales;f__Streptococcaceae;g__Streptococcus,149.64215896341818,84.11729407478542,0.1,0.1,215.52497151595435,151.58527607733137,0.1,0.1,0.1,0.1,0.1,0.1,84.53141715662981,0.1,0.1,0.1,0.1,0.1,0.1,0.1,0.1,0.1,0.1,0.1,0.1,25.402599682606336,0.1,22.757024216574898,0.1,0.1,0.1,168.0242604255,0.1,0.1,0.1,0.1,0.1,0.1,0.1,0.1,0.1,0.1,0.1,0.1,0.1,0.1,0.1,0.1,0.1,0.1,16.69639305196194,0.1,0.1,0.1,0.1,0.1,0.1,0.1,0.1,0.1,0.1,0.1,0.1,0.1,53.795425674153734,0.1,2126.993601914743,0.1
k__Bacteria;p__Bacteroidetes;c__Bacteroidia;o__Bacteroidales;f__[Odoribacteraceae];g__Butyricimonas,96.42278694917047,65.7631033449343,86.61682327307295,104.98439056664077,69.3372645450913,84.0262497755611,87.52759739257037,103.59120612518073,104.66856814648274,98.9387941413434,44.85025601858553,63.91360173099873,65.23275306712326,91.00226293150197,92.35956986052138,107.86276575299937,61.16170557370623,101.10231772048633,86.70126818269955,65.73607422006899,96.9689613421583,86.01153758416028,90.09232814168378,70.9371000679693,101.66256617428562,76.34036464255823,67.24105559235743,73.96957484141852,74.22460375048358,72.28410236419609,103.15994526556058,77.27283313804656,75.15838972654336,74.49675889044066,63.400086320837474,107.32666716875819,73.14859124190171,80.81924730967137,95.14283280495476,43.88992664016674,82.52680506694264,57.36900928238746,99.83823131538881,73.55320911512013,81.67641598185666,53.93131826101619,79.47603069589664,68.81754477793876,77.72566259724785,93.78987761164511,91.58129494527392,102.82681356589086,90.93651478452783,89.48088087208133,68.92107153496515,86.7022428037087,87.47519131195662,86.17896901261669,101.76077428291771,86.4460450658707,83.32001938089682,86.37454360074967,81.1380566019682,43.15537381100225,77.30946395517945,1783.2941769434426,0.1,74.94946984399618
k__Bacteria;p__Firmicutes;c__Clostridia;o__Clostridiales;f__[Tissierellaceae];g__Anaerococcus,96.84459753690206,57.00112742953096,0.1,0.1,124.06978835664148,95.07701958454977,0.1,0.1,0.1,0.1,2.6461332913536317,0.1,57.092445238006704,0.1,0.1,0.1,0.1,0.1,0.1,0.1,0.1,0.1,0.1,0.1,0.1,29.732293877433676,0.1,27.872508881687885,0.1,4.979443488951164,0.1,101.87130125797079,0.1,0.1,0.1,0.1,0.1,0.1,0.1,0.1,0.1,0.1,17.308205405261493,0.1,9.215416343048737,0.1,0.1,0.1,0.1,0.1,28.719295019458958,0.1,0.1,0.1,0.1,0.1,0.1,0.1,0.1,0.1,0.1,0.1,0.1,0.1,44.267228161995334,287.36231276389736,570.1115404882455,8.790977775973621
k__Bacteria;p__Firmicutes;c__Clostridia;o__Clostridiales;f__[Mogibacteriaceae];g__,46.49766773232406,30.167280996831977,22.808853689319488,29.1797355442081,42.73147215329081,42.344150119821904,22.900847967724687,29.047812382277677,29.56438870826685,28.016966119793484,14.387066505552257,16.079422402751597,30.01809367674526,24.792413957604268,27.700460573088407,30.11593436834153,16.454238394605234,28.224786523239658,22.561578476964755,16.929731862365713,26.081674785691327,25.572584556629927,23.283524599540687,17.922492534213326,28.410968848077832,28.79683413951394,17.74446650581837,27.74261362457794,19.079835322220816,23.309355412604127,28.669511042170324,41.406130663837175,18.989331700399735,19.550033436323584,16.04103132965106,29.57847941128856,20.109934464717682,24.545998344213427,26.501794479734954,10.615007231568676,24.576477176468778,13.820173675777554,33.9759948370194,20.07038662261477,26.950988907283318,14.026195106096452,21.475634633476812,17.22273826784523,20.425814253970234,25.46673520986055,33.35926283434004,31.16538022669003,24.568377315450252,24.537258041788682,18.314937334127013,23.864826736452528,22.865715403237054,22.200944493861215,28.517992311045735,23.13940482360968,21.384937245833996,24.122927613891754,21.279222452402475,0.1,31.580148108362195,603.1517837866945,0.1,24.788413452867438
k__Bacteria;p__Firmicutes;c__Clostridia;o__Clostridiales;f__Lachnospiraceae;g__Anaerostipes,24.2281838516741,17.27860866660027,31.018100885078482,36.84688927056893,12.885699893976929,20.222853886908357,31.41641203298733,36.23331046093302,36.505462625044444,34.472428392098166,14.803622300119937,23.254446546554053,17.093337717717212,32.18407476437521,31.425251634924845,37.79066484974983,21.732352443582652,35.42383483428234,31.179882021135565,23.7263073055688,34.45840476194599,29.374655799268588,32.47771617440149,25.772750255262938,35.605599003185255,23.09470468141843,24.061030089420495,22.455538678552188,26.807686636141142,23.79907648782727,36.20808318323694,17.394252103196855,27.306267831127563,26.71063609164545,23.02329162935467,37.79209841942603,25.781305145852844,27.348973084033986,33.36470638105622,16.17732570032796,28.165047597966225,21.172317553993903,32.00169858443411,25.997506813330176,26.592293853136038,19.398878075742697,28.193875115757518,25.082838346489822,27.854477892483363,33.21149809029881,28.284626884729512,34.8278119071372,32.26142527119353,31.56825725784804,24.600147961989524,30.544279801767832,31.408056770318275,31.10172978244466,35.60115514913629,30.773662814121142,30.108745364052634,30.258839933452375,29.098531143356784,32.226207797274576,22.20784601559857,573.4256528041886,0.1,24.374242592570944
k__Bacteria;p__Lentisphaerae;c__[Lentisphaeria];o__Victivallales;f__Victivallaceae;g__,13.272461448369905,11.24825647317945,38.864490371506605,44.92594422981174,0.1,8.973634551417613,39.48322680550927,43.966979850783204,44.119478598413714,41.60340760430437,16.46274827164097,29.744802364606507,11.023832963338677,39.6545957516335,36.639241347574725,45.96418852435041,26.947718748578925,43.08842073200354,39.28534974710939,30.03621190559781,42.73246793634569,34.4392265202802,41.04991934314867,32.90534611253286,43.284877957471565,21.89944086878283,30.116915204635024,21.44658404380299,33.96601450506957,26.359181765303504,44.149659829458855,4.74928324470998,34.86301148632557,33.52182679742214,29.37679347806179,46.28675259646597,31.61684248502388,31.62534581476644,40.63280464444052,21.03250603962409,32.987151337984834,27.569719151543225,33.87591878292393,32.005990845154685,28.913266609191496,24.44816114231564,34.88294303342839,32.1555382451367,34.934366341649785,40.99027594607707,27.957810440146208,40.328970214254944,39.91884288994809,38.76525050809801,30.688743185088168,37.43427142472875,39.490025308548844,39.36801128793237,43.21361401614335,38.2542562333026,38.17496293412449,36.797859982493534,36.529687264057934,68.19365580668371,18.74187988142776,610.3748245900543,0.1,26.450758103615637
k__Bacteria;p__Cyanobacteria;c__4C0d-2;o__YS2;f__;g__,0.1,0.1,42.22741138473622,45.32204026678825,0.1,0.1,43.236134221133646,43.74542184193222,43.38115343152423,40.7352080946894,12.023508625245904,34.02764414302385,0.1,41.19987968370163,32.11902361943575,46.04450563864185,28.48640326110699,43.172315220152704,43.298029406773075,33.50133903235642,45.18573253781433,30.76694263507855,45.60449264759123,37.476304059643844,43.29780997093668,4.008830566186441,32.63679052399999,4.4951764200035855,37.96504587806396,18.911780569708558,44.54638437328917,0.1,39.705216781426046,36.575465586250886,33.407423599244495,47.29682347629694,32.4235279696624,26.93422560068702,40.8539480957231,24.997443861478857,29.36780039246367,32.88382995845608,19.3168208620601,33.17882709264607,19.027996271925193,26.963193008387563,36.6561225132165,36.98388605768502,38.052172642134934,42.78709506934128,9.341980798638462,34.5154840785722,41.95744193940052,39.90252577871757,32.96664021625867,38.321496695279166,43.292068279235956,43.89555559104193,43.035674659021744,40.70977971659107,42.74300644641659,36.84626251087104,39.88835249427991,152.29787592574525,0.1,359.2503000872352,0.1,17.24260211372713
k__Bacteria;p__Firmicutes;c__Clostridia;o__Clostridiales;f__[Tissierellaceae];g__ph2,105.32266582098444,68.00753698582645,47.67889895819674,61.586986226760565,98.74583868557417,96.29799584416568,47.8142866370376,61.40166516923463,62.57114951756888,59.321607608295864,31.066189559435525,33.32280542778754,67.69201184452035,52.14431073531372,59.20511515572444,63.61260152138945,34.52957431059314,59.61670725938626,47.05824844682773,35.242857121339405,54.7307966944269,54.58142997948547,48.50154250286611,37.173024444973855,60.02077665926533,63.54295129703222,37.107034614946755,61.17373607354174,39.70457076425571,50.3707837429398,60.50896004113584,94.66070452823291,39.385881479719934,40.840880823012014,33.2798319159531,62.33656513800861,42.36349551774106,52.5666474154503,55.95585829818465,21.826417591982224,52.46898992088091,28.393854477482364,73.98104296948657,42.224583244146054,58.43291893553964,29.252321780108243,45.102624780076006,35.6557645146048,42.681406399760355,53.53089110406962,73.29146564136411,66.72085313340143,51.596409316548225,51.66694283025642,38.348832337889576,50.284130720421025,47.732634278389874,46.21850498381459,60.27574019251873,48.51443759704591,44.48843531225618,50.95623822068113,44.44795091253345,0.1,70.33435452877961,1312.2243758216944,0.1,53.76175312136405
k__Bacteria;p__Bacteroidetes;c__Bacteroidia;o__Bacteroidales;f__Porphyromonadaceae;g__Porphyromonas,72.88003788107876,47.964425533051134,44.098864043618995,55.179357425736065,62.88411009944492,65.56652397864111,44.395935685747844,54.7348514085403,55.54583050720862,52.58515142279639,25.738471756711924,31.693657005670385,47.68366959091194,47.26565617267555,50.831440660875245,56.84569641608569,31.53178432765811,53.278767567699155,43.83809702191435,33.03898947526124,49.985674700264404,47.085271078583496,45.37181720352628,35.26225294235345,53.60756798188575,48.66573086521311,34.276812694600025,46.97414976463255,37.26470896475928,41.61965867274652,54.21690696220487,63.07533431176461,37.36097814995704,37.852444497020365,31.541351223898186,56.12611357748847,38.197234052706754,44.82573857504147,50.07143354496234,21.283172486860646,45.22266111994342,27.757684476307304,59.49239758043576,38.238574385869,47.71834589389997,27.259951049134415,41.08000255311893,34.02352686511894,39.52511665402505,48.617568332631855,57.04407596838519,56.95920130919436,46.999189814821186,46.65503715919326,35.27649812265172,45.30716113897072,44.34521115353249,43.320734567407705,53.74904414979761,44.43515779096363,41.793985056210225,45.52847860254514,41.21153423694208,0.1,52.008503196724845,1058.4486462264313,0.1,43.85261160939258
k__Bacteria;p__Firmicutes;c__Clostridia;o__Clostridiales;f__Clostridiaceae;g__,17.28029906944096,10.254157548565011,0.1,0.1,21.637414902634134,16.86661594332388,0.1,0.1,0.1,0.1,0.8622533582388557,0.1,10.264710814949733,0.1,0.1,0.1,0.1,0.1,0.1,0.1,0.1,0.1,0.1,0.1,0.1,5.737110781946428,0.1,5.400466438487864,0.1,1.5106298075078315,0.1,17.95402738926046,0.1,0.1,0.1,0.1,0.1,0.18701808367514583,0.1,0.1,0.1,0.1,3.8516779387935696,0.1,2.31428616067932,0.1,0.1,0.1,0.1,0.1,5.7065122839436375,0.17388725422221438,0.1,0.1,0.1,0.1,0.1,0.1,0.1,0.1,0.1,0.1,0.1,0.1,8.205856202739714,65.10977409805355,75.52548430737819,2.1802965792642337
k__Bacteria;p__Proteobacteria;c__Epsilonproteobacteria;o__Campylobacterales;f__Campylobacteraceae;g__Campylobacter,253.8229083422506,155.6513047075435,13.76675003475302,34.02134375034299,287.55547327450716,241.80573690672685,12.2409603262705,36.454711544832854,39.25734484625726,37.91051639896414,36.24343894660106,1.6725091874770834,155.45932689177732,23.82825330886848,52.86521045367489,36.49282209978279,13.658820416564833,34.16501814723976,10.734774067321307,6.147531182785014,21.590616314137055,46.7008429931981,9.341235643212729,2.7161411386351846,34.690815748756314,110.37370282095497,11.11481788068224,105.13894910442832,6.534117800552342,59.7919220173735,33.39472534398136,250.22816216542333,2.881347097007664,11.080645575786194,2.6850748874732324,31.929739808470668,21.20460200469321,49.72541098163906,31.481319020362996,0.1,45.260289318631656,0.1,102.71219691810522,19.618074245067216,74.48669584327297,6.587911607884972,18.81463772071337,0.7791088242271256,11.882118798037009,23.59623901249473,118.99989060020631,62.53551900407421,21.481900554543618,25.230214505410355,12.829000756099289,25.458300969230542,11.991581460205259,8.130842439792163,35.6235314667408,17.98288336463698,6.962774749445376,29.297755554306704,11.913968460017607,0.1,139.09465154763046,1792.5724151161874,0.1,68.99748841595049
k__Bacteria;p__Firmicutes;c__Clostridia;o__Clostridiales;f__Peptostreptococcaceae;g__,5.512415505442257,5.218497287905141,22.849638103061626,26.24684155562094,0.1,3.081506771831488,23.229458770412528,25.657536161654825,25.72191914109514,24.246832426005987,9.399297207444471,17.56940107411209,5.087586112485519,23.22421545844355,21.1745544309625,26.83791224007467,15.80557383738078,25.159197834275417,23.126326770197583,17.700527516401777,25.064394595010885,19.930617658180957,24.182334515774002,19.42828072456293,25.270505921622615,11.931718202204456,17.702560102691955,11.7121323583648,20.020226121244427,15.033406004062057,25.793673516859304,0.5066683258605886,20.58411051790405,19.715818472501553,17.342527131010538,27.070569642545017,18.4965158432613,18.23927073900642,23.732144976429595,12.467964833317792,19.085414770718533,16.348763369464535,19.082526449207442,18.741165247997614,16.40822078609418,14.392887247390368,20.449374173015986,19.002815632156207,20.543525218265525,24.015987613967454,15.434030966991246,23.266952818544123,23.402011926206008,22.68555271511791,18.024854839135326,21.89659592141154,23.235771209040827,23.199140593424964,25.2197984242937,22.45010398328569,22.504565622378447,21.48504995324044,21.48636750701754,43.82295710551351,9.800892252793263,344.36232636295455,0.1,15.002892155144176
k__Bacteria;p__Firmicutes;c__Erysipelotrichi;o__Erysipelotrichales;f__Erysipelotrichaceae;g__,17.501721821631925,12.098358524003258,17.705405818943596,21.299434653205395,11.612981299188363,15.060755914785519,17.90704453991182,20.990073413778774,21.185934960003557,20.018745881629233,8.898311397213055,13.143190247419353,11.990946248408282,18.515135601718306,18.525742587390518,21.869158809796968,12.465648565384257,20.49885461193034,17.75086304700352,13.476973006720081,19.764289946198762,17.275868254689048,18.461924112248155,14.579541324385293,20.60933172342654,14.695230974732747,13.740832357190786,14.255593390934493,15.221031227957262,14.328429579970727,20.92961531805536,13.592368458876084,15.447100315179542,15.234969151180712,13.028091717039585,21.80103289023813,14.863672826203313,16.178864994626284,19.29674954274444,9.070178398859245,16.571761089203264,11.86146579276372,19.603958259541635,14.96166531071461,16.126088670417843,11.042506210577335,16.18850766366224,14.161096540202884,15.89232262988936,19.091204044024053,17.753202286339846,20.59122965165559,18.52332291148054,18.188930018623143,14.070847047707447,17.614746067010834,17.898563930834687,17.667439403436454,20.62091548849011,17.631210588693694,17.089647007958277,17.511731068130327,16.59457905378407,12.416491694675841,14.628838669782066,350.55207538180844,0.1,14.791951742216385
k__Bacteria;p__Actinobacteria;c__Actinobacteria;o__Actinomycetales;f__Actinomycetaceae;g__Actinomyces,26.909252235843304,15.47535135020124,0.1,0.1,36.6572459195586,26.846624034935562,0.1,0.1,0.1,0.1,0.1,0.1,15.52575359072595,0.1,0.1,0.1,0.1,0.1,0.1,0.1,0.1,0.1,0.1,0.1,0.1,6.378536747585849,0.1,5.8826894604691695,0.1,0.1,0.1,29.27907800618915,0.1,0.1,0.1,0.1,0.1,0.1,0.1,0.1,0.1,0.1,1.4813965276853587,0.1,0.1,0.1,0.1,0.1,0.1,0.1,5.442432388312165,0.1,0.1,0.1,0.1,0.1,0.1,0.1,0.1,0.1,0.1,0.1,0.1,0.1,10.961181859489104,19.53059661968319,272.6423357615811,0.1
k__Bacteria;p__Fusobacteria;c__Fusobacteriia;o__Fusobacteriales;f__Fusobacteriaceae;g__Fusobacterium,96.77641196332951,64.56727579730645,69.30487274664664,85.42783137728576,78.23445193778481,86.03081129543793,69.89614621483476,84.53155811831313,85.61012209478756,80.98965823160981,38.28192873616519,50.44102278367567,64.13406453325645,73.58438675201238,77.0420505587279,87.8966382090585,49.26146330733142,82.38425675597901,69.12184032931815,52.243645641790245,78.09636443284508,71.53855929756632,71.67611302820835,56.05476692012644,82.86846881159622,69.16634124651085,53.836893592572025,66.86964681867958,58.956380150050954,61.811577339430784,83.94033299589009,81.40857808599426,59.39074029633369,59.54470506631917,50.120180852176105,87.09921356184982,59.316705069484264,67.70083683208235,77.47298989155709,34.24131697479535,68.67734973916951,44.70623176304642,87.02995948202299,59.504608709259074,70.41302905318238,42.98891440426465,64.10007039222432,54.22717006605324,62.15197516736466,75.75929542300364,81.87159317167067,86.07607640914111,73.33956294915,72.50234284715903,55.30021184059913,70.33417603264945,69.83437897709685,68.496491015676,83.02251505384474,69.5173981425153,66.15022809762667,70.39220016344336,64.84033113431155,2.5775860289371164,72.29246138284638,1551.0542111566024,0.1,64.66687000492801
k__Bacteria;p__Actinobacteria;c__Coriobacteriia;o__Coriobacteriales;f__Coriobacteriaceae;g__Eggerthella,43.27588016612757,26.81166008729653,5.7047620186756,9.598414022005201,47.38110914471473,40.903914787746366,5.506105875919578,9.917683916799449,10.396046263355906,9.951145380427812,7.461646645995451,2.8956675471443223,26.76005789250058,7.4434483956449435,11.995076185290394,10.09980531744935,4.63791433570896,9.460505461273875,5.23882154080059,3.663695803568445,7.343160347451762,10.778796240876499,5.162964030654473,3.346998098528597,9.56502457603389,20.23793670765721,4.494840774239709,19.3296628128676,4.073738723577263,12.239298058861747,9.426131597045558,41.92930403075425,3.546723122139192,4.788880298429572,3.031252731486312,9.371211849292157,6.300698992011145,11.03286829999172,8.799147620748895,1.2417215718410497,10.41200240440104,1.5271625657675092,20.021139940319795,6.071757899435834,14.90188426101677,3.244878472502309,6.191709127727041,2.9596568681000157,5.046174730476118,7.522528476581648,22.202238633389623,13.92409766562747,7.077463063352054,7.597742538746584,4.829546483094944,7.518424658451488,5.465333928580963,4.814121911370003,9.713483358630274,6.350477450836035,4.515331930002487,8.099347293283174,5.191882364169217,0.1,24.724623345620998,351.1030207112918,0.1,13.774503748558178
k__Bacteria;p__Proteobacteria;c__Gammaproteobacteria;o__Pasteurellales;f__Pasteurellaceae;g__Haemophilus,2233.261917180337,1355.765828700263,0.1,108.76464968811575,2612.654110799281,2143.740477911394,0.1,134.97221997567618,159.60492788110793,158.5568219689761,254.54573763494187,0.1,1355.0236104435664,40.00912920344744,315.5154645203362,126.49502977578595,4.308602603836545,118.1779595439788,0.1,0.1,6.210071555443092,269.57161686597595,0.1,0.1,122.05791242642869,899.889156215128,0.1,854.6223397436446,0.1,423.4650901780326,106.53533063045941,2238.448628004222,0.1,0.1,0.1,83.8681507609284,51.820269210478806,309.3102345591291,104.7916140642693,0.1,262.97774645350495,0.1,777.8119623190587,35.77598157328293,544.8700436779874,0.1,15.814407800416122,0.1,0.1,32.014708420308324,951.0202615117419,386.5362730326667,17.655697669347994,56.59615910073604,0.1,64.53434972055396,0.1,0.1,130.79459220594035,0.1,0.1,102.01346764980556,0.1,0.1,1173.1702065976124,13490.047387808683,148.4799845614192,506.18191389088645
k__Bacteria;p__Actinobacteria;c__Actinobacteria;o__Actinomycetales;f__Actinomycetaceae;g__Varibaculum,77.80350802562401,46.92595711884096,0.1,0.1,92.8668058722056,75.04701055416088,0.1,0.5505742188414507,1.408153812446035,1.6130396372629465,7.430083984820812,0.1,46.92126046199751,0.1,7.648424780603614,0.1,0.1,0.1,0.1,0.1,0.1,6.233148254053224,0.1,0.1,0.15888259308269168,29.758862923861166,0.1,28.199515945733964,0.1,12.459685128830335,0.1,78.80694180029916,0.1,0.1,0.1,0.1,0.1,7.910940633724557,0.1,0.1,6.13932122141308,0.1,24.28417969582343,0.1,16.512993506557578,0.1,0.1,0.1,0.1,0.1,30.986718675067653,9.808396632402378,0.1,0.1,0.1,0.1,0.1,0.1,0.47510374341244566,0.1,0.1,0.1,0.1,0.1,39.739476568904756,418.9774567725425,101.75237882570586,15.379889846382733
k__Bacteria;p__Firmicutes;c__Erysipelotrichi;o__Erysipelotrichales;f__Erysipelotrichaceae;g__Coprobacillus,37.73351249439225,25.70934330088121,33.57721270808856,40.72324577355003,27.29036428807766,32.91301163949044,33.92778986141962,40.18712616203686,40.608684795297755,38.386875406190875,17.429642557170354,24.763625302464316,25.503591499082845,35.29117728324152,35.86023983801063,41.84205235725764,23.71533859071594,39.21948347166504,33.60541500780906,25.476340755997906,37.59943956916461,33.391736723153585,34.91709080661522,27.486192574325678,39.43731517653106,29.739746803966884,26.066787869447356,28.81347375517081,28.76550619519272,28.09299774146006,40.01549423310082,30.309168159927328,29.121832568777965,28.877710726839066,24.566188513586198,41.6275673378653,28.37047849680527,31.384663663410134,36.90669057400851,16.99817909938704,32.03955225507968,22.21758616697001,38.83178652280884,28.524872342875145,31.753600595482727,20.903647884843785,30.818270810186444,26.662160272339374,30.12983183646059,36.37079776512157,35.65716299277575,39.92980879876955,35.262212953277135,34.70385668370821,26.720204002862264,33.62770803615445,33.90711572894015,33.39919222468546,39.476750858501795,33.517326105308946,32.28985148705385,33.50646709552086,31.45189441990001,16.151310275548244,30.157941247325017,693.5444278734747,0.1,29.13930523512109
k__Bacteria;p__Actinobacteria;c__Coriobacteriia;o__Coriobacteriales;f__Coriobacteriaceae;g__Adlercreutzia,1.9920253037048288,1.7626232109422504,6.74587839434797,7.775332814122015,0.1,1.2589912457896495,6.855458688983441,7.605411189865168,7.628441632757691,7.192286337134319,2.8194553211558833,5.174026118036081,1.7238097992534616,6.870780359800466,6.309720787250789,7.952912951678191,4.672285508170501,7.455391609423963,6.822909336952184,5.219136771021924,7.409184301066248,5.93459316258431,7.131719272933553,5.72271041176393,7.488920676446697,3.672773982230303,5.226964844287249,3.600519337110575,5.902507821597223,4.512141928718163,7.6410297766385264,0.5133405461725001,6.06317190519669,5.819522132833702,5.10871904149989,8.014754703033894,5.47535292122378,5.4411436724195354,7.03142939924001,3.664624397007287,5.683709140870138,4.804401815572929,5.766478950616247,5.5450568547462,4.9382096027125,4.2461665528733175,6.046702521599428,5.594654518671325,6.064325959183674,7.1035025420878,4.7162426688298416,6.939697773343656,6.919700075762889,6.714264321335007,5.324327963890959,6.482365130111561,6.856953803687103,6.8405522803708,7.475352360475229,6.634411137900495,6.634402514264501,6.366813912025928,6.341900015399533,12.34420487576504,3.0873633932053153,103.97285745194581,0.1,4.516558610556326
k__Bacteria;p__Actinobacteria;c__Coriobacteriia;o__Coriobacteriales;f__Coriobacteriaceae;g__,6.34325607060104,3.6415431915306216,0.1,0.1,8.679775853383866,6.33607851099036,0.1,0.1,0.1,0.1,0.1,0.1,3.6538674609730872,0.1,0.1,0.1,0.1,0.1,0.1,0.1,0.1,0.1,0.1,0.1,0.1,1.4702664016054603,0.1,1.3537516675011414,0.1,0.1,0.1,6.919115860810314,0.1,0.1,0.1,0.1,0.1,0.1,0.1,0.1,0.1,0.1,0.29029529338923754,0.1,0.1,0.1,0.1,0.1,0.1,0.1,1.2380121662857697,0.1,0.1,0.1,0.1,0.1,0.1,0.1,0.1,0.1,0.1,0.1,0.1,0.1,2.5601522485052586,3.5361707795095954,66.29150473738572,0.1
k__Bacteria;p__Firmicutes;c__Bacilli;o__Lactobacillales;f__Carnobacteriaceae;g__Granulicatella,74.7022866016079,46.64657666037565,14.320769269721698,21.628574807451447,79.595661598245,70.17739045867567,14.059768083459952,22.052313474936987,22.878754188471294,21.823967179406456,14.588563555327795,8.476428961768452,46.532360333731305,17.353026251427277,24.678314998824455,22.60067127336786,11.082353362858173,21.17414846118655,13.584416005332328,9.80892230334453,17.55457872222533,22.358589357054193,13.668950962418862,9.619752366311186,21.374382631441716,36.82582762863944,11.222638435282589,35.23696962774542,10.975216812401868,23.851853324592106,21.243989458388235,71.40036066240837,10.193080645840546,12.129714691317139,8.66110822800056,21.408791423442608,14.45391512092626,22.448630044707137,19.761003686938196,4.63249325400559,21.56398095986404,5.902566149371865,37.90307769971641,14.114084731780588,28.657387396618535,8.427945053628184,14.663454556059463,8.875075790501363,12.734589113700046,17.647593368370497,40.87415857028659,28.38156834192575,16.7666438036379,17.50647492089907,11.85695079494483,17.212072710434846,13.991714556563805,12.8769663536179,21.616573541834182,15.337978109205755,12.228450921968863,18.116677028622295,13.172998304756096,0.1,44.02427679130307,666.6569475078453,0.1,26.45619561487413
k__Bacteria;p__Firmicutes;c__Erysipelotrichi;o__Erysipelotrichales;f__Erysipelotrichaceae;g__Holdemania,5.425601890736638,3.7922065894663017,5.999942954670273,7.181145093283242,3.3494550728752954,4.619703180599535,6.071813019494411,7.07068503114534,7.131482590462785,6.7368739252222465,2.9537396280046555,4.4718954429074795,3.7560352689229437,6.254500181278221,6.19702959138224,7.369943971114952,4.215969873996245,6.908235762770374,6.021799776463426,4.576138776308942,6.68455931433342,5.7843998233602765,6.266856047949647,4.9587948002841316,6.944748470453178,4.7717191291950165,4.655536818941714,4.633029138062263,5.169198269226592,4.753223133666818,7.056535338789635,4.10198217208686,5.253861502181099,5.164380183702859,4.430572972304585,7.356345218884221,5.016652493750295,5.4044945625884,6.504550037119126,3.0962345548721744,5.547673258844979,4.05037843899637,6.4593163915771195,5.0533575423681665,5.334435537685428,3.7462472767883184,5.4728021784030245,4.82038409590793,5.386530932912632,6.4511464550499245,5.794848874706109,6.880010138186236,6.262223866405876,6.140474094199268,4.764304804962063,5.9444777747094815,6.0694498660491245,5.998870679549787,6.946730812345713,5.965809495094592,5.804582603712713,5.901323223309244,5.625590659755561,5.030366546855673,4.688694116370475,115.59631070779032,0.1,4.891693073827771
k__Bacteria;p__Firmicutes;c__Clostridia;o__Clostridiales;f__Christensenellaceae;g__,3.7318290867312016,2.7739054017210103,6.157952472549589,7.236763738371266,1.3080819178462184,2.9820773970374597,6.244580036465995,7.102950235215354,7.145084650360649,6.743442639908039,2.8073138134006745,4.65501243449419,2.7376107774277227,6.347098102066627,6.066163322433933,7.415025012853015,4.296672844013522,6.950809298540097,6.203837335635314,4.7297698004785405,6.813017934918253,5.682368488632879,6.470229346895217,5.155294016199953,6.984920167391289,4.140840206022701,4.7748480656741785,4.035908548099075,5.345860296980513,4.506419846308257,7.111464839844577,2.3775954604471456,5.4620258685002065,5.306235878497619,4.604175486090439,7.435552007790186,5.07500359915869,5.2628110842656115,6.5498651882326255,3.2597933664969365,5.446236082369047,4.269024040446823,5.9606423069435746,5.1253882870648955,5.001270909668106,3.8601828744518825,5.569315685434159,5.025560934821996,5.532017007639902,6.554121793877049,5.1431389964998635,6.705471429154013,6.373013850594384,6.217410556464931,4.875335947933314,6.011095170779178,6.244010958028295,6.199717848719413,6.979892126781555,6.090242863900372,6.0058091001585545,5.936835612881829,5.781303831639313,8.153118480295745,3.8356364296576304,107.01876868270786,0.1,4.5809072051437
k__Bacteria;p__Firmicutes;c__Clostridia;o__Clostridiales;f__[Tissierellaceae];g__1-68,69.0660750666597,41.25589927750034,0.1,0.1,84.84482753163827,67.09159012863745,0.1,0.1,0.1,0.1,4.720560153495042,0.1,41.27932537214419,0.1,2.4291693560074625,0.1,0.1,0.1,0.1,0.1,0.1,1.4145221747660242,0.1,0.1,0.1,24.340936035809907,0.1,22.979763091216853,0.1,8.069974791333626,0.1,71.02971753149617,0.1,0.1,0.1,0.1,0.1,3.2864524001888897,0.1,0.1,1.5084450277808272,0.1,17.887904813890852,0.1,11.4382399198583,0.1,0.1,0.1,0.1,0.1,24.7091381796571,3.9367253706308554,0.1,0.1,0.1,0.1,0.1,0.1,0.1,0.1,0.1,0.1,0.1,0.1,33.800463348482566,305.4245228830843,216.27073664677795,10.712409343408696
k__Bacteria;p__Actinobacteria;c__Actinobacteria;o__Actinomycetales;f__Actinomycetaceae;g__Mobiluncus,52.91998345659253,33.469728069806706,15.355840586326217,21.21613266777073,53.831900849095895,49.21308337241914,15.266367314157828,21.367930395085946,21.95420336399381,20.87288654008157,12.324748999300386,10.056215823743246,33.35952930116981,17.53998987089515,22.10997351601416,22.028954817050217,11.434560113025325,20.64216604330043,14.913349848612304,11.0080124391822,18.119216138348996,20.210147627845675,15.224243066072413,11.290458434806887,20.807095915111972,28.29105253404312,11.985047843859528,27.14101620811483,12.368307940584067,20.07068685157941,20.84211773839624,49.44220888096396,11.962862460905901,13.093011647425966,10.129539065310707,21.261272842730076,14.406949955348205,19.867931362492776,19.324792508729743,6.181158466405073,19.459163623393405,7.986411172568127,30.74499278800133,14.23070357745427,23.718922729507543,9.263196938726677,15.018635781601924,10.674328105564856,13.708750100310954,17.932785845190022,31.92493735157212,25.16836900974599,17.177448274067835,17.517189035521753,12.500273351381756,17.12518014696396,15.220867488358106,14.442076820638942,20.96226903119862,15.962964025927656,13.828025353874562,17.651647902660024,14.237029506551847,0.1,32.75401236625095,542.8446258089492,0.1,21.862386221873848
k__Bacteria;p__Firmicutes;c__Bacilli;o__Lactobacillales;f__Lactobacillaceae;g__Lactobacillus,46.67700414872855,27.34802330404593,0.1,0.1,60.55250808552455,45.972974138606645,0.1,0.1,0.1,0.1,0.6883639398450615,0.1,27.400675376021077,0.1,0.1,0.1,0.1,0.1,0.1,0.1,0.1,0.1,0.1,0.1,0.1,13.680430234344698,0.1,12.791272276307208,0.1,1.4638008819413708,0.1,49.43564250641777,0.1,0.1,0.1,0.1,0.1,0.1,0.1,0.1,0.1,0.1,7.1935400410974895,0.1,3.433492030281647,0.1,0.1,0.1,0.1,0.1,12.966234605600826,0.1,0.1,0.1,0.1,0.1,0.1,0.1,0.1,0.1,0.1,0.1,0.1,0.1,20.873709345532433,117.68385857851582,314.2092963011617,3.3165848624175984
k__Bacteria;p__Cyanobacteria;c__Chloroplast;o__Streptophyta;f__;g__,71.6064323135115,43.18863947300036,0.1,0.1,85.46782411092063,69.06907679381212,0.1,0.5114649883062843,1.3007387483547148,1.4890294943904643,6.839918415548842,0.1,43.18429272517058,0.1,7.043046040920632,0.1,0.1,0.1,0.1,0.1,0.1,5.740284977587844,0.1,0.1,0.15090519955482473,27.39037856867504,0.1,25.955213899636174,0.1,11.469887495403372,0.1,72.52900208911866,0.1,0.1,0.1,0.1,0.1,7.284105399887035,0.1,0.1,5.6537760111475945,0.1,22.353151770287596,0.1,15.200549905739303,0.1,0.1,0.1,0.1,0.1,28.52106766339111,9.031334547543535,0.1,0.1,0.1,0.1,0.1,0.1,0.4419256890752775,0.1,0.1,0.1,0.1,0.1,36.57550741353527,385.664034598853,93.53740379999027,14.157452954837627
k__Bacteria;p__Firmicutes;c__Clostridia;o__Clostridiales;f__Ruminococcaceae;g__Anaerotruncus,12.101795563520884,7.669044368028845,3.6974896920389995,5.062006469931344,12.21919627105518,11.236209713696665,3.680433140687823,5.091426029164357,5.2255245169315785,4.966328866735822,2.889432182229408,2.444202784300437,7.642799181795452,4.198249727345154,5.221222907869597,5.25231358832533,2.742717582033816,4.921759287006516,3.5991242172531774,2.6621403904366305,4.346278241879385,4.777617797482389,3.6791744758829417,2.741587808147876,4.960299071195514,6.548227423169988,2.884697288234777,6.284362944286247,2.992267795190826,4.7030109743519946,4.9728527676324115,11.265872326476385,2.9048525607149545,3.154670357558531,2.4589188584279764,5.079494189626522,3.44327904067117,4.6848750101441565,4.609217267949507,1.516953435988187,4.59917233432204,1.962085477771703,7.169717628239835,3.4052756924532708,5.545995951883423,2.2357882298630396,3.599686603179194,2.59752989157693,3.302157914295327,4.294643366367004,7.406555479717635,5.936137662624001,4.117229118380242,4.188344047413484,3.004869581340616,4.092154312117834,3.6701248790315812,3.4924194656034775,4.995199213823303,3.8322788384350144,3.346480819097847,4.20846745075361,3.430732176118976,0.1,7.546113767433438,126.6561450463813,0.1,5.110838961973766
k__Bacteria;p__Actinobacteria;c__Coriobacteriia;o__Coriobacteriales;f__Coriobacteriaceae;g__Atopobium,19.221329878459056,11.97418562273858,3.338262617440738,5.173155643493522,20.65032124611098,18.090394939854534,3.2647592614848397,5.292054518559422,5.504648445742407,5.255464989907476,3.6213714318361165,1.9115892639984622,11.946744846277538,4.116081463957527,6.04211048007285,5.415023081467001,2.6132152599986136,5.072991764301134,3.1435306464220902,2.2539259171899366,4.13891575637832,5.462290880678169,3.1485883661559844,2.1775543998170277,5.12297809796775,9.32897125984801,2.619309846309772,8.921776364022714,2.518500586781043,5.926144868339374,5.080954673528662,18.44745284019193,2.3073676524550475,2.821755045990332,1.9629328049241832,5.103247143654916,3.4419021271399237,5.5124606075381335,4.730416428295641,0.9991356235820479,5.270341673840696,1.2657099797776232,9.493704684161202,3.3501725756989598,7.146413063068373,1.949570631363637,3.465009040677143,1.9918367913998178,2.96494018841431,4.179630052054187,10.319686349220715,6.96605087142477,3.9616864337225834,4.164310661685422,2.7781412296877246,4.100759928136637,3.247068457075005,2.9595117104645414,5.186385776087367,3.6075434289326913,2.8029291901495634,4.341125824521635,3.063266622153957,0.1,11.223505576336425,166.84086493153396,0.1,6.5997984842064845
k__Bacteria;p__Firmicutes;c__Clostridia;o__Clostridiales;f__Veillonellaceae;g__Veillonella,2.559968561907074,1.9046687833202531,4.246560649431433,4.989532392815972,0.8863813479153596,2.043505002482609,4.3063942538258395,4.897103276367834,4.9260102175957865,4.649060228225917,1.9342894622572455,3.2106054122811183,1.8796459003403554,4.3764656278688925,4.181097150372856,5.112348233143037,2.962787867879635,4.792293379039607,4.278375799954809,3.2619212237698054,4.697947362545484,3.9167222661011682,4.462190889784222,3.555606687024043,4.815791672917568,2.849977745386287,3.2927393779023024,2.777891698611584,3.686835472572601,3.1049151051008494,4.903144615100529,1.6261122455730754,3.767159471287837,3.65925489944953,3.175485909410178,5.126757669422313,3.4992095598086084,3.6271746972463736,4.515898397070238,2.2485767837330624,3.753934230559951,2.9447688433790993,4.105570270718033,3.534048743800687,3.445418780953616,2.662117554361732,3.840282649335247,3.466232712264261,3.8149385634966193,4.519268674132617,3.5408171919728497,4.621513840147886,4.394469729412803,4.2869391224143465,3.3619543640309235,4.14462483187402,4.306015481616796,4.275677914993112,4.812272305658463,4.1996271040360424,4.141997754298846,4.093194346294369,3.9868771862781456,5.644455856057073,2.637887642793396,73.71521024535664,0.1,3.155784089179805
k__Bacteria;p__Proteobacteria;c__Betaproteobacteria;o__Neisseriales;f__Neisseriaceae;g__Neisseria,2300.832696782111,1396.8136202951189,0.1,112.43028425811436,2691.54154654123,2208.570765431809,0.1,139.42136971925777,164.7994298186376,163.6983679519022,262.373951057638,0.1,1396.0470828443902,41.55330030030461,325.3561225554565,130.70502035058382,4.666841131190646,122.11238154782842,0.1,0.1,6.759352149855103,278.00586271323624,0.1,0.1,126.11119606625977,927.2567832204725,0.1,880.6187934833973,0.1,436.47948731794673,110.12705520652491,2306.1039364279095,0.1,0.1,0.1,86.7932739917741,53.65317695728621,318.92101715240574,108.30090003179534,0.1,271.2005255821873,0.1,801.5934684331679,37.12754561174143,561.5732459719407,0.1,16.587359017056034,0.1,0.1,33.3287036624088,979.9836462636639,398.5534331655773,18.526892369726422,58.633834322611776,0.1,66.80054208687119,0.1,0.1,135.1111748693856,0.1,0.1,105.406376391353,0.1,0.1,1208.7658993873868,13902.697310617761,144.47320526055194,521.6956501206864
k__Bacteria;p__Tenericutes;c__Mollicutes;o__Mycoplasmatales;f__Mycoplasmataceae;g__Mycoplasma,7.2878130161828,4.9616124005493,6.437658046000656,7.811618164460429,5.2940771425712105,6.361348416626802,6.504499951292741,7.709422642229895,7.790834663283221,7.364756394074582,3.3482372276074517,4.745959705949621,4.9221401695119535,6.768363337571933,6.883906621571272,8.026573511167749,4.547750285916768,7.523476275505729,6.442384849641573,4.8835415022285416,7.210207782686865,6.409476225309088,6.693436786827909,5.267933108899125,7.565338063433365,5.7238590165385395,4.9978024017102545,5.5451822102529675,5.513948266752917,5.396976879145734,7.675847883543062,5.864242686633309,5.5814164704411215,5.536466930310869,4.708350183303695,7.98445059068837,5.4415263696337615,6.025526187891163,7.079663512552948,3.2566304642430985,6.150027875655865,4.256462593268104,7.464502553878802,5.470759042350185,6.101762565620815,4.007350373745786,5.910075648957563,5.109586400495054,5.776596746834813,6.9752049160700755,6.859773358238082,7.665941522877457,6.762288255508981,6.656125340598879,5.123403207320855,6.449948210255068,6.500482311826016,6.402283205040968,7.573103828811188,6.427124111068292,6.189433207331851,6.427572414704922,6.029957783660709,3.009896377886267,5.810419999138435,133.30832793484726,0.1,5.59954414443417
Unassigned;p__;c__;o__;f__;g__,5.223614200708707,3.3477851162314867,2.0563110612636875,2.7056585703667277,5.048613689691831,4.805698245405561,2.0573784992857127,2.705248920941304,2.7632029233772593,2.621809851432392,1.4229943180333813,1.4129186135165206,3.333869463953009,2.2756447085772358,2.662487850511552,2.7987725633709903,1.5004505012345646,2.622856494214302,2.0208448333090567,1.507681931395263,2.3780953713398874,2.448350553672362,2.0775718381793724,1.5787645360456015,2.641530833000009,3.021106128131618,1.6015856851267976,2.9050500314345076,1.6973587730346549,2.3103766201226774,2.658203546203549,4.762207606766397,1.6727568601236256,1.7592286801528043,1.4141905681159141,2.730949033582348,1.854425736852432,2.3724526582163588,2.4600101996065966,0.910915653764862,2.3547118714123676,1.183046192820868,3.4387323544824864,1.843719374330393,2.695791987041299,1.2559371424802035,1.9628607865059085,1.5087571163317364,1.8394308726373938,2.33351737550697,3.4592632727126533,3.0094985763905573,2.2453425665565807,2.2597517458014478,1.6592758945710544,2.202026303258946,2.0531684567411603,1.9774275708595777,2.6551465275788155,2.1044665726852245,1.9007740966341948,2.242128629424149,1.9141607987535143,0.1,3.3956040666188922,60.90461207961863,0.1,2.4817074173697984
