,2012-01-20,2012-01-20.1,2012-01-25,2012-01-27,2012-01-27.1,2012-01-31,2012-02-01,2012-02-02,2012-02-04,2012-02-07,2012-02-08,2012-02-08.1,2012-02-09,2012-02-12,2012-02-13,2012-02-14,2012-02-14.1,2012-02-14.2,2012-02-15,2012-02-16,2012-02-17,2012-02-18,2012-02-18.1,2012-02-19,2012-02-19.1,2012-02-21,2012-02-21.1,2012-02-21.2,2012-02-22,2012-02-28,2012-02-28.1,2012-02-29,2012-03-04,2012-03-05,2012-03-08,2012-03-08.1,2012-03-11,2012-03-11.1,2012-03-13,2012-03-19,2012-03-20,2012-03-31,2012-04-06,2012-04-09,2012-04-11,2012-04-13,2012-04-14,2012-04-21
k__Bacteria;p__Bacteroidetes;c__Bacteroidia;o__Bacteroidales;f__Bacteroidaceae;g__Bacteroides,8731.34468195077,10839.193240261457,8583.720518394644,7661.0913865717275,8745.561490827908,8387.693051008759,7058.242478154027,7217.695102332266,7233.288605254237,9813.730391684963,9788.950573460364,8709.81947555667,9269.3294704369,9021.400080080903,2047.2112412722845,8291.48682513744,922.1096759486347,8503.113832257364,10154.184410610958,17575.260031733385,6109.89581475583,6708.351843036368,2677.584467247784,7692.6147187057595,6928.2728569707215,10155.057561449335,310.8048569731679,9223.243237003206,10162.426978753638,4351.819404819888,4978.688048459109,9871.011205904635,9155.187186386318,9616.259683682707,7332.37585611553,726.6021026051837,350.3198810593678,7157.7194911094775,0.1,1883.0798624491217,2640.3224854761697,4897.3978218165275,8492.96891335068,6996.725751849525,7965.360905709615,6954.547172207195,7694.438470389528,7317.080396681883
k__Bacteria;p__Firmicutes;c__Clostridia;o__Clostridiales;f__Ruminococcaceae;g__,3501.8565417118025,4354.591731559801,3441.7813867760997,3078.3771482340044,3514.402669298824,3369.9848984192295,2838.4703902517867,2902.1373547086387,2907.4212818052506,3943.362980845771,3932.96052340661,3500.8377863511246,3649.382028059195,3625.2962928077222,887.424723331155,3331.1512022041998,455.58827758569817,3416.301101266616,4074.240118757205,2472.9100753207463,2457.9805569546143,2694.1820018997187,1128.130129927463,3090.97596422198,2786.5375428054135,4083.8820144935466,215.92883979720932,3706.38684124035,4085.499361794281,1762.4839104881669,2011.7757128475016,3965.860241873391,3678.3918906313284,3864.2071023409594,2963.853497711959,375.8765522295293,257.9453119989931,2880.406108121804,0.1,842.0039794342512,1107.5361914347734,0.1,3415.7947946106065,2813.4178094023364,3200.1180572829794,2796.0817309105223,3091.7882753882936,2942.00144118177
k__Bacteria;p__Firmicutes;c__Clostridia;o__Clostridiales;f__;g__,3155.640096912705,3924.2486680830093,3101.4830554519817,2774.170166813134,3167.1138700196943,3036.952371574089,2558.0282243627607,2615.393677076014,2620.131382529843,3553.6779296592113,3544.2925331531674,3154.9090066757767,3286.9047741862946,3267.0503011237092,801.3172482803276,3001.951926794518,412.6514039498774,3078.690058201295,3671.476542649281,2116.074449752197,2215.1526915074305,2427.9079367756663,1017.927458772928,2785.522297217747,2511.234553924975,3680.3933049695597,196.82166663324472,3340.127092324009,3681.8178935201636,1588.653341452282,1813.246360658661,3573.93927279621,3314.8827219848245,3482.348978710883,2671.3941473053696,340.78858301239666,235.32659252787994,2595.867957559177,0.1,760.8881230499974,999.2308697223464,0.1,3078.321273610176,2535.443170090454,2883.867813085775,2519.8107470538635,2786.256283341798,2651.316634899839
k__Bacteria;p__Firmicutes;c__Clostridia;o__Clostridiales;f__Ruminococcaceae;g__Faecalibacterium,2555.801872683008,3178.4575908732854,2511.9217926369975,2246.9593606215917,2565.232279428712,2459.794597918148,2071.9403737700504,2118.3958281083987,2122.213462708846,2878.32762267388,2870.71691290746,2555.3628553709877,2660.7429879464653,2646.1776496758152,650.3335061461092,2431.442197412837,335.9371928115224,2493.599094624219,2973.62058153088,1621.830902285929,1794.2373646381795,1966.4743346588423,825.5258413307911,2256.1527392017338,2034.045349176716,2981.0292379545012,161.24423083177842,2705.3664487358324,2982.1561248560065,1287.0190586944009,1468.8777073268006,2894.728023696339,2684.9065684252896,2820.5580664741174,2164.067595659186,277.70823880677113,192.95614475751734,2102.6283546582667,0.1,617.9996623031769,810.2695893292135,0.1,2493.372042746424,2053.6407423580163,2335.7993222084906,2040.9713627130282,2256.748831919574,2147.490467358984
k__Bacteria;p__Proteobacteria;c__Gammaproteobacteria;o__Enterobacteriales;f__Enterobacteriaceae;g__,1698.4457333153769,2104.7144146425912,1670.1732260652545,1487.3099300323145,1697.7118891900045,1628.5525647220409,1369.0827925028227,1400.2453046841836,1403.774600654835,1905.2125073986742,1900.6295453602938,1690.3655285500165,1837.987319037824,1751.2339139924504,364.30296077576367,1609.965327198025,135.52361417650172,1650.9919082534882,1974.3364425255088,5758.3944440945415,1184.6788148038524,1303.0451011155585,493.11997444407245,1493.464515873834,1343.7016938799982,1969.7556017661013,13.791199617236263,1790.4265246109276,1971.873363575745,837.7792877601604,960.805857963322,1916.598404678939,1777.5459152046224,1866.7778834880128,1414.5152217767068,98.15761775194525,8.098376023399771,1387.3909660102165,0.1,321.9419248441624,488.76009857108625,3013.5909439123234,1647.1970509996863,1357.3107937623122,1546.646401021517,1349.3206478375398,1493.7779327744593,1419.5760186961816
k__Bacteria;p__Actinobacteria;c__Actinobacteria;o__Actinomycetales;f__Corynebacteriaceae;g__Corynebacterium,0.1,0.1,0.1,68.66536146413637,117.80596023050926,22.178579833457736,411.0012470850426,352.09510811031754,205.6861048979329,89.92283441495674,23.215383842052145,236.43845479384373,0.1,128.67476054315702,9692.50228045383,0.1,12705.113223770151,13.93872759976979,0.1,0.1,488.25033783022155,0.1,7818.852872248437,58.816470980981016,453.3453006834022,595.5434494049314,13591.429196439583,128.39415758757792,395.03226752368784,2104.3333327658693,1722.4269064514215,12.927124564104593,30.961833399014033,116.77083715863034,2686.7951243095927,12531.275691370984,17493.17106938068,705.0202668693422,7248.075653133615,12755.367261328822,6979.488969274626,0.1,546.7167799173128,360.6050827000694,0.1,302.3304951162713,70.69761247032031,342.4066509288634
k__Bacteria;p__Firmicutes;c__Clostridia;o__Clostridiales;f__Lachnospiraceae;g__,1654.4006872898053,2055.6075582872677,1626.2146393806738,1453.035195711361,1658.785672585502,1590.757818233707,1339.2719958995897,1369.4145727973823,1372.1294882568552,1861.3171212811108,1856.5072075556855,1652.2036188823085,1739.4744193522408,1711.1162938905288,404.2985674958871,1572.467411089683,195.91115390550615,1612.6336609080108,1924.4252650317796,2199.4144820602787,1159.5464911666434,1271.997103689457,520.746615288544,1458.997272235363,1314.6934344530885,1926.8866861112456,81.44486643641883,1749.395266478589,1927.9523411916648,828.8037846533466,947.0568033679251,1872.052926259877,1736.3271747934095,1823.911363991322,1395.0288575557377,158.54546469608078,95.39828618735626,1358.6245083350716,0.1,378.241786640743,512.2903169716059,0.1,1611.5917085893004,1327.5219526455583,1510.6156158080125,1319.4263347403273,1459.3628151677153,1388.24689652534
k__Bacteria;p__Bacteroidetes;c__Bacteroidia;o__Bacteroidales;f__Prevotellaceae;g__Prevotella,1133.8938059781626,1411.6128620626212,1114.2519458435986,998.0315843596511,1139.4517360326254,1092.4954301617881,920.7602453560371,941.3133610430826,942.8123071971276,1278.4689616784533,1274.999261745152,1135.2277218175273,1166.7506843169165,1175.4165000901423,301.8454403696306,1079.8668553078605,166.2578473042436,1107.4979179202453,1319.6082386249018,0.1,797.5280559914512,873.1749577947736,377.1377574049041,1002.1014050985738,903.9868261539935,1324.7605772092365,89.8616776658064,1201.7035743418871,1324.9918447469283,574.4276187127679,654.6835193747773,1285.6494743679498,1192.4859349531976,1252.847884667365,964.7321829864566,140.16328899428544,109.18450784369797,934.7844251116533,0.1,291.59739009919423,369.2350483012686,0.1,1108.1124096060832,912.5651876245042,1037.3873107964512,906.8601089925916,1002.3820992083027,954.2221204431257
k__Bacteria;p__Firmicutes;c__Clostridia;o__Clostridiales;f__Ruminococcaceae;g__Ruminococcus,905.7229884399904,1125.8130852467896,890.2396888555163,795.83141414701,908.5374772142624,871.2410261863589,733.6637380599174,750.1484909690901,751.5761433028943,1019.4493540198843,1016.788041508177,904.9806132973791,948.1710560151811,937.2025023230636,225.35098280180182,861.2126784034739,112.44002830874707,883.2187322857617,1053.6559865338752,927.3891065209896,635.2622859273213,696.5938469949708,288.36927119130723,799.0927594127199,720.2196015520634,1055.5653944402025,50.107471297471676,958.1671561852867,1056.0678747041336,454.7740605329804,519.3847199228235,1025.2980130630074,950.9705380096864,998.973699677632,765.1220405039736,91.90508642480273,59.32885263895554,744.3818038058962,0.1,212.31987633527405,283.3981426461583,0.1,882.8637264406934,727.2080324487297,827.3369223444585,722.7506068764509,799.2977704708098,760.4587251449105
k__Bacteria;p__Bacteroidetes;c__Bacteroidia;o__Bacteroidales;f__[Paraprevotellaceae];g__[Prevotella],791.8971336000972,985.5832193318889,778.211335497746,696.801285371969,795.5277272646596,762.7666172211627,642.7671517232719,657.1316131440735,658.2140347641609,892.5953344146026,890.1891588104222,792.5494886919194,817.3465851963738,820.6353909106023,208.3716382547004,753.9560939467743,112.9673460819306,773.2432594462948,921.5343395057798,28.720720098650858,556.7084434104777,609.6793624718699,261.39919027473206,699.6452163265664,631.0457033619734,924.791918431509,59.41097936913328,838.9888961841455,925.0025109190242,400.54548037799174,456.67310680319355,897.6275772756416,832.5770799908463,874.7003146318264,672.9104793606684,94.79091119125707,71.94614546302728,652.486696285384,0.1,200.4661556339933,256.08721430789785,0.1,773.5417675838928,637.057770922605,724.2975233380301,633.0888048417521,699.8382840708681,666.1467849504198
k__Bacteria;p__Bacteroidetes;c__Bacteroidia;o__Bacteroidales;f__Rikenellaceae;g__,727.5559521633004,904.4888507172229,715.1021922728661,639.3891383748664,729.9446925255216,699.9683173839875,589.4856817346799,602.7223656592424,603.8510525636,819.0491451711171,816.9026738738003,727.10189834018,760.3787187949127,752.9758782654121,182.26159470629,691.9080268015252,91.92425322527772,709.5903206031498,846.420991914634,659.4502212558988,510.4384275537656,559.6339261844099,232.6569763356206,642.0081110285827,578.6897948513223,848.128427543624,41.95634560103964,769.819098847294,848.5070554081522,365.6340775775868,417.4953087691567,823.7384012303763,764.0250666284512,802.6021145435387,615.044214186703,75.40449763421286,49.85276732074382,598.1334675277424,0.1,172.17521079519028,228.55816219089942,0.1,709.371720323426,584.2927887505941,664.6916694638107,580.7043529658552,642.174304938204,611.004520705869
k__Bacteria;p__Firmicutes;c__Clostridia;o__Clostridiales;f__Lachnospiraceae;g__Coprococcus,599.2103167335928,745.2194469548463,588.919413047252,526.8229643602492,601.4463207014246,576.7231004517598,485.79645006575157,496.6869381939615,497.5784378553287,674.8538603192281,673.0678241892911,599.1352411661414,623.5642408277824,620.4250090164363,152.71406611326816,570.0749425733802,79.07451634877543,584.6486890373756,697.1746578239572,363.5014316324785,420.6881920219625,461.0553506130378,193.7437633620465,528.9781996684574,476.91263206559324,698.9456130504856,38.1377490107999,634.3023867198565,699.2049174814566,301.80550412991096,344.43467506216297,678.6972089206253,629.5029870626174,661.3098877003356,507.45223773499254,65.41792415317138,45.66836053423897,492.99873557385536,0.1,145.2080109876168,190.14625479689084,0.1,584.6084877845852,481.50469222602163,547.6505158298394,478.5328084649,529.1182499990949,503.50821985533486
k__Bacteria;p__Proteobacteria;c__Betaproteobacteria;o__Burkholderiales;f__Alcaligenaceae;g__Sutterella,661.1836384100735,822.8010186076584,649.7684663896827,581.7076458938565,664.1235013944014,636.7819337546629,536.5675184173717,548.564726524454,549.4814421105536,745.1613816949906,743.1585794102854,661.6265724666376,683.3441535857407,685.0832756355001,173.09041095171793,629.4290291091809,93.17462164493021,645.5289322167413,769.3993390672829,85.12298587628452,464.7158392444525,508.9942186208431,217.5269379697669,584.0827370617308,526.7782676916065,771.9950558417748,48.384779354395064,700.405440727035,772.1887690605215,334.2013070646955,381.09268780253757,749.3693466522876,695.0613347216216,730.2196039622725,561.5290071608898,78.01582776666265,58.50118833218365,544.6554773707871,0.1,166.2171625062694,213.16726250646238,0.1,645.7305661797865,531.8056299492712,604.6691490166381,528.4974032465227,584.2428558332391,556.0917683530713
k__Bacteria;p__Firmicutes;c__Bacilli;o__Bacillales;f__Staphylococcaceae;g__Staphylococcus,0.1,0.1,0.1,0.1,0.1,0.1,0.1,0.1,0.1,0.1,0.1,0.1,0.1,0.1,1182.330774270945,0.1,1640.3435275991762,0.1,0.1,0.1,0.1,0.1,901.0413378668197,0.1,0.1,0.1,1789.496781032709,0.1,0.1,55.88922777463653,0.1,0.1,0.1,0.1,0.1,1627.2986442336176,2305.7688738666934,0.1,986.1852460237304,1597.6331997658958,791.4561768292205,0.1,0.1,0.1,0.1,0.1,0.1,0.1
k__Bacteria;p__Verrucomicrobia;c__Verrucomicrobiae;o__Verrucomicrobiales;f__Verrucomicrobiaceae;g__Akkermansia,710.4830312159836,882.419186340648,698.4213263855319,623.7222650626736,712.0286227540614,682.8578502902014,574.7740835312616,587.732844377526,588.9466098702204,798.9785742733658,796.9358424745201,709.1639790831717,750.3835514378255,734.4890190662878,170.35368502427553,675.0152845438541,79.90461830594484,692.2512211742742,826.359916050793,1170.2150941835355,497.59775088181885,546.0780889967324,220.95991184488943,626.2848590946215,564.2092570698419,826.9587283077342,30.47504251888858,750.9211398167827,827.4823755104342,355.08620826312875,405.9747990343622,803.6125550238337,745.3435599848926,782.9125284910623,597.9575625981048,63.92202318944332,35.17678274862468,582.9844813725853,0.1,158.1571636407162,217.6069658132557,169.55578823996268,691.6280603988916,569.7467751645477,648.4645821004373,566.2908040988859,626.437853617382,595.8202010215552
k__Bacteria;p__Bacteroidetes;c__Bacteroidia;o__Bacteroidales;f__Porphyromonadaceae;g__Parabacteroides,601.3123326675242,746.5050836603289,591.1422981343486,527.6285749874437,602.3183751596969,577.6691067396529,486.11882166715264,497.09892353614475,498.16899983364846,675.8834632767217,674.1750930461419,599.8599184150676,638.0936252217829,621.3159320109726,141.24917249861252,571.0425745549177,63.84183511206126,585.6180299953063,699.3076093910362,1192.3548934548828,420.8073093966573,462.0068784600853,184.61414522567682,529.7993574340192,477.1688056645512,699.4043369856386,21.76406912312932,635.2170577701521,699.906584963835,299.7695327889066,342.9325043209694,679.8264165818707,630.5274008768215,662.2841733344172,505.0587037805488,50.37245263992874,24.588462660433127,492.97765793739273,0.1,130.02610604893928,182.02572817076742,321.39948379303434,584.9333981011386,481.8807755030751,548.5819323622504,478.97435828822705,529.9252744828162,503.9434290970179
k__Bacteria;p__Firmicutes;c__Clostridia;o__Clostridiales;f__Lachnospiraceae;g__Lachnospira,496.3686576841069,614.7968152701766,488.14189413184727,434.42644836597725,495.87155841367473,475.69652060291884,399.79723576690384,408.9161800144199,409.98767358601594,556.4905314125905,555.170330888838,493.69279342434345,539.9676083301943,511.50241027335517,103.72692906729266,470.27468653952997,36.06511612003052,482.253370675289,576.925969912359,1871.8486934224518,345.9111434040082,380.661278251773,141.8739019539391,436.22694206515973,392.37164175828093,575.2035216539782,0.26122925164724564,522.9507089044318,575.8776997196459,244.133329336495,280.17543143528485,559.8377105003556,519.2152691904719,545.2562780331475,412.43732448701763,25.198635409466654,0.1,405.06358629734007,0.1,90.50425754250216,140.83302609740184,1047.1756746595356,480.99721450564476,396.372585669665,451.77950152014427,394.05480420135734,436.31519846354246,414.565396217921
k__Bacteria;p__Firmicutes;c__Clostridia;o__Clostridiales;f__Lachnospiraceae;g__Blautia,417.1725925643294,518.8225426216749,410.0082827405204,366.77451791360636,418.72727266728833,401.51513306799325,338.21113861748694,345.79322403543955,346.41417802922234,469.83372777792886,468.5904203261302,417.11806102190076,434.1481785103177,431.9402321157277,106.30041026167964,396.8867331419334,55.02649559863822,407.0329518446725,485.3752402588747,254.4315070843927,292.8825531766927,320.98746419403005,134.86904990099268,368.27501438818,332.0261317991504,486.6054239860061,26.524516746308993,441.6016763763801,486.7863506116465,210.1130986430038,239.79232770081376,472.50962384362134,438.2605234223439,460.40434763975065,353.2833943681251,45.51910858090555,31.759578772395702,343.2247921824624,0.1,101.06859825697862,132.36612969732607,0.1,407.00390449066424,335.2233128735412,381.2748283253324,333.15440039532865,368.37249394244435,350.54222614940187
k__Bacteria;p__Bacteroidetes;c__Bacteroidia;o__Bacteroidales;f__[Barnesiellaceae];g__,418.78808883275235,520.6906769627288,411.612694281579,368.08421181612914,420.2174225534533,402.9556819512427,339.37420961491176,346.99111267663216,347.63309153894704,471.51117784156315,470.27196322536406,418.58719868829905,437.13924804562595,433.47648581833397,105.43844630341114,398.31412880065346,53.59351880457652,408.49439422478343,487.2216618058681,343.2467297161102,293.87275823429246,322.15981938625094,134.35028254437162,369.5913665579082,333.16153333140517,488.27826621946497,24.8753141302343,443.1726977553836,488.4855802639249,210.59832253509262,240.433264990764,474.20657634923924,439.8320399022404,462.0444541565638,354.20853416160696,44.07426720539698,29.628379714537182,344.3681472297673,0.1,99.794686488994,131.94610288161078,0.1,408.3968566649705,336.3821117184438,382.64627211013647,334.31324171426587,369.6876715112334,351.7584304282389
k__Bacteria;p__Firmicutes;c__Clostridia;o__Clostridiales;f__[Tissierellaceae];g__WAL_1855D,41.46969688183238,217.84716599505393,21.112616195926158,166.92638284969112,196.53699934429858,174.71667381056594,206.5531528124651,200.8728213663277,178.97687004294662,214.12785755133478,203.50016951041033,213.80683293193448,0.1,203.82119825486075,1512.457201255097,168.63137705467457,1946.5734070257636,175.82437052756677,87.38688148194224,0.1,198.90038850659596,115.23936136138198,1241.0478641723632,166.07600705646865,210.32283955793523,297.81817706352956,2068.565053900619,207.90206096923285,267.54534035276043,408.1916375836653,363.0515614734083,203.6155513025807,191.72842794207943,214.16736755597407,557.4576138475835,1916.2031813189292,2661.3801795934532,253.19660937164394,1090.4585324056861,1973.8299942755539,1112.9306923258255,0.1,256.45506790147056,197.64986646103776,161.7669199159019,187.94625137282213,167.91597952940944,201.43313479300537
k__Bacteria;p__Firmicutes;c__Clostridia;o__Clostridiales;f__Christensenellaceae;g__,400.8982986194258,498.0811846276192,394.0727390817692,352.0727144566453,401.92499544434816,385.4449824456357,324.49550939579615,331.80122047371754,332.46419139362797,450.9999985980998,449.83688201132713,400.3259792277581,421.87135225336976,414.604492688936,97.62269752253633,381.01411059730253,47.024028055080805,390.7458590020218,466.3222291804125,556.9583186058546,280.9447277078407,308.2140528208776,125.90419038469125,353.5176905086651,318.5385584806521,466.8699716528967,19.25737195301897,423.8796213146783,467.13522013342623,200.7479855504299,229.41447694534932,453.6040209579122,420.7165997868734,441.9355204956989,337.9257096701994,37.976301507148335,22.501401548822383,329.17436730007694,0.1,91.20156603808564,123.88465890465025,4.634589076530293,390.47469308628683,321.6502045592598,366.02726742632444,319.69065528424125,353.60584578165384,336.364693390411
k__Bacteria;p__Proteobacteria;c__Gammaproteobacteria;o__Pseudomonadales;f__Moraxellaceae;g__Acinetobacter,556.6865919393357,649.4558864289261,552.1919850148289,455.7918261557732,518.8153087660668,501.03235795637136,406.7257191048904,418.5025479504691,424.9931853750577,583.7871942734017,584.8366824855364,512.1734744171414,977.6326148980551,534.907426193432,0.1,496.3066118051385,0.1,508.2512943707797,637.6060922339018,27046.751542108457,347.0494437667055,406.84670464095774,0.1,458.0518706196175,397.34168168967017,585.0172837745404,0.1,546.995281954722,593.0695257300903,180.510012976555,232.51540752316217,590.1372842167908,546.6216537396465,570.9524781348294,336.740477073607,0.1,0.1,401.5170835235648,0.1,0.1,0.1,23150.37962088837,487.4203110057759,404.957901590718,476.8435485374235,404.6462349912498,457.7099923751577,424.8169957058422
k__Bacteria;p__Firmicutes;c__Clostridia;o__Clostridiales;f__Veillonellaceae;g__Phascolarctobacterium,370.49647388587573,460.6751095479146,364.14533734687507,325.6603652807226,371.7858791334011,356.51140642938714,300.2678166064667,307.0053596247991,307.56978188412506,417.16681960920374,416.06881442702854,370.3464415844813,386.48331681344825,383.51696247492305,93.52137621711873,352.40417975528294,47.72540537353245,361.41152429601476,431.0450706783785,287.023603298029,260.0127580245586,285.02406788856695,119.05524111864256,326.99356522403235,294.77224576050037,432.01362834378256,22.338833790462473,392.09557875198857,432.1921691892416,186.3758800270042,212.76274525581414,419.5496723476035,389.1375959412586,408.7918870280224,313.44769797131136,39.2991169139275,26.63898233428481,304.6933041983338,0.1,88.60263265165152,116.9077477094537,0.1,361.33819056719585,297.61936292065735,338.5421733966501,295.78753388307786,327.0790590829239,311.2229589340175
k__Bacteria;p__Bacteroidetes;c__Bacteroidia;o__Bacteroidales;f__[Paraprevotellaceae];g__Paraprevotella,415.91549743578537,501.7244872403592,410.6081739312523,353.47996713444303,402.9921950105607,387.71071013552125,321.0351019032998,329.1954637502818,331.8660239405486,452.77580391762757,452.51762697479944,399.75938895548063,577.1505917524511,415.60750008097943,0.1,383.62181273544985,0.1,393.1596573582738,480.2560695334419,9930.297284736642,276.1371101456622,312.23469410220383,19.76573588365262,355.0693273159972,314.45909306026255,461.83364884858605,0.1,424.94829109402724,464.844062436276,173.29454571182674,207.3773626432514,456.4506398291485,423.0972570832986,443.2835719387445,303.41737378311745,0.1,0.1,321.72237384891747,0.1,0.1,29.216933192512734,8243.312029570418,385.5972064203802,318.8603528500763,368.5532952473051,317.68505605164285,354.99551222403903,333.9219120203598
k__Bacteria;p__Firmicutes;c__Clostridia;o__Clostridiales;f__Ruminococcaceae;g__Oscillospira,342.2452999240839,425.59763301756874,336.37254207181564,300.8672899616162,343.4829853572598,329.3671757136177,277.42375365974254,283.6456086904782,284.16038729334434,385.40729231509215,384.3898526555593,342.15855125542436,356.54846871163437,354.32134379220935,86.84195693509074,325.5714419904158,44.67015215358712,333.89381698935904,398.18870569762095,233.98122851428062,240.23728554486084,263.31542085313265,110.34630980865312,302.0985297905911,272.348551152975,399.1466729441561,21.25691198457807,362.2467603225515,399.3024877026745,172.280815182337,196.64115735054506,387.60520498860114,359.5095648592541,377.6712606823944,289.7037468251803,36.87753524973159,25.407336233969346,281.52566921222234,0.1,82.43722302866294,108.32410270665221,0.1,333.8503309636307,274.97466151085314,312.7648461228593,273.27965634843963,302.178055131607,287.541633283897
k__Bacteria;p__Firmicutes;c__Clostridia;o__Clostridiales;f__Veillonellaceae;g__Dialister,303.24451110700926,376.8066287002919,298.0754565668589,266.35284039044996,304.06934239908315,291.5973933577916,245.50631579477496,251.03044452343238,251.52508855267482,341.1941860804658,340.3111201140487,302.8652523990672,318.6279504775563,313.66213217086323,74.31057917577925,288.24407506306653,36.17383840046803,295.6072170780743,352.74417797101944,389.0478099591155,212.56297761759674,233.1629241129456,95.61768098615,267.4455272760794,241.00176817871156,353.22396722850294,15.209649245628098,320.6789274306711,353.41517486815343,151.96886851786402,173.6375921423663,343.1605459908885,318.2814466804095,334.33800502954796,255.7738594873181,29.320864187201018,17.84785752705227,249.05982784110876,0.1,69.59734357756216,94.05027610286052,0.1,295.42720530341376,243.35141229423053,276.9061847405176,241.86622784994876,267.51277880603834,254.4823402528904
k__Bacteria;p__Firmicutes;c__Clostridia;o__Clostridiales;f__[Tissierellaceae];g__Anaerococcus,0.1,0.1,0.1,8.741251115421285,16.71282160969365,0.5164815313489136,67.45742402871814,57.332325229089726,32.315300514887745,11.532845995160393,0.14692905192749744,36.9926664711374,0.1,18.461918504911516,1654.9642915033294,0.1,2170.045314024919,0.1,0.1,0.1,81.02380482501103,0.1,1334.64422904393,7.0464743549969215,74.74173195936483,97.77447898582551,2321.692500005755,18.33523876672756,63.51842771944364,357.78393613216775,292.29858638983825,0.1,1.7174977306517412,16.196309091978556,456.12265460588986,2140.4250503561225,2988.2087499323493,117.64566606473748,1238.360705828186,2178.255273141395,1191.2708539240762,0.1,90.08188161118218,58.87228406245622,0.1,48.933734572817826,9.075409434459518,55.63848036031474
k__Bacteria;p__Firmicutes;c__Clostridia;o__Clostridiales;f__Lachnospiraceae;g__[Ruminococcus],277.32341259842485,344.9943697044848,272.54931500322954,243.89661841015803,278.4474936491292,266.993638621319,224.93339902140312,229.96997246067463,230.36992472247996,312.42879631540126,311.59614227603333,277.38793086137247,287.7051201441953,287.2345507696688,71.5433779508301,263.91353269973007,37.71487739518925,270.66204052268375,322.6853031244249,108.57914404764811,194.7985200733278,213.43124365954944,90.37457007533335,244.8935175398066,220.82436178211094,323.6260593716583,18.840630508452808,293.65900407094983,323.7286226633579,139.90313545025595,159.60484868237933,314.201346997063,291.42864655285223,306.16100775611335,235.15726630485875,31.377456161788928,22.667053795899093,228.29330169391537,0.1,68.3355014141667,88.63594131532318,0.1,270.68987740925695,222.9421529381448,253.53211589330675,221.56125055500135,244.95938909775333,233.1270134977171
k__Bacteria;p__Proteobacteria;c__Alphaproteobacteria;o__RF32;f__;g__,298.7309015402854,369.34396595974914,293.85784764119353,260.9334938348536,297.81600681920344,285.7539363971241,239.92371232710516,245.4373644512769,246.16949844983,334.2487634562097,333.4959736882779,296.43547738231575,331.10945176164205,307.1994333558921,56.45677106619989,282.5132574508607,13.98995887075128,289.69784075729854,347.0573707543698,1538.2038208660335,207.50580600655428,228.7632021322142,80.50491267443208,262.0210626656145,235.43731993068178,345.1848401637406,0.1,314.07699140459147,345.71097802546024,145.38802451589095,167.27048350652026,336.30604537557736,311.8918459772892,327.4837394917568,246.1421638075825,7.5671097927459385,0.1,242.90976388922977,0.1,46.6630717783129,80.38671162104895,992.8553671731744,288.62135452531965,237.89685277418897,271.4033653195467,236.5396870794969,262.06690352104,248.8368969404711
k__Bacteria;p__Actinobacteria;c__Actinobacteria;o__Bifidobacteriales;f__Bifidobacteriaceae;g__Bifidobacterium,252.83091938859855,314.2991572580609,248.5051823334394,222.1788102610832,253.64498471836592,243.2300610838784,204.83260383188457,209.4331127315567,209.8276129564163,284.6081267512694,283.86330011328084,252.65528870107624,264.3969895980593,261.6478690061262,63.18171307775807,240.42963462278848,31.743363486031583,246.5737184206613,294.13332236249767,239.887196304907,177.3634410188103,194.46818138290104,80.7228649536684,223.08902555847365,201.080501636421,294.70489387708386,14.366232748594935,267.5006860624263,294.8396059813995,127.02036814157194,145.04749760225283,286.2387928615053,265.4888584194603,278.8925643299296,213.67820119800217,26.005676328250168,17.04897197071387,207.83299381913054,0.1,59.62879950796234,79.31173662293904,0.1,246.48940474467344,203.0289272821787,230.97230499387314,201.7829034547784,223.14658963504277,212.31121196556242
k__Bacteria;p__Actinobacteria;c__Actinobacteria;o__Actinomycetales;f__Actinomycetaceae;g__Varibaculum,219.61863849779763,273.2143539299578,215.8372659276908,193.15157590127419,220.51400809434358,211.442770057792,178.13559783910176,182.12395812348066,182.43995442942898,247.4249835180947,246.76523453724974,219.6754998620075,227.7884514515723,227.47287579252355,56.70707246139308,209.00337674380424,29.93222259816886,214.34787862231082,255.54304816867776,82.51993713622981,154.27100512219326,169.02378393768726,71.61073792930854,193.9410092580568,174.88170570910236,256.2950927193995,14.989460214249052,232.56064907483193,256.3753011303737,110.80539706756446,126.40601675940714,248.82834548561948,230.79384868940838,242.4614136905047,186.24380175471936,24.912491608849407,18.039513469545224,180.79792458892902,0.1,54.182141465830135,70.22959931303294,0.1,214.37262189569626,176.5583973148693,200.78192183347645,175.46451183143537,193.99323567939794,184.62409277366626
k__Bacteria;p__Firmicutes;c__Clostridia;o__Clostridiales;f__[Tissierellaceae];g__Peptoniphilus,125.69549274462702,156.58447302497177,123.50596509209545,110.71558084467361,126.40756762184427,121.18986492416192,102.1761296177436,104.45051786090015,104.603078645262,141.82578930563892,141.43465593465226,125.95012013002763,128.38095685995026,130.39806704887056,34.39081955429782,119.78646535826665,19.632606372935722,122.85328159962967,146.30673257720153,0.1,88.51352647569507,96.845654908227,42.56731059451658,111.1661133797964,100.31946235229435,147.00816204869716,11.24118801105192,133.31400021208972,147.0150348703017,63.91692482912309,72.7837396015777,142.615093740789,132.28238440311625,138.98622201754202,107.26699158471747,16.721719548418854,13.750082366788805,103.75933645325973,0.1,33.540915689808806,41.61206284883757,0.1,122.97134888988309,101.26235193171746,115.07419092273307,100.62404346240297,111.1983629364927,105.88154679729048
k__Bacteria;p__Firmicutes;c__Erysipelotrichi;o__Erysipelotrichales;f__Erysipelotrichaceae;g__,196.52922889646513,244.29170386661616,193.16886038227682,172.68900137487563,197.14552391153384,189.05198966433088,159.20101706597194,162.77774585103535,163.08673407255827,221.21230238985098,220.6344557147476,196.37436314100142,205.68412646680255,203.36564916388264,48.95221172327531,186.87577537001238,24.46796254635582,191.65100465076753,228.63003411288898,197.49288851911504,137.8491637856014,151.15413541558402,62.61640272579458,173.39663164269513,156.2839855797376,229.05193829806635,10.947173437802071,207.91479862876443,229.159876396213,98.69359116524755,112.71146574458857,222.48099069997497,206.35266140674662,216.76940684407083,166.03963790885678,20.011105325547224,12.969458260336713,161.52835274598274,0.1,46.14131194937132,61.53312296736889,0.1,191.57688314436882,157.79990860978816,179.52501808633124,156.83236681381615,173.4411822256417,165.01492574155606
k__Bacteria;p__Actinobacteria;c__Actinobacteria;o__Actinomycetales;f__Brevibacteriaceae;g__Brevibacterium,0.1,0.1,0.1,1.0480943519794599,5.49713134102393,0.1,38.90292080470285,32.34233514414458,16.356436264936313,1.5568198194732785,0.1,18.469641370876843,0.1,6.450900621645775,1055.7012848941426,0.1,1385.314358688654,0.1,0.1,0.1,48.12813922842442,0.1,850.7615831366694,0.1,43.63183682648385,56.431455991514056,1482.5228977761167,6.250534594692532,34.55008775364433,225.9165304525214,183.72447536638356,0.1,0.1,4.651932437005954,286.9546783423793,1366.5136284125142,1908.1580378469905,70.89585515540104,791.1256529256245,1389.9887337803139,759.2208287563576,0.1,52.50245349575824,33.45658642392592,0.1,27.134475959644476,1.2417614694414352,31.201768928449173
k__Bacteria;p__Firmicutes;c__Bacilli;o__Lactobacillales;f__Streptococcaceae;g__Streptococcus,114.35443276320896,142.1958468371459,112.39324357482982,100.52165383536222,114.75949901984917,110.04408410638749,92.6861392567448,94.76540014231217,94.93860533604742,128.7669840507386,128.42760201435323,114.31601151443718,119.21811967151311,118.38059315883935,28.93427591439948,108.77612346384464,14.819362139582068,111.55654028124005,133.04466187501734,83.85083792447118,80.26119579343298,87.97702734743075,36.80280147324557,100.93310276336983,90.99012162815369,133.35323288959356,6.989461190245123,121.02854198429672,133.406953730076,57.54298885729847,65.68514374040063,129.501962803316,120.11483011528438,126.18209007589063,96.77012344751157,12.217225862734923,8.34381389376907,94.0541859437289,0.1,27.437232977372915,36.13412226155865,0.1,111.53759553121566,91.86829522203837,104.49734605221413,91.30246311571044,100.95957435840782,96.06717413076127
k__Bacteria;p__Firmicutes;c__Clostridia;o__Clostridiales;f__[Tissierellaceae];g__1-68,0.1,34.65601421985728,0.1,32.366859836956586,40.58365696684239,30.549425685839132,61.88592991747986,56.99590354940231,43.54810801387756,41.64248182437961,35.406989051474724,51.40163060007231,0.1,42.52329447566102,900.7301370659617,27.718625113756094,1174.7080161982665,30.181845297299795,0.1,0.1,65.78647741664268,9.54535921301949,730.0978598152827,31.565792996178956,65.34891304312693,89.4271341307702,1254.3602901864774,43.18335200310938,70.9624756355507,208.83550366589705,175.74914963326805,34.737149964022244,33.96756429242939,43.44713834763766,272.6749099536612,1158.0135642051432,1614.2852123862408,89.3363112598471,666.8208614590075,1182.607791313914,652.5711149071057,0.1,79.27633811485373,57.02970221224612,26.487538008097864,51.51270055281302,32.667584342639884,56.440249088282684
k__Bacteria;p__Bacteroidetes;c__Bacteroidia;o__Bacteroidales;f__Porphyromonadaceae;g__Porphyromonas,134.46905758025528,167.32959766554356,132.14849848243452,118.29878018002945,135.05894466299364,129.49935875756904,109.11615361543689,111.55643370188278,111.74400742656307,151.539478946606,151.13269971828677,134.55022721186023,139.05585923378524,139.3213564476957,35.12481116623904,128.00424339372975,18.849122804888037,131.27826169953207,156.47553840689997,22.668207849409846,94.50339034627085,103.51303266356116,44.176328689151916,118.78186903683397,107.12502564068092,156.99256951972333,9.7334767741331,142.43735975290772,157.03353267067618,67.94858358449142,77.4876643483078,152.3958365315672,141.3513146823565,148.50062551014753,114.17465848499027,15.767705664709379,11.76028389055473,110.75866610548715,0.1,33.70306893651581,43.29628685788737,0.1,131.3150993207372,108.14814360458125,122.96894624244074,107.47582000400685,118.81433874174812,113.08725077806885
k__Bacteria;p__Proteobacteria;c__Deltaproteobacteria;o__Desulfovibrionales;f__Desulfovibrionaceae;g__Desulfovibrio,177.81426148244802,221.21801139099023,174.7514945447659,156.39302462351822,178.54848772682988,171.2027526202662,144.23788257538283,147.46667318968642,147.72120284021392,200.3377130132123,199.80291722723038,177.87063468470046,184.33632151396145,184.1830940010904,46.002957601098146,169.22736013754013,24.35103628475833,173.5549077118561,206.90281188554266,60.60103879139065,124.91572301878725,136.8551277566842,58.05326569939259,157.03212950947326,141.6036312953383,207.52431710202646,12.260112380065385,188.30259748678696,207.58744131129623,89.7368319857418,102.36499192613404,201.4732988515752,186.8711572912823,196.31901658756294,150.82364491764147,20.285045758471547,14.765108367144821,146.39620312370016,0.1,43.986346601943865,56.92735835338714,0.1,173.57977670626846,142.96038583078155,162.57053942280936,142.07415170302005,157.0745244009561,149.49091285133596
k__Bacteria;p__Firmicutes;c__Clostridia;o__Clostridiales;f__[Tissierellaceae];g__ph2,102.35020559332972,127.56164822594538,100.56031388706523,90.19913552506893,102.98540566315758,98.72959254709556,83.26088805344102,85.11055660646744,85.22693302952229,115.54449006149986,115.22224647079389,102.61915018694538,103.98473640070378,106.23688838860765,28.540344533736114,97.58483396304374,16.680167797274315,100.08426455121156,119.14733307335707,0.1,72.13470041517073,78.88840589147036,35.10018639085036,90.56563382952645,81.75062495330432,119.79366790307122,9.891900754260702,108.61236395351537,119.78843590484318,52.18415737998998,59.38695697715776,116.18334482176978,107.76668602011134,113.23266172166258,87.53113519843556,14.299397945653947,12.146553921998303,84.56654350583833,0.1,28.013409472889204,34.27664549191663,0.1,100.20922815970363,82.51374873837479,93.74586601369452,81.99059728686412,90.5925479989699,86.27583363589247
k__Bacteria;p__Firmicutes;c__Clostridia;o__Clostridiales;f__Lachnospiraceae;g__Dorea,118.90286779926016,154.54358540853534,116.07303208911478,109.77072779892572,125.55875693824667,119.84645496866706,103.33267484646876,105.23568986387505,104.53206243233862,140.62689485298623,139.85125984282368,125.79911990695588,61.794815195589834,129.5641818286856,90.5311059765544,118.30166603244048,93.53160881627188,121.44157438794947,139.91164564975006,0.1,90.2868824203993,94.83009716279524,87.67500213169285,110.15831417981363,101.74566019701773,148.69671205630348,90.41405319348925,132.44304009174425,147.53346710907002,75.41946407206026,81.94999783358277,140.9573170826235,130.85541893637384,137.97850198700715,121.64150902362223,89.64171152537088,115.66012270883208,106.61231736733517,39.36383636459006,107.56413483529147,81.83345962347234,0.1,124.66710356660693,102.13592779292603,113.6388894111793,101.16532953949603,110.25950131771376,106.59279278423786
k__Bacteria;p__Bacteroidetes;c__Bacteroidia;o__Bacteroidales;f__[Odoribacteraceae];g__Butyricimonas,131.13570817026118,162.64709408322614,128.93583266766154,114.9468187840639,131.21292040971576,125.85580338509662,105.85528928238445,108.25576309696956,108.50928208014643,147.244697221138,146.88177281440392,130.66077587458366,140.5747966227433,135.35047516130055,29.42545211990975,124.41583569707875,12.141129314580358,127.5888113346397,152.47084235925755,355.0965770825598,91.61487849427971,100.67913763231763,39.13431669799466,115.42114592008078,103.89942288040933,152.2989029781604,2.850132452326101,138.37920354868066,152.43623718071117,65.01900348178917,74.47623322360856,148.11447937497914,137.37101162150802,144.2780332023447,109.66504093573141,9.230700571001893,2.9224403671339547,107.3087269165692,0.1,26.553945071309958,38.68719329418818,153.83327023718036,127.36549483903696,104.93894484675225,119.52243842464212,104.31382383818752,115.44692628643494,109.7483491265177
k__Bacteria;p__Actinobacteria;c__Coriobacteriia;o__Coriobacteriales;f__Coriobacteriaceae;g__Collinsella,108.58083066254423,135.0024924897855,106.72032241383592,95.4354049899793,108.95233084900869,104.4766933599192,87.9918998861238,89.96672637719514,90.13304559612536,122.25153759301588,121.9301797711042,108.52975883756937,113.32972203489112,112.3900953169199,27.346273996040072,103.27322657764992,13.906819793321402,105.91274030824309,126.32410179990379,88.38569424180305,76.19454157816699,83.52813034743781,34.84074601207501,95.82616503287309,86.38114072482796,126.59928884773733,6.461672451646125,114.90408857834747,126.65286179709256,54.604931443256895,62.340071137175066,122.95032073792126,114.0378499289988,119.79706875206217,91.84010867705945,11.438553003908234,7.697502398895782,89.28696911616086,0.1,25.88571118839846,34.21665277409736,0.1,105.88792566416555,87.21607630304005,99.21092866050661,86.67961639234056,95.85114516197807,91.20276807143918
k__Bacteria;p__Bacteroidetes;c__Bacteroidia;o__Bacteroidales;f__[Odoribacteraceae];g__Odoribacter,100.52464817694249,124.96408259220092,98.80476418709785,88.3373939062054,100.84821323830336,96.70729126399215,81.44057711671861,83.2697269505162,83.42659358459971,113.15903675827393,112.86290348764885,100.45470198513239,105.124315657962,104.03012671890328,25.119806344033293,95.59385574133586,12.61973780058087,98.03671680655258,116.94630607164532,95.44802758147694,70.51894063993282,77.31978103222811,32.09428883628158,88.69929285021102,79.94875206367023,117.17341917007496,5.710570150423874,106.35718325729353,117.22700061066499,50.50257262194124,57.67012570447431,113.80739089462118,105.55729861912694,110.8865494008386,84.95731892803546,10.338474204746174,6.776818533792721,82.63349011524123,0.1,23.706869826162816,31.53331549652926,0.1,98.00313969059238,80.72344771844394,91.8336596731164,80.228039602071,88.72217888366687,84.41404861256662
k__Bacteria;p__Firmicutes;c__Clostridia;o__Clostridiales;f__[Mogibacteriaceae];g__,19.04588214776704,55.70838135108917,14.935477873288967,41.87092588295585,48.950786611409185,44.292210502332985,48.74523328241719,47.85228909231396,43.65191161459359,53.6933823285266,51.61368479011954,52.23404249136757,0.1,50.70389782638226,294.0951548497526,42.9975706650381,376.34027835480254,44.65181642178176,29.696940557979335,0.1,46.06974259377494,30.70292859544152,242.58306233190797,41.74693478408482,49.307252472520226,70.25553593899726,399.0784813583826,51.74594124100442,64.43022782152651,84.18191486892877,76.27540719009063,51.739805417813585,48.54256120532828,53.45101441689007,116.72386037623217,370.23937314546674,513.3847678613381,57.860993369910446,209.5941940514858,382.8100936080208,217.84321968843253,0.1,60.1793366589701,46.951382293299616,41.261698479309544,45.02776051146368,42.103870734276626,48.08609535114718
k__Bacteria;p__Firmicutes;c__Clostridia;o__Clostridiales;f__Clostridiaceae;g__Clostridium,57.602965223619314,71.5612822645721,56.622872164573664,50.5832527013805,57.74547341478501,55.37819780973064,46.61945527422313,47.66938260839736,47.76535188681379,64.79639736755811,64.62961514873875,57.51515522460164,60.66645127446368,59.56713040442198,13.978295042602117,54.741731181870534,6.6938272042602325,56.13983475186334,67.00211889737834,83.37766986275967,40.36197463114852,44.282957739478235,18.050787615194388,50.79090604209551,45.763390500536154,67.07401621911413,2.7001436950240554,60.89972382221044,67.11310848798836,28.831888897836183,32.952382123276486,65.17090437720576,60.44575849571066,63.493938638775674,48.537864384735784,5.394759126489871,3.14709650905605,47.290242622630146,0.1,13.04073113821244,17.764749173340178,3.618013566327955,56.09826331124816,46.21090687775821,52.58852250995527,45.92965688482288,50.80351338707473,48.32508114368256
k__Bacteria;p__Firmicutes;c__Bacilli;o__Lactobacillales;f__Aerococcaceae;g__Facklamia,88.10786579588107,109.75095075785451,86.57414476032432,77.60048871218548,88.59867324522459,84.94233909571444,71.61236733287083,73.20697490245638,73.31509513027741,99.40560047722283,99.131995396542,88.27708226450788,90.07333876678352,91.39554385527627,24.025920162328553,83.95891069229704,13.657342540700254,86.10830225186429,102.55347374140972,0.1,62.035559864763286,67.8807212021509,29.772084270446584,77.9163490147866,70.31067684837222,103.03384017955085,7.768557785481324,93.43933675428903,103.04028668509407,44.782559596207406,51.000453093690744,99.95945314414851,92.71706432738057,97.41511688081897,75.16208264546272,11.618501492520735,9.495348300034149,72.71965495718717,0.1,23.405330502497808,29.109367350093592,0.1,86.1867268958395,70.9723059678042,80.65606724819493,70.52538622946986,77.93885632976983,74.21006822215404
k__Bacteria;p__Firmicutes;c__Clostridia;o__Clostridiales;f__Clostridiaceae;g__,63.26844482942294,78.72286052832587,62.17739475666616,55.655018838320615,63.53979203311681,60.92478028511234,51.33284255526517,52.48126542771406,52.5703984303458,71.29347519067227,71.10250354813371,63.29974026617089,65.48835958093647,65.54504176788451,16.4663306167084,60.22154519268276,8.790955399261497,61.76174171110524,73.62105146393282,14.809391736807951,44.457581484614145,48.70012767298568,20.73609287342492,55.88235484234154,50.39583026761578,73.8559031525931,4.49699870397691,67.01101392996776,73.87638846347244,31.954693337604226,36.444808340361824,71.69682746543295,66.50065745031574,69.86363854314884,53.698917885541064,7.342308657034137,5.426925423832667,52.103807644105615,0.1,15.77891285748059,20.327144204186958,0.1,61.775847913462066,50.87773275511866,57.8526222288407,50.56178074272743,55.89755879180816,53.201519906949876
k__Bacteria;p__Actinobacteria;c__Actinobacteria;o__Actinomycetales;f__Microbacteriaceae;g__Pseudoclavibacter,0.1,0.1,0.1,0.1,0.1,0.1,2.379519841436167,0.1,0.1,0.1,0.1,0.1,0.1,0.1,386.0722402430412,0.1,509.60582652482736,0.1,0.1,0.1,7.392565510009842,0.1,309.3815476838015,0.1,4.344966203880157,3.593206866526987,546.5121978768165,0.1,0.1,75.97794989325607,59.34583082196881,0.1,0.1,0.1,93.44359876887965,503.00020961270104,703.5012413839409,14.015888522607518,292.690453549854,509.7002060648257,275.6669352502161,0.1,4.963415818026379,0.47423670148394254,0.1,0.1,0.1,0.1
k__Bacteria;p__Firmicutes;c__Clostridia;o__Clostridiales;f__[Tissierellaceae];g__Finegoldia,0.1,12.66340465006045,0.1,11.228760271434561,13.870305727955335,10.879295571906944,19.62558251819044,18.24907092013448,14.360854690809685,14.436260391675452,12.625589856783185,16.992514782224646,0.1,14.498683095768063,261.1829212672406,10.036643601066109,340.20310653861196,10.800953729071312,0.1,0.1,20.524059725651664,4.392386881725788,211.9523922478774,11.004577522294117,20.59624819413169,28.348820678779926,363.10721647284834,14.738752425887663,23.006646907161645,61.49758168410706,52.07416669282753,12.451664644073727,12.055023345823725,14.910580583558476,80.6978482901072,335.32396910955936,467.28478144874,27.594325168685323,192.87807310347185,342.72289623144644,189.5058733014144,0.1,25.00721165147946,18.20516779368769,9.601114507237032,16.598212882310673,11.323896447356873,18.112401609171663
k__Bacteria;p__Cyanobacteria;c__4C0d-2;o__YS2;f__;g__,71.32308378035302,87.09817715980408,70.28770132634244,61.44822661642407,70.09468092560378,67.34592262127481,56.155203105412184,57.51355484104105,57.831509650834555,78.71156975595946,78.60032092018524,69.65143929189462,89.12379433862792,72.29608113573028,3.6875423512645704,66.60887284323854,0.1,68.28389837177005,82.60604323574748,1042.501661384399,48.435826552951454,54.07475734205329,11.21711719582566,61.71440417378537,55.05547541022536,80.78784023840846,0.1,73.91777892716814,81.11094144720018,32.18684515702677,37.72489126975476,79.27302346084566,73.49934771540683,77.09002712174959,55.36189413257782,0.1,0.1,56.56728657926225,0.1,0.1,12.022546214812042,831.868819515541,67.50118507519517,55.72739249148756,63.9909814444904,55.4652870679043,61.713416144234245,58.32463029188752
k__Bacteria;p__Cyanobacteria;c__Chloroplast;o__Streptophyta;f__;g__,0.1,23.651708563549306,0.1,19.073017013824174,22.86087429558798,19.419241715809093,27.169380254384123,25.90116589014722,21.895404674322794,24.486411509557733,22.589798110316618,26.05485720628205,0.1,23.779334660383398,272.09258728445707,18.454131525251455,352.7145576929085,19.4506309175554,0.9310349727181866,0.1,27.174957719361018,11.075423027086135,221.79539205432826,18.871881168273283,28.04660718295863,39.20631143288821,375.80520542359875,24.22416912803044,33.68895004578598,67.83503679393688,58.7004284715306,22.489852429966387,21.382548164664072,24.784611725156307,90.59342688201575,347.47846243602004,483.57753763105353,35.50702810978799,199.01964660942838,356.25622941558197,198.54633317226845,0.1,34.13196457918863,25.64056758837576,17.686129090007064,23.937679790085248,19.20387671255641,25.85661995762701
k__Bacteria;p__Tenericutes;c__Mollicutes;o__RF39;f__;g__,79.0783921857445,95.73146001849543,78.02935675945855,67.47278020242831,76.93629803503653,73.98992178935502,61.390366113940416,62.92881910390183,63.391922786180366,86.42714191390068,86.35669374031632,76.35708630112694,106.5931084964174,79.34699936702975,0.1,73.20105678935116,0.1,75.02707223318836,91.39111215475573,1677.4353442376864,52.84747083346722,59.534925829581425,6.254564675840007,67.77293408169696,60.148979764541885,88.31611749842085,0.1,81.12931810657406,88.82689183003698,33.73625953061655,40.118661633991906,87.1039234255783,80.74516460969095,84.62436169822321,58.751231479171196,0.1,0.1,61.6148767301236,0.1,0.1,7.791500838806026,1381.774353867126,73.7531901583622,60.95937767624769,70.3252624650008,60.71660272743145,67.76262154855867,63.827642440829045
k__Bacteria;p__Firmicutes;c__Clostridia;o__Clostridiales;f__Peptostreptococcaceae;g__,45.515547912158844,56.593300515950986,44.73539329175492,40.00687087005784,45.67329336642715,43.796907520301275,36.887211995493075,37.71494751161367,37.78438016290182,51.24829562145725,51.113450147181325,45.496384191862376,47.486096537603096,47.11443336327181,11.482734168369051,43.29235800125116,5.854826137755515,44.3988853663028,52.953785913038075,35.70093958883273,31.94188532364587,35.014895846735364,14.620738536346725,40.17065893165757,36.212061656570455,53.07187983200936,2.7355516332066254,48.16830441394238,53.09394229808799,22.894659542415255,26.136494251833188,51.54107523478966,47.804983083345036,50.21942973550797,38.50487789963869,4.819780342829176,3.261309058757184,37.43068776031469,0.1,10.876503339002237,14.357461918377803,0.1,44.389533719856374,36.56188562456563,41.58943099258164,36.33688550376061,40.18115408887217,38.23307985045221
k__Bacteria;p__Firmicutes;c__Clostridia;o__Clostridiales;f__[Tissierellaceae];g__Gallicola,0.1,0.1,0.1,0.1,1.0156615796705066,0.1,9.681710723309081,7.987598706797164,3.876590141536736,0.1,0.1,4.352783043910714,0.1,1.2483494431010833,271.3491358230917,0.1,356.1505244877757,0.1,0.1,0.1,12.096834155771617,0.1,218.62630484433163,0.1,10.903522330680602,14.047804945734761,381.17261777917355,1.1876511075911647,8.421325489958463,57.88980143228023,47.01285594034923,0.1,0.1,0.7587429819387019,73.44838859003062,351.3253668136232,490.6102616385087,17.903219686022954,203.43514962011156,357.30869477245164,195.09101202691895,0.1,13.11317312121291,8.284145396736179,0.1,6.660520717358715,0.1,7.689815755645306
k__Bacteria;p__Firmicutes;c__Clostridia;o__Clostridiales;f__[Mogibacteriaceae];g__Mogibacterium,0.1,19.398898296142715,0.1,15.257008043125614,18.130592119671306,15.74426523802701,20.35365959627424,19.578594340861837,16.955791748749366,19.57953286264304,18.32619836594358,20.213533571192155,0.1,18.831975108741762,179.26660277976413,15.076570952191435,231.76406656333947,15.806175280681831,4.245512261861703,0.1,20.01786581115613,9.668353029080171,146.48968586875014,15.136316095899584,20.882731276377804,29.360185149402906,246.69620592522043,19.196101899092756,25.742600867377305,46.06772672351642,40.2984273180085,18.289991885903607,17.30720936155439,19.704514096272938,62.06753421133855,228.25841706056133,317.4252719581819,25.86002248598192,130.42424023916342,234.43190989058755,131.22145534158898,0.1,25.4357155274073,19.32850821732938,14.455911116076058,18.196059210760538,15.354808097275715,19.58493969032363
k__Bacteria;p__Firmicutes;c__Bacilli;o__Lactobacillales;f__Carnobacteriaceae;g__Granulicatella,68.53524460056722,85.27966662691362,67.35295634170933,60.29078235031892,68.8324401928986,65.99931786017085,55.609698933142845,56.85358719665702,56.94967802006632,77.2318441949755,77.02475401332865,68.57277204398605,70.90745178241528,71.00474316436707,17.868681074747922,65.23742338366094,9.563609938134501,66.90596414694745,79.75048054765605,13.862607298761137,48.16203856784699,52.75593735426544,22.488109558157753,60.537021970562236,54.59477705842142,80.0093083144554,4.914828429852684,72.5928162654095,80.03086148515294,34.6229214361261,39.48580532239174,77.6685468243883,72.03964164324795,75.6830009441639,58.18009184967213,7.993750955911922,5.934631526585833,56.44581431657033,0.1,17.13375918788768,22.042426954214818,0.1,66.92294149243648,55.11652227551431,62.67118695278226,54.7740688708815,60.553530093952716,57.633801322614794
k__Bacteria;p__Firmicutes;c__Clostridia;o__Clostridiales;f__[Tissierellaceae];g__Parvimonas,77.310386643955,96.13693978804822,75.98402141130629,67.96182700737066,77.58805916084651,74.39966233534307,62.66560208016566,64.07114709048227,64.18770210970145,87.05825956785822,86.82855788942352,77.28866548963937,80.56040260360652,80.03628118530057,19.598359374344614,73.54230680689103,10.06668054877961,75.42218631795618,89.94705732435033,54.131692479339314,54.26552486332414,59.47975119698136,24.91118063623547,68.23996624227918,61.519101679732735,90.16086066069684,4.776283610724359,81.82652884163684,90.1964314773703,38.912036993789194,44.41543015286864,87.55488280743708,81.2084143520637,85.31074186738341,65.43524220186535,8.306755623317608,5.706525929435886,63.591621859881556,0.1,18.597670252232735,24.45595763944883,0.1,75.41136880205276,62.11247852432961,70.64946808496431,61.72970798694988,68.25790778877924,64.95122578073291
k__Archaea;p__Euryarchaeota;c__Methanobacteria;o__Methanobacteriales;f__Methanobacteriaceae;g__Methanobrevibacter,33.95435117051916,41.97610628645641,33.4009742533191,29.65487426335651,33.846387049240434,32.47590406751638,27.26577075377712,27.892628581024216,27.976407870437384,37.98708592124541,37.9017918873323,33.68902603279814,37.67419948049706,34.91277283788294,6.378448015628268,32.107706376739955,1.5403142330848156,32.92416176763268,39.44622988291723,177.49318608714796,23.581167499448007,25.999544215435044,9.118845605005184,29.778515159748455,26.755725914492043,39.22799738093624,0.1,35.69440975112366,39.28857658232304,16.515154378427663,19.003592482958158,38.2211972870105,35.446448279026065,37.2181347121779,27.963605939886207,0.8110354786153986,0.1,27.603987169698712,0.1,5.253423526394212,9.10869198520791,115.19121308491809,32.799736978725164,27.03561470068709,30.84507016791602,26.881600271742997,29.78367855440715,28.279023972246573
k__Bacteria;p__Firmicutes;c__Bacilli;o__Gemellales;f__Gemellaceae;g__,53.15908013392018,66.10226335599604,52.24730767032423,46.72933376656791,53.34808425781365,51.15597360482685,43.087090372898516,44.053631411371775,44.13404820778225,59.859694722732144,59.701881024388,53.142002789699724,55.413005646462494,55.03142203417921,13.457283664880917,50.5665207672595,6.897786576472487,51.859060207346516,61.847643429461996,38.508395859229566,37.311186591181226,40.897593925671565,17.113819230752032,46.92059637473857,42.29869541374476,61.99204230132406,3.2585270468924428,56.26236815610072,62.01687743834641,26.751334149113916,30.536097540949747,60.20130975121503,55.83754583584701,58.65807905339669,44.98716916880987,5.688017439719336,3.890806565214608,43.72325360484817,0.1,12.763463819189154,16.802394256089457,0.1,51.85061996289589,42.70686628976039,48.57745373433431,42.443789033019556,46.932910343028006,44.658777639208
k__Bacteria;p__Fusobacteria;c__Fusobacteriia;o__Fusobacteriales;f__Fusobacteriaceae;g__Fusobacterium,72.98966803848843,96.39621904167244,71.07199690945727,68.582888021512,78.49919747525297,74.80782837233328,65.02111866355379,66.1301697465422,65.4964360927974,87.86389865723636,87.2912282588466,78.80693767002087,23.73740528318091,81.01284101474543,69.3767272146523,73.80784559953611,75.25526638998318,75.79214706600965,86.24580604325173,0.1,56.983912450990026,58.978232865525975,65.10295335267105,68.81162527617906,64.08721100334047,93.57147859463623,74.48874635351284,82.80873478387628,92.57901735818145,49.85654511693355,53.42339442495013,87.96767193255164,81.68856469720642,86.24713514748571,79.47144011039589,72.59697968575429,95.42985842308305,67.45846159783059,34.20008794436408,84.07770837253055,60.34187378623305,0.1,78.51324368347561,64.2073867616984,70.89672978134756,63.52428340925618,68.89056144592764,66.96405131922667
k__Bacteria;p__Proteobacteria;c__Gammaproteobacteria;o__Pasteurellales;f__Pasteurellaceae;g__Haemophilus,22.19223390573142,33.71696213458382,21.08836766717129,24.311165836164168,27.974274324921392,26.318809542855778,24.354042643345682,24.520672742731467,23.745868880957737,31.15324315314192,30.700651036891077,28.52992261577968,0.1,28.896828446203266,60.91031232237754,25.865638899224052,74.34163081156197,26.63291259231293,27.260283363152723,0.1,21.826935458040214,20.1412986967645,52.34027163525451,24.35421388703672,24.186329369911554,35.0631240438734,77.4178043008138,29.525589414979898,33.95833061742156,25.426529743718095,25.236093665205964,30.899051541111778,28.765032241598934,30.687569603261814,38.01070812077885,72.75329978949867,99.48718320184243,26.318458441906373,39.348500057292505,77.62532212215432,47.50276786739598,0.1,29.59792699081504,23.87846970290534,24.83968468996614,23.41897471139786,24.426736708299174,24.776550398024312
k__Bacteria;p__Actinobacteria;c__Coriobacteriia;o__Coriobacteriales;f__Coriobacteriaceae;g__,34.48149517765483,42.74808701612471,33.90531395756975,30.20966109803728,34.483934253985126,33.077625321556795,27.814190822746063,28.44612564062884,28.51531923431234,38.697969179647494,38.60375123831981,34.33674065194509,37.14157128949987,35.57119559900764,7.56409122336198,32.69964149875137,2.9686156701774697,33.53324683151042,40.08695164093001,105.31418912723483,24.070107096488808,26.46347924398508,10.148614427066102,30.33449836581921,27.29939969392652,40.017489587258815,0.5111993605531975,36.36722513377,40.05709388182145,17.051768567944613,19.544046487153743,38.927917039376176,36.1039527175948,37.917786694277616,28.775655257928864,2.2067257299338796,0.46191289799269525,28.191044021954742,0.1,6.755780039367017,10.045790434538185,50.970421901505304,33.465228720606426,27.574234938997147,31.413559146900443,27.41095765766699,30.34106613152155,28.83858368649371
k__Bacteria;p__Proteobacteria;c__Gammaproteobacteria;o__Pasteurellales;f__Pasteurellaceae;g__Aggregatibacter,107.0478282921204,135.4015589465152,104.94124284092065,95.89670546898387,109.56169884056072,104.87046744849658,89.14701650889471,91.00476375097853,90.86432700946408,122.84657871480438,122.38413566615382,109.38672897583051,90.3161833238214,113.0337018366973,47.78146931434478,103.60600748748297,40.620742391039215,106.29399177317558,125.08316721999583,0.1,77.4725942549509,83.50408663892966,51.36810708296754,96.26809161222778,87.61978316285777,128.27006404881084,35.01120587238015,115.55546122075758,127.90294725835754,59.20334880683682,66.16258404474789,123.38607221812157,114.48183575169764,120.4403058621517,97.78484708705844,37.77939198412227,44.440798328666816,91.06352814148288,10.919324335461893,52.74492681556662,48.980136580676785,0.1,107.38738201503871,88.26283427819824,99.52741359714244,87.60227462365044,96.3180929700232,92.22457753216759
k__Bacteria;p__Proteobacteria;c__Deltaproteobacteria;o__Desulfovibrionales;f__Desulfovibrionaceae;g__Bilophila,24.764873182692412,30.786630332768976,24.341056777332135,21.763212814805602,24.845470791319666,23.82521394514687,20.064381740764397,20.51496742380882,20.5534870060123,27.878390340656196,27.80537603315352,24.74862645605812,25.8892023435242,25.629389118731158,6.197004187371144,23.55088002070813,3.120044589854703,24.152729403523004,28.81067455890636,22.92229054860284,17.373750586481915,19.048685877982713,7.913644029602482,21.85236316126713,19.696886405226792,28.867827220329623,1.4186414922329298,26.202691824388236,28.8808542271443,12.443836797267059,14.20933330036559,28.038054821323417,26.005544726187313,27.318554509068893,20.932749877596287,2.5578729271910405,1.6847034406271517,20.358527011095983,0.1,5.851558235617305,7.774713974084438,0.1,24.14491830013824,19.88766326130109,22.62450193782634,19.76556210459335,21.858011738381556,20.796878696759627
k__Bacteria;p__Firmicutes;c__Erysipelotrichi;o__Erysipelotrichales;f__Erysipelotrichaceae;g__Bulleidia,30.99787020499861,38.428354866158685,30.480011324194685,27.156874492138712,30.999184189393443,29.735067058606553,25.003174895488403,25.571302574966218,25.633630166455184,34.78740915369038,34.70276952024184,30.866762521223166,33.39796306089735,31.976566930859395,6.791381152084432,29.395302404131787,2.657689853664659,30.14465449060352,36.036791993463304,95.26188928582813,21.637369400997326,23.789432347818398,9.116348570048585,27.26910526675509,24.54036764073397,35.97315472357961,0.44783541364752955,32.69215683695419,36.00892965421323,15.326851591768428,17.567610370715567,34.99418678637671,32.455572377862524,34.08604204802762,25.865521853787243,1.972939660724943,0.4001687715301172,25.341693320724865,0.1,6.062112812505076,9.024638042181685,46.33843570257843,30.083050810809905,24.787510288283958,28.239181575295206,24.640782591960562,27.274999117322935,25.92411054479299
k__Bacteria;p__Actinobacteria;c__Actinobacteria;o__Actinomycetales;f__Actinomycetaceae;g__Mobiluncus,9.510949322146221,18.124344689104287,8.603758955597424,13.302061112527618,15.412165218523686,14.258313007234449,14.258837181295657,14.188073143611279,13.370802560970724,17.051032243826466,16.62494903008802,16.0354568026374,0.1,15.939484352403888,59.29257242981055,13.939793667930951,74.75440535939096,14.405285228523887,12.547811272905887,0.1,13.106255312753406,10.47339540001292,49.559449843349135,13.298422933419047,14.283847444492423,20.539208059402792,78.83109613157716,16.27790761411864,19.396370990858877,19.45558757124482,18.31128988740504,16.703918300004545,15.601895620730676,16.87304413041432,27.832728056500635,73.42346781000072,101.37768734045369,16.12042433227522,40.99429808087548,76.66286745254136,44.66065127385785,0.1,17.45781359107146,13.864842286834653,13.382705171548213,13.45803406095932,13.369948970080074,14.299684605622549
k__Bacteria;p__Tenericutes;c__RF3;o__ML615J-28;f__;g__,31.695722603765034,35.48923312134066,31.615672803405293,24.78323084880838,28.152723376084378,27.32024072809107,21.60943625860131,22.33756245868921,22.9036762451497,31.73999608560864,31.893780521337703,27.618533564005965,69.48985644819011,29.01550158511413,0.1,27.101529416396843,0.1,27.726255136810387,35.95263708239277,2467.101607116472,18.23985433210055,22.418419134291703,0.1,24.920857231949835,21.035893842276252,31.075779998701154,0.1,29.675806801788607,31.805402390063314,6.810517675455309,10.20201154433143,32.1980323199455,29.796343420901763,31.00048916577821,14.496921549899398,0.1,0.1,20.8997947963805,0.1,0.1,0.1,2134.822692623085,25.81839995340747,21.585824632896745,26.040929557610955,21.65310305558802,24.885007631510177,22.696294464239916
k__Bacteria;p__Firmicutes;c__Clostridia;o__Clostridiales;f__Peptococcaceae;g__rc4-4,25.99760675787309,32.91479600772801,25.48231458086786,23.313937005036472,26.63720222912226,25.494116461046126,21.68268037495485,22.132644683047225,22.094416737768693,29.865912841205173,29.75163239963731,26.5979807158057,21.644236949742172,27.48153266688106,11.886103664692683,25.185974189346002,10.229492960981974,25.839938156624022,30.38501050950822,0.1,18.846842665652474,20.295421473051604,12.705676216346735,23.40394412835013,21.31259988152484,31.198454989138018,8.890592412056789,28.09455218922778,31.103611434407735,14.450807558370116,16.131898857965304,29.994910970402614,27.83083830405992,29.281709421913927,23.846046075729078,9.533920189253593,11.291836031473835,22.156785428782534,2.856836279236271,13.178226167497577,12.101733102474498,0.1,26.120613760013228,21.466332694844297,24.194450798655524,21.304126563588625,23.416430993630062,22.428904890805164
k__Bacteria;p__Firmicutes;c__Clostridia;o__Clostridiales;f__Veillonellaceae;g__Veillonella,17.611253552429076,21.874524066303167,17.31211007848324,15.461723494709858,17.65083740852914,16.927595364132912,14.248758476441527,14.56992375826479,14.599829916039612,19.80623109038567,19.755510167810304,17.579972563142473,18.587611868452008,18.20762842794854,4.235012989170709,16.733149855107325,1.9965938495610365,17.160440191844955,20.483898585400517,28.156410109190066,12.335707406733283,13.536714412045223,5.487173728801091,15.525236146499443,13.986916535841974,20.500468865622828,0.7723725089870069,18.61496884116808,20.513200132244766,8.8049576707054,10.065974820418328,19.921008388760228,18.476583268129133,19.407998488218603,14.826293413252593,1.60018013320819,0.8937819402235418,14.45265445942769,0.1,3.9364821838069535,5.403011770608666,3.453657863318295,17.145655633403354,14.124072294502458,16.07497488306362,14.03832865706649,15.529043562264134,14.770391604735295
k__Bacteria;p__Verrucomicrobia;c__Opitutae;o__[Cerasicoccales];f__[Cerasicoccaceae];g__,24.65023219909098,30.16706429630309,24.284740427597665,21.288148511413823,24.286000248943257,23.32816153433354,19.475342997976988,19.942302590816745,20.043642104531067,27.268986185577315,27.226446920389964,24.139596804677154,30.200952471104543,25.049159162090763,1.8592800565934038,23.07123668570602,0.1,23.652556509182553,28.565016692356707,319.97318410311925,16.80619567437657,18.721422891789008,4.35481517641578,21.379753906922414,19.096969351176877,28.018512279325073,0.1,25.610855135303744,28.118385649292364,11.275024587850794,13.170323264004764,27.458835334551896,25.460071133183636,26.70893926966055,19.337218454467987,0.1,0.1,19.6357329196048,0.1,0.19022753403884862,4.58339229777469,251.97925316716058,23.413437689519586,19.324134641138947,22.16438902631565,19.229849056344865,21.380125116746314,20.22265570394441
k__Bacteria;p__Actinobacteria;c__Actinobacteria;o__Actinomycetales;f__Dermabacteraceae;g__,0.1,0.1,0.1,0.1,0.1,0.1,0.1,0.1,0.1,0.1,0.1,0.1,0.1,0.1,92.42409289544378,0.1,123.96156541586281,0.1,0.1,0.1,0.1,0.1,72.92049768782242,0.1,0.1,0.1,133.68716623646878,0.1,0.1,13.831957563391393,9.061369904598253,0.1,0.1,0.1,14.826902574350557,122.55726552356751,172.1445463010497,0.1,72.28272713304432,122.92447573938492,64.69322589098938,0.1,0.1,0.1,0.1,0.1,0.1,0.1
k__Bacteria;p__Actinobacteria;c__Actinobacteria;o__Actinomycetales;f__Actinomycetaceae;g__Actinomyces,5.65404283107147,9.604138696328047,5.25301659770222,6.989435941722677,8.071771519359055,7.5273794563200465,7.259304029807868,7.262524756036219,6.931233109491319,8.957980659818995,8.778620785501461,8.319618187526805,0.1,8.343223485129595,24.6764834278888,7.377622001819063,30.776629371922102,7.610815038513933,7.183905336130202,0.1,6.596270282843916,5.639638856474174,20.820766765037003,6.994308717872786,7.243310043181621,10.454272312251518,32.3215035260109,8.522443974681728,9.988094666689765,8.839716585342922,8.497959348331907,8.82749636502608,8.232076400774414,8.845294848055083,12.869250582151967,30.19253677763172,41.55585673116471,8.041166367067131,16.683709980287034,31.751527316826422,18.808590562344467,0.1,8.857904825590252,7.085661446303374,7.0838397582026635,6.910678006191764,7.023946209817904,7.328254180189802
k__Bacteria;p__Lentisphaerae;c__[Lentisphaeria];o__Victivallales;f__Victivallaceae;g__,19.069032938034002,23.04377525286093,18.82091089069402,16.238280089772402,18.5142941034747,17.808760124471014,14.761091759435038,15.133661920281673,15.250748620250606,20.799840168095376,20.785441925379317,18.37032531434307,26.084765079852946,19.094140705644904,0.1,17.61991936972659,0.1,18.05872163015,22.02848406625045,430.0330848440391,12.701826306113379,14.335759752784341,1.2055671913129489,16.310905886326175,14.460661801063665,21.23512732904964,0.1,19.523161291968933,21.365763834146232,8.039704624971753,9.590618932561696,20.965697152635514,19.43443176217376,20.36487532938627,14.038545513180809,0.1,0.1,14.803853788655564,0.1,0.1,1.607710141671441,355.6956812295278,17.73165709084904,14.659284630500327,16.927757558416676,14.603083302084347,16.307967873102587,15.350383216417757
k__Bacteria;p__Actinobacteria;c__Coriobacteriia;o__Coriobacteriales;f__Coriobacteriaceae;g__Adlercreutzia,12.456206776332973,16.42445054635394,12.132044044459196,11.683560514436536,13.371989835891593,12.74520623285681,11.069014711243076,11.259297974931082,11.154613456688235,14.968167655267196,14.872095742663053,13.421756102610829,4.294817507271467,13.800018359535471,11.60251659733858,12.575440147872637,12.536388891121295,12.913098945575284,14.712282203305556,0.1,9.697905032510324,10.051899372782747,10.916464688442673,11.722753961332982,10.908944495822569,15.929257148591358,12.385869621159946,14.106007771836909,15.764668836799494,8.447227453813282,9.063528131173403,14.98757896636399,13.917343798678509,14.69210122174825,13.479901296496049,12.087378922850402,15.866108996602694,11.477679333647972,5.664084747533969,14.038420824479244,10.12414020421093,0.1,13.364743161717744,10.93150431133311,12.079476230968172,10.816427380104562,11.735936018856593,11.401591875440658
k__Bacteria;p__Actinobacteria;c__Actinobacteria;o__Actinomycetales;f__Microbacteriaceae;g__,0.1,1.475281816379771,0.1,1.7559784034791062,2.333904029082481,1.4797154579213057,4.523141332864086,4.055591185676866,2.8347589072237764,2.265785258516703,1.704624286313934,3.319555810796143,0.1,2.467280487767703,81.29622541948306,1.2380065340926423,106.29278567878801,1.4286840628582833,0.1,0.1,5.022201210403288,0.1,65.73927461035883,1.6785562737074664,4.856866127060986,6.542890785683538,113.60356568996305,2.496085126102884,4.868768781283439,18.253168960063395,15.159103261854423,1.6313303281455547,1.671541097925744,2.4596244717717477,23.57957207181504,104.81021186202688,146.2084904420932,6.995004761783557,60.48710592902236,106.86095513185765,58.720687580806484,0.1,5.878448142280306,4.092590855953419,1.1765516030570131,3.5992009334772184,1.778103967595788,3.989982134541625
k__Bacteria;p__Firmicutes;c__Clostridia;o__Clostridiales;f__Lachnospiraceae;g__Anaerostipes,14.269461848165681,18.412214370908647,13.945742243701659,13.068007886287985,14.942949614881018,14.273682554261732,12.261037658123183,12.494620705004852,12.42793647655917,16.741150247340293,16.656561657423584,14.957699552055246,8.6651180986499,15.418809576140227,9.649970671527408,14.09284259146397,9.654857461850264,14.464659649856939,16.759061370362502,0.1,10.697964827141833,11.31311131377526,9.529003013614304,13.115330242251579,12.067035122484658,17.643270206867147,9.179772699251338,15.761776048810194,17.52816676037629,8.73782220624327,9.560439443673465,16.789520685540296,15.584057970656179,16.422528205084994,14.175697081438528,9.211829997206259,11.730536040957617,12.617307017225484,3.8409018002698376,11.320550899959924,8.931373078109957,0.1,14.786543244001448,12.12437685533047,13.53756193156166,12.015577152205623,13.125993458687532,12.65741445774007
k__Bacteria;p__Actinobacteria;c__Actinobacteria;o__Actinomycetales;f__Dermabacteraceae;g__Dermabacter,0.1,0.1,0.1,0.1,0.1,0.1,0.1,0.1,0.1,0.1,0.1,0.1,0.1,0.1,69.46685136653089,0.1,93.45324083553909,0.1,0.1,0.1,0.1,0.1,54.6431773029973,0.1,0.1,0.1,100.89117205928345,0.1,0.1,9.769525854405575,6.07042270819574,0.1,0.1,0.1,10.059010489095039,92.42322404345833,129.92195766644548,0.1,54.64685366365927,92.52132444104923,48.43702049355235,0.1,0.1,0.1,0.1,0.1,0.1,0.1
k__Bacteria;p__Firmicutes;c__Clostridia;o__Clostridiales;f__[Tissierellaceae];g__GW-34,0.1,0.1,0.1,0.1,0.1,0.1,0.1,0.1,0.1,0.1,0.1,0.1,0.1,0.1,67.18035349653505,0.1,93.16451160467201,0.1,0.1,0.1,0.1,0.1,51.22085968260419,0.1,0.1,0.1,101.62119295793167,0.1,0.1,3.2649279144591876,0.1,0.1,0.1,0.1,0.1,92.41966929394485,130.93798372970298,0.1,55.98994229028972,90.7594158479351,44.99740098952963,0.1,0.1,0.1,0.1,0.1,0.1,0.1
k__Bacteria;p__Firmicutes;c__Clostridia;o__Clostridiales;f__Lachnospiraceae;g__Roseburia,43.44906901900581,51.13183883620889,43.046024616327074,35.92124838580139,40.905206263236586,39.46377917331155,32.20459979219909,33.10666407933765,33.554861181443684,46.00949470149623,46.063472458553,40.4331670582981,72.19599372237934,42.17706516508589,0.1,39.07997794391004,0.1,40.028700104446116,49.868870089537104,1835.54695615687,27.538532255130185,31.975759397916313,0.1,36.09498543336293,31.483841077259736,46.323631636509255,0.1,43.1288137818963,46.87155022680947,15.118687313038242,19.049788745831044,46.47645215048384,43.05752402340139,45.010350277121084,27.67148947350138,0.1,0.1,31.920785229046288,0.1,0.1,0.1,1564.2445643968033,38.6172877316023,32.04373544072068,37.54676907992241,31.99415154613767,36.07316941669148,33.59973774208797
k__Bacteria;p__Proteobacteria;c__Epsilonproteobacteria;o__Campylobacterales;f__Campylobacteraceae;g__Campylobacter,4.748843384329527,8.737984388239145,4.3326900613622135,6.397296178044005,7.405071359524186,6.866629301768255,6.795446787104341,6.772169795391334,6.405247201845624,8.199920770940938,8.006858133516673,7.683623746372553,0.1,7.657175672705375,26.790801221292107,6.718131853852536,33.68796809989366,6.938965166969693,6.191823868385227,0.1,6.22585574194169,5.073254964500696,22.44489659397679,6.397352489095215,6.799719056702473,9.787887054079555,35.48958223922752,7.820304445910194,9.274022316140822,8.988521791552177,8.507279435881854,8.046801511255772,7.512452559988034,8.109220449405017,12.91823348343213,33.07856219041887,45.63735427385694,7.638478778566065,18.422440531790954,34.59837276500679,20.23850434064603,0.1,8.312015056676367,6.614849927518667,6.449930299029041,6.429526098430674,6.429636173050088,6.827732385728943
k__Bacteria;p__Firmicutes;c__Bacilli;o__Turicibacterales;f__Turicibacteraceae;g__Turicibacter,12.899492691693274,16.72633052510004,12.59718567553347,11.877586251370289,13.58454969670817,12.969641689515,11.1689874360608,11.376978824291227,11.305891910348686,15.216266498128865,15.134630199252321,13.606460318772818,7.073141588835365,14.017661798285205,9.462549182633305,12.803395614261877,9.68309298836098,13.142558798130818,15.169331634799152,0.1,9.754432173852852,10.267977915037998,9.218243850474371,11.919873479802916,10.995768029384278,16.07213815345965,9.315043050146565,14.329236565216004,15.953180069926251,8.089512972294436,8.809489026343181,15.254689287780717,14.160785458835234,14.928715108536531,13.071760360273384,9.268119895937158,11.912369003507386,11.513759291044103,4.009496815076066,11.200028219558877,8.615069680306123,0.1,13.47321713061082,11.041212095140471,12.298811652806195,10.938184219883135,11.930413589821544,11.524186643109937
k__Bacteria;p__Firmicutes;c__Erysipelotrichi;o__Erysipelotrichales;f__Erysipelotrichaceae;g__[Eubacterium],13.735165836536005,17.061255950795314,13.501727878886326,12.059615264180357,13.767089788705205,13.202890608904578,11.113902001136537,11.364337825127858,11.387512754368087,15.448184551862232,15.40855553085578,13.711940078670384,14.48614498467937,14.201376374812531,3.3131233452494415,13.05120270281838,1.5703444317609945,13.38449206055959,15.975831854096992,21.255959181625407,9.62187589265589,10.557964228957186,4.287831412642923,12.10914253050673,10.909719033150187,15.99018357482252,0.6164116483949849,14.519085807911635,15.999907062244464,6.869691652930859,7.852842980590666,15.537627132913768,14.411050131713212,15.137606206647854,11.566699557676547,1.260978160740044,0.7151227581831037,11.273235622838584,0.1,3.0834338176255383,4.221324306529216,2.073862888800941,13.37350912150602,11.01659973774911,12.53785038378175,10.949663038460304,12.112124397593629,11.520684996090162
Unassigned;p__;c__;o__;f__;g__,0.547221868206874,4.857622631861702,0.1,3.758660773014096,4.440939703396695,3.91318053840213,4.788016957579987,4.636328365770126,4.085527742217598,4.822264663600751,4.556752587981993,4.876695790957506,0.1,4.6082671628335845,37.86953943318591,3.7657943673061847,48.83608185963184,3.934466289902844,1.6198855344669618,0.1,4.649504421961148,2.5144744631847855,31.01739488496021,3.735518972230459,4.89005055004194,6.904828085920836,51.934514538097616,4.699331648735447,6.14410716307587,10.005390823813347,8.836207908497055,4.555004859696156,4.296982819074797,4.834436004806764,13.585480152168707,48.08440010901321,66.82085758030043,5.953838075123137,27.412649512356374,49.46623070716945,27.801835473939523,0.1,5.960084399067764,4.567893031210281,3.611855566423073,4.326574055722857,3.7816267235695946,4.644774347431654
k__Bacteria;p__Proteobacteria;c__Betaproteobacteria;o__Burkholderiales;f__Oxalobacteraceae;g__Oxalobacter,17.42527738507096,21.29599938296077,17.170352848788273,15.025757306983936,17.140658880838085,16.467084984367787,13.736842446508076,14.068064036643316,14.14354829625666,19.247143064649226,19.218912449291167,17.034112214181857,21.619721129694152,17.67909064699282,1.0511785195892343,16.28645011572083,0.1,16.696302187290044,20.185785701158633,244.3364982115489,11.850570502161828,13.219594712606943,2.8633268210804292,15.09068839621499,13.468601463541408,19.76261251510608,0.1,18.075607434514502,19.838520419980338,7.90246744508213,9.25068224729196,19.383236130804438,17.971793666248953,18.851074102179954,13.577982011602186,0.1,0.1,13.842137112174413,0.1,0.1,3.0473122786071265,194.11001344291873,16.513140875422074,13.631461005862239,15.646329283671827,13.56647456980867,15.090630118053083,14.266230514361775
k__Bacteria;p__Firmicutes;c__Erysipelotrichi;o__Erysipelotrichales;f__Erysipelotrichaceae;g__Holdemania,7.460791541168805,9.487005855402185,7.308054779471864,6.72289695918934,7.682653017206046,7.349637236857145,6.265261048053318,6.392800618391002,6.376399762733686,8.612322079981153,8.576928190599162,7.675707673675309,5.829475522982978,7.926435496372279,3.7824954203070447,7.2598154568855655,3.415700172843286,7.4490194144084425,8.729567191474064,0.1,5.450654307095217,5.844986809822203,3.9498736046048455,6.748480009613541,6.160139676233928,9.015019510455632,3.0623321729910544,8.103131497513168,8.980310298324842,4.242873576778734,4.713420148848309,8.64667644575404,8.023533250949447,8.444908998339688,6.972512838400192,3.208807816647615,3.8979172487761478,6.4127315053015534,1.0899106702916144,4.2675362022377685,3.744931802337897,0.1,7.5495086184396145,6.201045245397583,6.973954331463142,6.152146467055038,6.752516123960796,6.477843173957141
k__Archaea;p__Euryarchaeota;c__Methanobacteria;o__Methanobacteriales;f__Methanobacteriaceae;g__Methanosphaera,8.083637596260187,11.313134155719997,7.795969103513462,8.09557469285829,9.287495882356664,8.801609740568422,7.863851152100217,7.962021731425286,7.8076865693391255,10.372585040926463,10.268906474352145,9.388374840506916,0.1,9.588764812146923,13.439229151373329,8.66930362384125,15.773486023368712,8.912766458661974,9.701747742108589,0.1,6.961667486865766,6.851216597662553,11.914895531142596,8.117076904137948,7.77722335026468,11.319040913887108,16.166962866257236,9.799619405170494,11.093041229020363,7.0059114870006,7.216643780697339,10.342772034909752,9.614850355592338,10.197271388784447,10.803267389847715,15.366313054878622,20.75606400734108,8.310630678232547,7.972584798908749,16.8374912258218,10.897571200617111,0.1,9.52314292117419,7.740747968632519,8.326536948410126,7.628694769667187,8.132833349929031,8.054712610740058
k__Bacteria;p__Tenericutes;c__Mollicutes;o__Mycoplasmatales;f__Mycoplasmataceae;g__Mycoplasma,13.355155574836596,20.61429000034826,12.652620015943583,14.884246698805883,17.136263992953925,16.10087576031968,14.99270265232215,15.080456930179889,14.571447754609352,19.07369827667213,18.780886625652176,17.504573914597422,0.1,17.703072634180167,39.578633490951894,15.817211863806953,48.516373368544784,16.290989488378354,16.481251956375168,0.1,13.465779736341657,12.283104252180701,33.887455348941536,14.908207342164934,14.900307487913935,21.586285168393232,50.610546327223794,18.087530692661197,20.862471211616985,16.055357178019857,15.84715434731142,18.899749172615877,17.59899915981968,18.795359950933896,23.891261430445883,47.50325425645,65.04456651088017,16.264689798612643,25.80508994432527,50.53662151316734,30.727400696786564,0.1,18.232256840352196,14.689755047867935,15.189458754858924,14.394747569471216,14.95541347289268,15.23461432212474
k__Bacteria;p__Bacteroidetes;c__Bacteroidia;o__Bacteroidales;f__Rikenellaceae;g__Blvii28,12.605818538303451,16.186907032176446,12.32913541956833,11.482710448824214,13.127490649786077,12.54576638512451,10.749730598912043,10.959124938886474,10.910604305841947,14.71012403395333,14.640367328975984,13.13227420599564,8.38568634972719,13.54504621435766,7.814300045881104,12.38867163603043,7.610808163617792,12.714213331788311,14.786644020979816,0.1,9.370381664008711,9.954714822011745,7.837193773290949,11.52498852067676,10.57627188033936,15.468259590571137,7.132052868507648,13.846550617310278,15.380907559620479,7.535850719502251,8.2853143730659,14.757954714589783,13.697047509422706,14.4281872061718,12.275846608339476,7.2333544185023095,9.105190849245405,11.04263030734478,2.8764302356691815,9.071571631562039,7.369739645405403,0.1,12.960418364192835,10.63307472696427,11.900643420844505,10.541453580197887,11.533542559363903,11.102897201557756
k__Bacteria;p__Proteobacteria;c__Betaproteobacteria;o__Burkholderiales;f__Comamonadaceae;g__,126.40308697896326,155.73687577717092,124.40552181288734,109.98211830972383,125.50822513525458,120.47026759184526,100.95298718380593,103.30708684182999,103.68884542106807,140.88314492817733,140.59904229460977,124.8669491376824,145.1661160965035,129.4590987510665,18.96619063230423,119.11746444723046,0.1,122.13723332197769,146.72336472856026,990.3326094967924,87.24619512484738,96.52427679564772,30.04064194286287,110.44558130025904,99.04027312987724,145.24172925040423,0.1,132.35899723310902,145.5636364939858,60.249137118233996,69.66596129097371,141.78897684730086,131.48631054722168,138.01743415389205,102.43901594780387,0.1,0.1,102.06524178332012,0.1,13.308255867524029,30.409726045580676,719.1434950480576,121.41745269156986,100.12356254000672,114.43390785361088,99.58043041730123,110.45897920827683,104.74525413562556
k__Bacteria;p__Firmicutes;c__Bacilli;o__Lactobacillales;f__Lactobacillaceae;g__Lactobacillus,7.162133922608606,8.89127464103999,7.04102706499996,6.284320761494711,7.173905565781646,6.880339528662908,5.789846917668569,5.920637905257672,5.933413342102739,8.050110376533375,8.029776573518792,7.144599526109777,7.602335448746694,7.400174253382015,1.6803487728746707,6.801419643639893,0.7577637945309248,6.975017105449146,8.329286462023964,14.343128852592859,5.01193634969032,5.502775601297575,2.197235785399466,6.310177962553454,5.683238748202217,8.330151890264256,0.25641217798887656,7.565744059991413,8.336175375010555,3.569978465539988,4.084151190606838,8.097088947749409,7.509907909383869,7.888130102354514,6.014960503691392,0.5973722690638329,0.2892456978823573,5.871478505239098,0.1,1.546043023929588,2.166579869765116,3.952503619327066,6.966752651658896,5.739379966852453,6.533901809517712,5.7047750485070345,6.311675245240019,6.0021615835151705
k__Bacteria;p__Firmicutes;c__Clostridia;o__Clostridiales;f__[Tissierellaceae];g__,17.8745204724166,20.86240386605582,17.72912009048833,14.642113594928944,16.66706900629725,16.09497064820723,13.069004830475887,13.446789233629145,13.653983881607742,18.753926573026288,18.78704468400332,16.454769743113687,31.30534030436851,17.18409655882326,0.1,15.942922339234302,0.1,16.326792659237846,20.474905685048117,862.7222828103179,11.152699512786379,13.06794491339147,0.1,14.714625678905923,12.767936909821513,18.797949627293036,0.1,17.572394911945583,19.054825612834478,5.817327274669649,7.484502568846269,18.957225341488922,17.559523966581004,18.341873560820503,10.841146722879564,0.1,0.1,12.904308448548868,0.1,0.1,0.1,738.2953637811225,15.662385169515087,13.011767456269764,15.317694192807002,13.001236087004903,14.703749392811794,13.64954323887317
k__Bacteria;p__Firmicutes;c__Clostridia;o__Clostridiales;f__Peptostreptococcaceae;g__Peptostreptococcus,15.199944054787062,19.095820820712213,14.916200101585547,13.514467083918335,15.435655874642466,14.785276130204725,12.522829808941884,12.791650620226656,12.788894243234326,17.312212627077454,17.254770095427123,15.397170621144008,14.033024296998297,15.923979983744044,5.609180285919559,14.610135226540226,4.248676542799465,14.986967680431873,17.730189660832053,0.1,10.867617036423965,11.791702527149301,6.333087525550339,13.567983232319039,12.30254335304898,18.018111644576653,3.3544762256438374,16.279607720637124,17.989690184267648,8.103293950212654,9.129086774215866,17.397251757407748,16.139559287062827,16.969776429283463,13.47588093267974,3.8682559898721314,4.229861719765032,12.758845213150723,0.6958329868194056,5.952465139381755,6.094087020806523,0.1,15.07911494393495,12.404018381186036,14.035164882476485,12.317657431598999,13.573650612796781,12.964785467440231
k__Bacteria;p__Actinobacteria;c__Coriobacteriia;o__Coriobacteriales;f__Coriobacteriaceae;g__Eggerthella,5.9476874365486125,6.531980951173794,5.947736806571019,4.550473561936507,5.164003255533946,5.023215241102941,3.9223343896510596,4.063902832739223,4.18697875351862,5.827555772408772,5.864471614886813,5.05039143654369,14.224691619342563,5.321322696607336,0.1,4.986489567311673,0.1,5.098974669250922,6.716471002547435,542.4064854892296,3.2924480123877227,4.142877964762578,0.1,4.577065885921293,3.8113458223554617,5.63999153113856,0.1,5.442834790877308,5.800142574745522,0.980867593111904,1.6541725860451142,5.921774685390037,5.4776063115714475,5.6880382499488515,2.319625773245881,0.1,0.1,3.753770100578775,0.1,0.1,0.1,470.5905069340189,4.679108111619159,3.9245060245305172,4.791544035779302,3.944417186673107,4.568934615627707,4.131151037690939
k__Bacteria;p__Proteobacteria;c__Betaproteobacteria;o__Neisseriales;f__Neisseriaceae;g__Neisseria,1.3251151595517687,2.922253732686023,1.1518067563834604,2.1648793347654474,2.5172498576203526,2.30846614711821,2.399595617270543,2.374371298279714,2.2080678568363097,2.7754617420017467,2.6910128195879124,2.6457141251096172,0.1,2.604977421741396,11.847608397271372,2.2506548452672965,15.050714764118194,2.3302784824035276,1.841690469647463,0.1,2.231497017362267,1.6582107994899271,9.836605495973746,2.1619854595718335,2.4135508234225598,3.45733162900646,15.91679448457148,2.659580255692095,3.2257682201004836,3.6355755006785357,3.3613015308656173,2.7013603845935994,2.5275637158152047,2.752996324681293,5.125196360334696,14.795011570969734,20.47255977669712,2.769160493780278,8.31934949367405,15.370772965151977,8.848717409445511,0.1,2.9481333884301657,2.3241495785020967,2.160351532816759,2.2447889149535065,2.176321729892013,2.390132295438267
k__Bacteria;p__Bacteroidetes;c__Bacteroidia;o__Bacteroidales;f__;g__,4.889518694280192,6.95656500227518,4.70209215931142,4.985901749549554,5.723561381374839,5.41592230725338,4.8747619978132715,4.929744943182038,4.8213866411442154,6.3884449560031085,6.318554654185093,5.796491419367368,0.1,5.909869247774373,9.155347732063522,5.3320504731870075,10.867425174376523,5.4835394004529405,5.895005785174305,0.1,4.326911072860767,4.201018609278791,8.045904120453503,4.998224612796785,4.825360214405369,7.0169798177203635,11.190733117652501,6.0395406129906535,6.859579083898775,4.5023283836507,4.596927563143574,6.363046030001838,5.9169537651829005,6.283071258126061,6.891504484602159,10.60103048214071,14.37130761647584,5.176539997530014,5.568637535616072,11.526505524825243,7.343172027485271,0.1,5.907841589292789,4.794419398739844,5.1210918573087545,4.720151178036478,5.0090059942408445,4.985870816439051
k__Bacteria;p__Firmicutes;c__Clostridia;o__Clostridiales;f__Dehalobacteriaceae;g__Dehalobacterium,5.816324138199503,7.20770794445995,5.719491110298422,5.0933821764643765,5.8139205538181935,5.577070371038372,4.688543579152394,4.795254995640496,4.807325547298615,6.524514860812475,6.508813093817457,5.788775272102324,6.293092589307466,5.997210843541145,1.2486160421841128,5.513414437140416,0.46547196482438924,5.6539142548169625,6.7611389948220095,19.646425053312793,4.057050289580485,4.462334318641806,1.6895558689017567,5.114457837524525,4.601629154025238,6.745600521612409,0.1,6.131428067971755,6.752831388948348,2.869247230100177,3.29051750119235,6.563498227995002,6.0873072520862275,6.392896255610381,4.844373740627455,0.33749138994394134,0.1,4.7512724907368025,0.1,1.1038771359655108,1.6745351288985566,10.255567888815847,5.640975750231467,4.64822431085894,5.296575142657647,4.620855360170268,5.115532426398095,4.861453050839804
k__Bacteria;p__Proteobacteria;c__Deltaproteobacteria;o__Desulfovibrionales;f__Desulfovibrionaceae;g__,5.480832415666002,6.696193040090094,5.400899521716595,4.724446807658288,5.389343721725685,5.177737500908864,4.318500865704921,4.4227628132026195,4.446783895288573,6.051744611042507,6.042998490693835,5.355609956514684,6.819734416019593,5.5586227165002,0.31156391343891354,5.1209932079266665,0.1,5.249826876894872,6.348607729572542,78.16687677954569,3.7252452142827917,4.156946673132237,0.8850268144659782,4.744882495783228,4.234074444374594,6.21283568554295,0.1,5.683300890236351,6.237095809622416,2.4806733231789813,2.905342480744536,6.0946872644962955,5.650849100625296,5.927155276936904,4.26409814597451,0.1,0.1,4.351033735542431,0.1,0.1,0.9445197147057393,62.212352901594876,5.191192855646696,4.285464137693797,4.9197212454027826,4.26514430942127,4.744840929449544,4.485091676747737
k__Bacteria;p__Bacteroidetes;c__Bacteroidia;o__Bacteroidales;f__S24-7;g__,4.5740933662189915,5.6685906540129976,4.497908465562593,4.005775001209067,4.572464479362586,4.386166029108896,3.6874721009414255,3.771381600562242,3.780837120693875,5.1313135717562295,5.118947613765303,4.552719046818175,4.946429373992938,4.716618324036845,0.9844746537972386,4.336096023466651,0.3693328127560781,4.446598800346121,5.317183899341014,15.275674771510813,3.1908456963403085,3.5094246827215123,1.3307773719061133,4.022347707817317,3.6191279607644478,5.305318885799764,0.1,4.822175153543789,5.310954306395432,2.257096552699503,2.588312217173095,5.161952819941733,4.78745078612752,5.0278072696258045,3.810610056807045,0.26863625261124535,0.1,3.73688143425526,0.1,0.8714278360090473,1.318748988140048,7.9112974940704905,4.436559691886844,3.6557495657866133,4.165559567070643,3.6342099590342793,4.023195877453981,3.823441448624715
k__Bacteria;p__Firmicutes;c__Bacilli;o__Lactobacillales;f__Streptococcaceae;g__Lactococcus,0.1,0.49465794255584794,0.1,0.5661648197433552,0.7463006535433675,0.48542696240124467,1.4036680527293428,1.2624088752524096,0.8918343126123884,0.7302285791805918,0.5597545000839829,1.0453880332626162,0.1,0.78798354476583,24.690177716109183,0.41162961238956103,32.27422102449652,0.4704319336997136,0.1,0.1,1.5510898194215381,0.1,19.96984337651216,0.5427956489210071,1.5044253689459348,2.0302205314733124,34.49111935525887,0.7975994204147611,1.5219927791530221,5.560395623426942,4.623749103364321,0.5378566762763647,0.5469761422002476,0.7882257241441998,7.190338865064051,31.823271541626564,44.390069182716324,2.1545492366189656,18.361783620124495,32.45086206530358,17.838855907241815,0.1,1.8213261909464522,1.2726885145213618,0.39156496450818845,1.1227145013961182,0.5730259659060309,1.2429189187870224
k__Bacteria;p__Firmicutes;c__Erysipelotrichi;o__Erysipelotrichales;f__Erysipelotrichaceae;g__RFN20,5.1609384672936125,6.6291603765387865,5.047414769256425,4.702768536101143,5.376464193702911,5.138047993747991,4.403213919656503,4.488860973869077,4.468720015562208,6.0245662555959445,5.995875105944528,5.378641841592669,3.413750759274776,5.547490390543336,3.218135948142051,5.073661204829153,3.1403485082726172,5.207018761520729,6.054280783718999,0.1,3.838456156069553,4.076600196001239,3.2240595993078314,4.720064997742008,4.332253463546987,6.335985560783371,2.9459116032861865,5.6709683222825005,6.299841863203624,3.0901180065841105,3.3963505080723633,6.044013018208795,5.609561130258186,5.909151001831902,5.032414406894103,2.98544537901924,3.7611818382056326,4.523710133652516,1.1913712996754744,3.738683799776912,3.0310713550681103,0.1,5.308831508668627,4.355345687140158,4.87379113271874,4.31771568753917,4.723590119728944,4.547723774985891
k__Bacteria;p__Firmicutes;c__Bacilli;o__Lactobacillales;f__Leuconostocaceae;g__,8.340052265217535,10.664242727858133,8.16232271330082,7.56163593959083,8.643201727630242,8.263781806489549,7.065183131439947,7.2054631442064325,7.179313566231625,9.686886237112942,9.643582199466943,8.641642031812356,5.966679013185099,8.91783947735731,4.762865774563192,8.161372152923349,4.509181953471707,8.375075303692837,9.772285232980037,0.1,6.153454172994007,6.563485376283922,4.852350206106831,7.5898781886639215,6.949233790389494,10.166238149440773,4.15860084442173,9.116469984059572,10.116656364798859,4.880761670845536,5.3896447200402635,9.721452740266546,9.021852210420343,9.500091091278282,7.980156790822442,4.267433237280369,5.3034885070394955,7.246458512520531,1.607057956651435,5.469480466231669,4.57774090603552,0.1,8.516108888311782,6.99033602431677,7.839931043916204,6.932293673127373,7.5950414542259015,7.3005594444620465
k__Bacteria;p__Firmicutes;c__Clostridia;o__Clostridiales;f__Peptococcaceae;g__Peptococcus,21.648672881162188,26.92122306465749,21.277179340699288,19.031400747046398,21.727066267851782,20.834159465308208,17.548511978911577,17.94207013441165,17.974617663178915,24.378990124609746,24.31462510066227,21.643301073633687,22.552382729360843,22.412648934594415,5.494180629350886,20.59405715395605,2.8269039819884134,21.120491825376213,25.1873904787864,14.731054650719575,15.19628565014353,16.656031564114983,6.980761050357447,19.10928196005658,17.227483776211958,25.24812744969534,1.345986769662232,22.91397200743526,25.25796319363748,10.897855486632496,12.438732898234598,24.51801152553037,22.74082052333264,23.88964930893689,18.325515119500455,2.333963505149282,1.6089180311193807,17.80800892141944,0.1,5.215869334114523,6.852760987473845,0.1,21.11779514645047,17.393589272319595,19.783974377455696,17.28636562262985,19.114313549306996,18.188512619406517
k__Bacteria;p__Actinobacteria;c__Coriobacteriia;o__Coriobacteriales;f__Coriobacteriaceae;g__Atopobium,3.0104310630543467,4.1682121050149785,2.908607217715818,2.979632106243721,3.41691207656724,3.2413953690256347,2.8818639625812073,2.9201618137846586,2.868617470618129,3.817630993563219,3.781857605978551,3.449771939577235,0.1,3.527494825850286,4.599186210402381,3.1936427910234673,5.349838085560665,3.2826402314166057,3.602459541002777,0.1,2.5467314266629133,2.528953413488294,4.105594589722986,2.9879097703002317,2.848418423881973,4.147943190316954,5.462652560767037,3.6051763144679674,4.071961359481921,2.504447396244049,2.595917518656843,3.8094399884422256,3.5406458395251077,3.752078470114584,3.882144112333311,5.206151572074737,7.011678289120839,3.0357836205872086,2.674078122813647,5.7399580039220695,3.7612749532114638,0.1,3.4881683124568865,2.8383439650799067,3.067428037224802,2.799179975680924,2.9932831998037206,2.95465703028973
k__Bacteria;p__Firmicutes;c__Clostridia;o__Clostridiales;f__Veillonellaceae;g__,2.474664124944699,3.794961015211459,2.347416282871854,2.7385434536340147,3.1521889062692,2.963333873076612,2.752307156276356,2.769527203425238,2.6784840259653135,3.5093231288299336,3.4566325771103177,3.2178362233604036,0.1,3.2563261931188454,7.109812901593859,2.9116107987694186,8.700447055077836,2.9984778994868653,3.0480825646350485,0.1,2.4698428930487206,2.2635898861673907,6.096154987901356,2.743132334661683,2.734532806248057,3.9626650060863264,9.069875410509004,3.3270996006646363,3.833061934615986,2.917244873464137,2.885837138606116,3.478698288119824,3.23893877812807,3.4576023258687907,4.349073749261716,8.517107641814267,11.656122842129415,2.9811205424716323,4.618747661702779,9.071409913057543,5.5296762974916644,0.1,3.346163455852853,2.6974554333090976,2.796082556231806,2.644207960164737,2.7516065245932992,2.798078877232709
