,0,1,2,3,4,5,6,7,8,9,10,11,12,13,14,15,16,17,18,19,20,21,22,23,24,25,26,27,28,29,30,31,32,33,34,35,36,37,38,39,40,41,42,43,44,45,46,47,48,49,50,51,52,53,54,55,56,57,58,59,60,61,62,63,64,65,66,67,68,69,70,71,72,73,74,75,76,77,78,79,80,81,82,83,84,85,86,87,88,89,90,91,92,93,94,95,96,97,98,99,100,101,102,103,104,105,106,107,108,109,110,111,112,113,114,115,116,117,118,119,120,121,122,123,124,125,126,127,128,129,130,131,132,133,134,135,136,137,138,139,140,141,142,143,144,145,146,147,148,149,150,151,152,153,154,155,156,157,158,159,160,161,162,163,164,165,166,167,168,169,170,171,172,173,174,175,176,177,178,179,180,181,182,183,184,185,186,187,188,189,190,191
k__Bacteria;p__Firmicutes;c__Clostridia;o__Clostridiales;f__Lachnospiraceae;g__[Ruminococcus];s__.32,0.8498093790555782,0.9069456037216661,0.8250697850888787,0.8117752873788437,0.7548447682453151,0.7972091843207898,0.7618719467297906,0.6973217980578131,0.7197044838776319,0.7092688055291922,0.7589407422276292,0.7701488576648344,0.787284622406764,0.8015216381379991,0.7714433343582764,0.7351497025035719,0.7062065513944956,0.7050310104287881,0.6760898909136126,0.6817494458334674,0.6689030256977555,0.6725810522956714,0.6942427686313816,0.673912253529223,0.6455617266080487,0.4777582281675437,0.41431305327839624,0.2615237572854579,0.2276572633869117,0.2096959426654537,0.17924723989885258,0.15997076189506845,0.13806205833690935,0.0740211370551458,0.03930698827998906,-0.030221758951007843,-0.10936320755951902,-0.1707164336500797,-0.22082819000705417,-0.22455923822722487,-0.2093749807293111,-0.19527449344696157,-0.1973879561851917,-0.18965544801429746,-0.19353089402715237,-0.19399884115945162,-0.2043021966974078,-0.24911366221332018,-0.2661634548704424,-0.2500177830848715,-0.09743023254380281,-0.06369318115716607,0.08433915447585268,0.07431874778396887,0.022358636710784058,-0.0474902238714261,-0.05732001856173441,-0.07898761578009307,-0.05733112355644769,-0.04172008986159066,-0.018125702269749994,0.018394789686152678,0.038806791773610974,0.04410002612695834,0.0342075234564652,0.017485343231050526,-0.0021740598075831396,-0.03838988099754314,-0.05423981893984598,-0.07378554903920446,-0.09335115359361516,-0.144158782447309,-0.16189288935229867,-0.19994240456398135,-0.24209755387877824,-0.2328171050137614,-0.2412819222797383,-0.25020764785857225,-0.2360475894133651,-0.22193716054459717,-0.1726484904349246,-0.16762326555669368,-0.1757581886530825,-0.18862674127492848,-0.32794865748864,-0.3690671871477018,-0.43176652138213023,-0.5208708568013765,-0.5409978940402271,-0.6055383915786756,-0.6604668019646897,-0.7984436548326583,-0.844009588113749,-0.8695016622371899,-0.9375880384582898,-1.024362479140872,-1.1082056109443017,-1.2263031829223616,-1.233038647888497,-1.2959641410292173,-1.3608475020867592,-1.3980643193835198,-1.4558814094488246,-1.4889878680254147,-1.488019243250347,-1.4765225239818853,-1.485935115903056,-1.442308294056558,-1.4461956130927311,-1.3270388452165087,-1.3108804096298667,-1.2491138103092774,-1.1673320558382267,-1.1555020374804397,-1.0852599860491943,-1.0667379642932842,-0.9424951017234084,-0.8634252288530149,-0.8134451863222003,-0.7497272394426717,-0.6825878938914102,-0.5856553409487176,-0.5054265742581932,-0.5117805304313205,-0.46829841460299065,-0.49562209484467856,-0.515288954563751,-0.5605709119225765,-0.5547139329304565,-0.49227975492176335,-0.4696983369592076,-0.4172500812790612,-0.3924928875481081,-0.32174430626237005,-0.2656596776709789,-0.19879204965598526,-0.15819703315311828,-0.1041329155476925,-0.05672565963516593,-0.0188987185286348,0.002868530862748768,4.476717370221705e-05,-0.03651161464342928,-0.08863176093683008,-0.07681289611014862,-0.01781440364212489,0.04951168303994626,0.14536833665533153,0.18643644160361575,0.2729998851976343,0.3687805805489572,0.44855428804009406,0.582380551682202,0.6423162088687558,0.6481979256211757,0.6090538797411486,0.5950954359420075,0.5719933777233819,0.561637662707517,0.5370136624039287,0.5189779518908911,0.5110687796001098,0.5038675249794046,0.5022676278168546,0.4913216188834893,0.5292714819221471,0.5787783641298057,0.6273925324329673,0.692839638129282,0.7227985194974061,0.7272762251041313,0.728985048821535,0.7275323870304854,0.793741791417951,0.7793962929137713,0.775093434637127,0.7882518176654427,0.7785632127391325,0.7800077671128249,0.752435315269508,0.7857804558693547,0.7842025829339273,0.8318509509832791,0.8183381530354356,0.8207703253925643,0.8225992416677806,0.8478005431923354,0.8360927650471313,0.838265739214824,0.8522830785667462,0.8682119843004672,0.8793437235588465
k__Bacteria;p__Firmicutes;c__Clostridia;o__Clostridiales;f__Lachnospiraceae;g__;s__.385,0.4740142451523533,0.779409760928959,0.8625917238529826,0.8638677247448556,0.8008482095731028,0.8014060439096294,0.7883363592647491,0.7987855374806826,0.8577303914180641,0.8840226309167687,0.8735330551142237,0.870029106114978,0.8275385500144101,0.8598649018942531,0.8606692274341173,0.8459499235464915,0.8625503904359618,0.8766308794677652,0.8941751207525838,0.9071299386799136,0.9203564450431052,0.9228336859375502,0.8851511387444849,0.8692747014293881,0.857223346987466,0.7401990850551357,0.6918895629498499,0.5920099578014516,0.5913722329975708,0.5798521838604946,0.5673313675908986,0.5590993032623663,0.5361057618842731,0.49836936618710564,0.4768149297262322,0.44943381927738507,0.418718379052918,0.4222422595378804,0.38883815119453824,0.3948632584203052,0.4104209046550455,0.39856328782407074,0.374351999477744,0.3229650700318814,0.29291665786912047,0.27332733970939843,0.23275953313171635,0.24553867392195847,0.23330532506566445,0.24353522031005553,0.3704053226895719,0.39620441657032773,0.4867997970496239,0.4809744458594363,0.46151104990788944,0.4425837772068395,0.4367370152356439,0.4285245440148477,0.43317372284907335,0.4341260322092117,0.45633270739759973,0.47049806207506284,0.46794219940326703,0.4597248712573656,0.4400193167311246,0.4266159894168794,0.421414700380604,0.4282775535033963,0.46893641714049294,0.49930022699240006,0.5095465471569167,0.5328141616132247,0.5420966524785676,0.5523262362402437,0.5411178277077449,0.5167654189655944,0.5087350094654232,0.5044833705384356,0.49481086112760203,0.5048169606247037,0.5259086515253043,0.5400149108363073,0.5426715717199311,0.51864094617411,0.4248836153774541,0.4016332856305078,0.3663266754060838,0.34800174566128833,0.3515244309268429,0.2966076988859771,0.2428560681043229,0.1290691233863858,0.11249763489551054,0.10204811605191808,0.06478122275432646,-0.04280458858393217,-0.11839377394970611,-0.2180801905434045,-0.23336958154869947,-0.2586889115223632,-0.23833057889456583,-0.24044286046254,-0.26329909975916604,-0.25743761370964535,-0.2244048388483256,-0.19990941877795498,-0.18701945669904782,-0.1521890703954297,-0.1230868442528951,-0.028759515547325476,0.002256230720990244,0.057649617411867735,0.10583242796509248,0.12142655113544676,0.1944918761422398,0.23726375429592983,0.3531711124920729,0.37302112921567376,0.3630946867084555,0.38513264616460413,0.4739554493531284,0.5358770435390283,0.6300988003143659,0.6311978535698644,0.634610365452755,0.5932550230479015,0.5728081523727291,0.5410577475027498,0.5160856431320796,0.4297230411413754,0.4109701377044655,0.39970009925281785,0.31120945099228886,0.3089281319780486,0.30026233580147677,0.19739251621582876,0.17244815656558232,0.06797132626835829,0.061756855220073036,-0.047121828286255454,-0.13283615562925724,-0.2610876697931488,-0.389721422648913,-0.4765496004856958,-0.49036579544883396,-0.5791885986373583,-0.6852787372511823,-0.7736544595494752,-0.76069431117283,-0.753685138209288,-0.7240893914127885,-0.6971953549714947,-0.6594183202870874,-0.7198248022611792,-0.7284132920990416,-0.7388017042200938,-0.785019054259482,-0.7375000790990375,-0.8299080591764403,-0.9155695917054381,-0.9155695917054381,-0.9969546961007587,-0.9969546961007587,-1.0201798286553916,-0.944829118945213,-0.944829118945213,-0.9162987732601635,-0.887768427575114,-0.8058225746311614,-0.8927570491288802,-0.8927570491288802,-0.8556382136059684,-0.8061884031179626,-0.8926524608186663,-0.883259342663054,-0.9572569377969513,-0.973708685544016,-0.9786938422809969,-0.9872823321188592,-0.9822583876258849,-1.0317482167887433,-1.0065155384675726,-1.1047657834817657,-1.0026496341117592,-0.8990722718526554,-0.7930367434928068,-0.7063105559435228,-0.6304473685757309,-0.699240782413953,-0.7745914921241317,-0.8031218378091812,-0.7113660465262736
k__Bacteria;p__Firmicutes;c__Clostridia;o__Clostridiales;f__Lachnospiraceae;g__[Ruminococcus];s__,0.08176378562769007,0.05700835651589021,-0.08340387695687668,-0.09063917943344547,-0.1908659568974777,-0.13380145413230768,-0.13633094716171978,-0.19591816677241713,-0.14450660577496,-0.1439452807682254,-0.07251598157387923,-0.017363845872721412,0.021537121720500305,0.06212658321546318,0.04445041653841909,0.01703579149941019,0.00928698908061137,0.0204733145459216,0.013110030103896395,0.030240599248097855,0.02506096796877047,0.026067569133981363,0.03949474064081753,0.021970097361275143,0.00855279735207897,-0.0783769759825607,-0.1290317287828738,-0.18236872471569945,-0.19827093778191607,-0.19772598310310172,-0.2166229694465155,-0.22385486435728869,-0.238288867748821,-0.29075506354093705,-0.3013244551406542,-0.3687902960593656,-0.45077385025156674,-0.5208942734720531,-0.5764803696579738,-0.5725746388853339,-0.551975668812422,-0.5447950319103805,-0.5438708415485369,-0.5383527406664514,-0.5480288680460434,-0.5482033485672865,-0.5689466735900318,-0.6103850973682441,-0.6144230654381481,-0.6061919539223489,-0.5208416250389754,-0.4857181576134277,-0.41579356172857085,-0.4187938944563405,-0.4644885789343364,-0.512149497238213,-0.5157204199618537,-0.53517643672703,-0.5194173904037522,-0.5278134127376224,-0.5034562028029357,-0.47748791636729854,-0.4556671080916162,-0.4647136407060672,-0.48819076083207974,-0.507925675166814,-0.5326024826113414,-0.5722589117648041,-0.5864467304148477,-0.5964559799120857,-0.602449881952193,-0.6278646974166402,-0.6268327766334465,-0.6546989834369715,-0.6857929466924902,-0.7027279215890597,-0.7010252494252032,-0.7048477711348822,-0.6879260173136962,-0.6467973908753512,-0.5984015277063931,-0.5901251003198389,-0.5945757857712932,-0.5685831896137147,-0.5866968151452394,-0.6225756899335052,-0.67518063003636,-0.698313863053262,-0.6801324703113177,-0.7303076293641138,-0.8004521637246808,-0.8984587862324669,-0.917516817043245,-0.9103361801412035,-0.9510154482393562,-1.0024420031117693,-1.034320677844362,-1.0742150220492968,-1.0875640415126884,-1.1249351357809072,-1.1456375703914583,-1.1935961365362617,-1.260612733491843,-1.2811489404878866,-1.2664437795746932,-1.2376272720512764,-1.2188941976907741,-1.1454007503358454,-1.169590812672052,-1.1462378749712672,-1.1068406157551556,-1.025462744995491,-0.9719389436736146,-0.9586366309528658,-0.8771399031722039,-0.8426785550933057,-0.7476995318770338,-0.6818760470357613,-0.6615444710375868,-0.6166580287323352,-0.5822766402338746,-0.5399884813505568,-0.5004314736241222,-0.4550071704233089,-0.37478418266509733,-0.35152457484907695,-0.28507023558262956,-0.16818897328002966,-0.1480769693114971,-0.09380283112728688,-0.11272933092753076,-0.08748516947008168,-0.03927577321838679,0.04895464312917648,0.12401094567727522,0.20515848094866715,0.26765106054820686,0.33516119263601374,0.39398523181016665,0.44758385455809196,0.549491882754947,0.633663261766342,0.6816676929536892,0.7230432678716471,0.7706020748826115,0.8525716542233053,0.9520497441726451,1.0415418465231523,1.018924965816015,1.0659256679007068,1.125212022026646,1.1710937804188177,1.1777312696549185,1.2313704670578454,1.2428623148668212,1.2356404448154112,1.2376594167371937,1.1937180619295058,1.1815286892668466,1.1579808293799572,1.13854602468582,1.1262022779417895,1.1028530158068308,1.107790630202488,1.0985699866846788,1.1002257974632519,1.1010603576110922,1.0942844489971135,1.093821005020546,1.1075265927397298,1.1067485169093505,1.108837589461032,1.1030808376611438,1.1944387757065749,1.181032979059217,1.180949047008022,1.1824057606171183,1.1776066777726495,1.1837887983144062,1.1581533200825114,1.183668107156986,1.1690856260095657,1.2098353227307372,1.1487178105390503,1.1165932475589437,1.0641174775562396,1.0683691630805994,1.0603670221164814,1.0391164989711417,1.0274024705087883,0.9985086545385535,0.9825170606789707
k__Bacteria;p__Firmicutes;c__Clostridia;o__Clostridiales;f__Ruminococcaceae;g__Faecalibacterium;s__prausnitzii.57,0.23054003056723263,0.3970280563055979,0.40013031882870903,0.43284832318574484,0.3418171631750745,0.36690359129859457,0.3492723470961844,0.3552678567083919,0.44966818365617506,0.48789347608131567,0.5347209792877381,0.5822539251431608,0.6127141836505156,0.637469381928269,0.6209535394660576,0.5711938654525164,0.5387361642454385,0.5245755055645901,0.5185189266743019,0.5239352323502484,0.5243580047655803,0.5253026284702118,0.4938597294150814,0.4646403453686872,0.43748755370162157,0.261734174009619,0.2008207732358234,0.018035601011512865,-0.00285862612559312,-0.017352585579707383,-0.046693918927278345,-0.06649670156096928,-0.10061131011835041,-0.16385607286947912,-0.20949770849320518,-0.2728208461079744,-0.3458743184182718,-0.394775460006072,-0.434992692023736,-0.4390151535809669,-0.4162846402537306,-0.4019271447834184,-0.39938577935886826,-0.3993474964101394,-0.41379240040696424,-0.4460961867546122,-0.4832115961589414,-0.4823765394272903,-0.47171761961836156,-0.4556583492043967,-0.2742168335637533,-0.21273575543505874,-0.02697270308560256,-0.019924911110685437,-0.03512744422246659,-0.051097750223964115,-0.03995165266987152,-0.02949151712468177,-0.013038278928564564,-0.002121474262364069,0.021833838833522617,0.0422784928493736,0.04204544267443643,0.02274190141701057,0.003484830649467072,-0.011150099889381865,-0.026864889165811902,-0.030512778523016523,-0.028848957739035733,-0.01765162437195642,0.006665658954777414,0.025378895835672752,0.040963436568605155,0.026469932656528115,0.017354038775367724,-0.0026786844227981166,-0.022157093774735213,-0.027718941906063242,-0.03933030221811515,-0.025983156838512378,0.006416871146974059,0.005044669353079421,-0.014656052791399232,-0.012540240803296023,-0.22392596960897163,-0.25583392196573124,-0.3274124860392248,-0.3837258346495654,-0.3745128761870671,-0.44095261712090433,-0.5046003425610823,-0.6680693717216464,-0.6976556083111494,-0.7048465179840899,-0.7493346872406289,-0.9152542289243205,-1.0382763618117439,-1.2133123757537292,-1.244909207681794,-1.2817958950484591,-1.280048400659641,-1.3081299624459015,-1.3566839817599328,-1.3502443748035393,-1.3232727437700882,-1.3052191533152442,-1.2864923857270836,-1.2465938822018316,-1.2531363810055296,-1.0270844943517055,-0.9930167354591927,-0.9106215823473864,-0.8374347118905753,-0.8175726277814532,-0.730925006360726,-0.6737788516492127,-0.5127465106945724,-0.48567489683353193,-0.4888161668572708,-0.4544362158479098,-0.3059352401687122,-0.18882014953577844,-0.018654210721880914,0.0206791638288413,0.075347550344195,0.08427646730611325,0.11541525507332721,0.1723840290428896,0.13792296164405918,0.14969685209822217,0.14177309979454544,0.1551762634475003,0.17110551772453506,0.2165530261557317,0.2485401900722082,0.2847396713378399,0.30589327367515773,0.32511513311970797,0.3398952747492738,0.3359949560562962,0.32342181746024373,0.23897130988417423,0.24233907426762094,0.2623919094684851,0.28750316618950256,0.3348683377416951,0.37291257806728517,0.4168259162995937,0.4306403052657926,0.4538288776544587,0.4849607137235226,0.5199295123106868,0.5299535590484635,0.5796650627001165,0.5894088895864861,0.5528901256711015,0.5217771702100515,0.467669150061226,0.43427261519434607,0.3940766126546788,0.3821032782623724,0.3774789039293218,0.36673692164905375,0.375468314041967,0.38471657850570085,0.4264252795384358,0.546731457948603,0.5801129007839351,0.5876585827141831,0.5781407929782627,0.5625170774027756,0.5524112603914167,0.5207254826654242,0.5315121445329509,0.5180901726949938,0.5093451604489586,0.5043777703787583,0.5026294927496279,0.5145482510820255,0.479664492269994,0.4893421037324914,0.509972963332823,0.5495783619309165,0.5263951708448805,0.4997199618216341,0.45709702740642816,0.46863419214477453,0.492084323439984,0.5045838141545677,0.5066341083488757,0.4602349293211459,0.4575645568457772
k__Bacteria;p__Firmicutes;c__Erysipelotrichi;o__Erysipelotrichales;f__Erysipelotrichaceae;g__;s__.14,0.9025603784617042,0.8529356853055159,0.7951840705657234,0.8155490512073517,0.6425501295319858,0.6720579595187469,0.6182093901980453,0.5823424649704023,0.641238208344951,0.6353799382513304,0.6908023444286874,0.7578657278937739,0.7977241524082388,0.8362892390308679,0.8157839322221397,0.7602983153777753,0.7277252219961721,0.7396864254123174,0.7200606831592156,0.7378090867435576,0.726770949514596,0.7262815481181327,0.707283643023754,0.6839738501642064,0.6495013483116587,0.5004156847026585,0.40507359157199907,0.26769461230703084,0.22982603274954497,0.21214424206152405,0.1899812625709142,0.1821825712619313,0.15121394611408553,0.08376425662073174,0.05531242018470287,-0.031540524758752735,-0.14782633027195632,-0.22525214470751634,-0.29081031679746566,-0.28883163534677025,-0.24781736636616256,-0.19861547228914642,-0.1927794718810275,-0.16881315271918468,-0.17067968400992084,-0.17339834907080223,-0.20618308895110743,-0.23053131334868746,-0.22954119111104002,-0.18553564258382998,-0.032431687754533395,0.05423971192671615,0.2177970382481279,0.23942823421277246,0.21682168855782546,0.1783710037111285,0.19203264086425392,0.1838260582976843,0.20465412970565924,0.22017573748823657,0.27681364790351154,0.33631856401948396,0.35614491170873963,0.3490404851363841,0.3190792338806933,0.2930539433079714,0.2419053835383641,0.19114081407150954,0.15821284539928576,0.1317836130985297,0.12082471291925213,0.09420359352058158,0.09618929353670437,0.059634777040015186,-0.0058482145817010615,-0.05172109515165564,-0.08210973816150538,-0.12453220609421647,-0.1399165174810817,-0.11799896782735515,-0.09045132462648557,-0.10944492153368794,-0.124823722513523,-0.1060133499375056,-0.1818450402037769,-0.25789434959650104,-0.32286131343877394,-0.37587190360167405,-0.3723711311080324,-0.4581149131486434,-0.5509470944383981,-0.7137567635428976,-0.7758533988455192,-0.783321931372799,-0.8322022836530795,-0.922096514506537,-1.0155946008053596,-1.1155326819348768,-1.1364931585220344,-1.1957528914361693,-1.2222484676414092,-1.284625699890008,-1.3587784661018725,-1.3908135217879412,-1.3769322523084293,-1.3453420896063084,-1.3145264499142895,-1.2468499738892052,-1.2804931685181906,-1.2243206550212873,-1.1696156564819986,-1.0882108895737916,-1.0027760931846201,-0.9926967741768742,-0.8658619241089887,-0.8189806242553762,-0.6781429301375675,-0.5738628346328815,-0.5488877125073867,-0.5082979571842343,-0.43966290930881924,-0.330776789186386,-0.22502482942564728,-0.16371198570359213,-0.0470484412132487,-0.011875462425116182,0.08615533518326803,0.18693875025469367,0.2252384411453015,0.2562253658054384,0.1821526932984602,0.1439938945752651,0.14885193137353778,0.19822014666631138,0.203921572755474,0.17708887094851394,0.10625511199096765,0.007222795255568681,-0.05040976563320229,-0.12250324846667274,-0.12816090939913105,-0.1466794635134002,-0.14814888269670712,-0.1531965528558874,-0.18953514771523092,-0.1615519528343402,-0.12712666685153487,-0.10110181924757806,-0.1069284687581423,-0.12185473939540302,-0.11403765991293863,-0.18183534045168653,-0.23181992036385704,-0.2635146348375115,-0.2592558181539921,-0.3384374508853305,-0.31263107824683145,-0.3861287005407611,-0.42196230499072457,-0.4314019183039031,-0.3737927601146538,-0.2942184752721997,-0.20830882649703852,-0.10416737309245429,-0.035944309326171896,0.030648887588740435,0.09334231615066577,0.09769192281858537,0.1095063071900724,0.18390165948700235,0.19691099476571775,0.21710918612095623,0.21035971930835454,0.24591545269034337,0.25472430810581587,0.2767230727060369,0.36548632032715633,0.41171055729416267,0.4642420819383585,0.42478555129072015,0.5817463264991778,0.5917032404466509,0.6963872283772495,0.7510735451112412,0.8081853440010867,0.8376598251331194,0.8525813729620235,0.8748784349049287,0.8577814005702904,0.8573296140105999,0.8864068842232669,0.907093778836581
k__Bacteria;p__Bacteroidetes;c__Bacteroidia;o__Bacteroidales;f__Bacteroidaceae;g__Bacteroides;s__.109,0.5819341313656703,0.8093938674658413,0.912265513990651,0.8967666162401419,0.9145822417476015,0.9144522417498372,0.9292245677548917,0.923458773818413,0.9271856256470516,0.953490548481254,0.9419361595644056,0.9565025832895349,0.9566795501265168,0.9577711768810827,0.969324788184119,0.9095295517444255,0.8896404363310861,0.8584544893138173,0.8295769473117366,0.8168794230451407,0.8201478259969196,0.8223867572733586,0.776909223572199,0.7444319543181352,0.7168060056805474,0.49467733407890074,0.46672625917237925,0.2668737735326038,0.24502066509323164,0.23087417591740522,0.19651174432518598,0.15059708127816246,0.11443357053817613,0.08500402996228143,0.03924139337825853,0.02400347662711806,-0.0021730340672864302,-0.0145240152940084,-0.028737882460890783,-0.05153156486347706,-0.03402547129385953,-0.035176550720474896,-0.02834286939214454,-0.014063444359395202,-0.011402702064828385,-0.028522122547790508,-0.04442996084177803,-0.017345357034107528,0.0004413687271708006,0.01764131935997825,0.23936531908420047,0.2474963126468655,0.42161373347993647,0.4322722942155198,0.4151317231043387,0.41188225955252067,0.42006894822428964,0.4297252766674769,0.4230165349299758,0.4266593497855752,0.41253958757395814,0.4073151885443771,0.38730774282114033,0.3693064715259694,0.35058165773936656,0.3265262332040271,0.29996340716197706,0.2956899497618643,0.2826159801844312,0.2762737042448694,0.2639191229678972,0.2474829890292596,0.23188752051953293,0.21536967639665433,0.20859333656259285,0.21097246067131692,0.21552599897155678,0.22327193201655404,0.21667383702541948,0.2182985061339874,0.22096475529874998,0.21989325242756608,0.2193521977292731,0.22586105667880488,0.0652393508895007,0.0608137088961933,0.04326865429404281,0.029587647636901943,0.027658881209896943,0.0307108260008592,0.05123490212061576,-0.10520446408382654,-0.10777814156293827,-0.10019717686305377,-0.1222489778367619,-0.2624683981645435,-0.37863548369846456,-0.5800320646292958,-0.6214202797699853,-0.6449519912014747,-0.6787897351865568,-0.6964115615993429,-0.711307761830163,-0.7041119022709189,-0.6806280458773267,-0.6588784705328615,-0.6426980987271219,-0.6401531886175126,-0.6371714314243497,-0.46412719150811654,-0.47142810777531535,-0.47798430165156264,-0.4724557690251847,-0.47729756760223707,-0.4728120249507269,-0.46833716783577883,-0.29780964954811423,-0.31095966840015604,-0.33593561667139843,-0.3375443872961485,-0.20981067085528216,-0.08514915332084248,0.11096908159018548,0.1305821757258583,0.12372096168473203,0.1144201344238645,0.08088583979208282,0.04050416531096311,-0.022472416979914988,-0.17683967617731328,-0.3290062636605731,-0.4716752419958605,-0.5589622963716419,-0.6024874420937555,-0.6314618299736604,-0.6221152806615059,-0.6177685389970073,-0.6142717274369943,-0.6469419586130728,-0.6600819756621498,-0.6997073818547901,-0.7508887633659281,-0.7981397476870999,-0.7975201306454587,-0.7909322336468309,-0.8018036866461022,-0.8150644248007076,-0.8024670773407908,-0.7660382318473304,-0.7387987890180254,-0.7185555936138577,-0.679241373786043,-0.6548038897054402,-0.6400306201221809,-0.5226187383109362,-0.3974756853791254,-0.28401237758107506,-0.20905980767745475,-0.1671436630868795,-0.15975541418347614,-0.14124171857975973,-0.12385015827839306,-0.1188297977166668,-0.07644216575606387,-0.0764243848942221,-0.04426636922267718,0.016781778168381126,0.09123735817184776,0.11126154910752178,0.12903477578996714,0.16115073056968124,0.1870453963997001,0.18311989841273305,0.17054528730503044,0.1495941524924543,0.15101953115807137,0.14969929896466,0.16127879983819735,0.2036320039226057,0.2538629200418773,0.2541538894007823,0.27536671487849346,0.29573301818546194,0.2695220175746069,0.2533669042130416,0.21860284756580653,0.2156790134181674,0.22735154168457553,0.24690068973081117,0.27922614010596364,0.27638026243193026,0.2673787456828437
k__Bacteria;p__Firmicutes;c__Clostridia;o__Clostridiales;f__Lachnospiraceae;g__;s__.1032,0.28635855826989326,0.22192954598129777,0.18993454227900075,0.18723925923472934,0.09901000543924787,0.1273112555886461,0.1107081276056288,0.0904770060688681,0.16818401565278168,0.18156963239483112,0.26073766504770624,0.3236508315289844,0.3605798019613735,0.4144764441675806,0.40962324318430315,0.38471487546700456,0.39085663122330516,0.4032413308187579,0.41195681743793405,0.4190194298780252,0.4156749262881788,0.4159695487509408,0.412320837065945,0.3769411193619248,0.3532985995718626,0.18166566483061114,0.13422343148839824,0.04143447977484217,0.034163416131120505,0.040689290070336115,0.03787134878480816,0.03034090130472864,0.005627429801679097,-0.05111591194840404,-0.06415338091211434,-0.13267719179524362,-0.21253044356920014,-0.26151919511114374,-0.3309668253821924,-0.3289241508811282,-0.29993360624284987,-0.2906528594667871,-0.29056833618611416,-0.2930509050912891,-0.29321015711403897,-0.3114613847239891,-0.34737357991103424,-0.3918783074707346,-0.3861238111890452,-0.36758936420742017,-0.19548421204507235,-0.1585287518020202,-0.042325779910376615,-0.06421618803875032,-0.10459467343847145,-0.1565383242565816,-0.1459125476304625,-0.1624076896912707,-0.1643544698340307,-0.18108533606303812,-0.14991170242833018,-0.12069273425836703,-0.12264972204421934,-0.12524691192105156,-0.15052009403194463,-0.175652339875119,-0.20175126962054457,-0.24385873737209732,-0.26315164160133664,-0.26823448740941935,-0.2630448164404156,-0.26979747336605575,-0.24813808343928906,-0.2621994715016845,-0.2872204722916305,-0.30636400234336303,-0.32288332436812034,-0.3617943377943849,-0.3492167551621169,-0.3329961267908284,-0.2866481127528528,-0.28381907200906914,-0.2749172258460399,-0.23548323472978164,-0.37797509927045075,-0.43098010703435735,-0.49997605655464916,-0.5223216271073599,-0.5074261379085752,-0.5730819221609377,-0.6400253673975292,-0.7971102615687282,-0.8188639913165413,-0.815918046394735,-0.8602438196474425,-0.9735326033450974,-1.048835554777878,-1.1414003152251095,-1.1581478150716122,-1.1955188561635812,-1.2066474130886662,-1.223980702524414,-1.252746915932248,-1.2348360628296413,-1.1855966672373865,-1.138717343317862,-1.1120734606959146,-1.0424854324912083,-1.0507469920255736,-0.8830143932879172,-0.8232485831864055,-0.7177557335471118,-0.6549017839829535,-0.6359221191478975,-0.5313358905239616,-0.5098365304652799,-0.36245602872116534,-0.27662024270732877,-0.23856897909041097,-0.1921469883726067,-0.09114352280366628,-0.006901637732899975,0.09427063150664444,0.1521577752799017,0.24660411363111712,0.2841159191751304,0.36740562776430435,0.42327077510170064,0.40742978641893957,0.3645086745099133,0.26606645241297533,0.22334460827359923,0.11885935521005977,0.0715291944766504,0.04814795170738664,0.04804181113471346,0.0462713207312113,0.06191051049218872,0.07165484046095354,0.07009811828952692,0.09127103579958185,0.05089255039986077,0.009820005761046514,-0.02096787244968936,-0.014112905698830948,0.04726088592609735,0.11799569689548639,0.1623518459072715,0.11311543062909206,0.09868361395746877,0.10468057212610772,0.10646526242420502,0.13824630017213213,0.17710720785947306,0.2628513749240356,0.29564641042223083,0.34493016417295197,0.4050502426273093,0.47419494143486446,0.5006095351303186,0.5324830307010632,0.547350497698811,0.5539613215569031,0.59433376870932,0.6129279865533406,0.6901561951047149,0.8036284430592586,0.8603604287635804,0.9098423070123002,0.9452165744141477,0.9498883103395745,0.9437695221205138,0.9462855362632167,1.0480091545424823,1.0539481812838523,1.0471680948278277,1.0243427294224252,0.986674669851562,0.9641387479889536,0.8306149346728864,0.8014378081005659,0.7260109850895367,0.7482272002126545,0.7558311657030805,0.7720911473933981,0.7676801032815316,0.769624229197763,0.7160991075759481,0.6840696827030449,0.655780511838225,0.535880025718114,0.5316669166862573
k__Bacteria;p__Firmicutes;c__Clostridia;o__Clostridiales;f__Ruminococcaceae;g__;s__.539,0.42273574240981926,0.5088303706667603,0.5260408026451797,0.5759050458559605,0.5227007850233691,0.564213287670987,0.5731444287335777,0.6282908718333547,0.7416688251465237,0.7983850309802717,0.8633156884814384,0.9084500138288729,0.9124427601859709,0.9243547502969837,0.9183052983356368,0.8731219891505642,0.8778619697874543,0.8873950938072639,0.8864625989706487,0.8880998151251575,0.8784538617123919,0.8694891699163196,0.8292611214236661,0.8039809789801424,0.7722541317890865,0.6427476835397488,0.6005263911947413,0.4655109059777157,0.4488010184689681,0.43243586832887404,0.39759503582013705,0.38321935347948005,0.34290252113731207,0.28027993522499023,0.23433558959151846,0.16281883277256615,0.09663146125755098,0.06510821712698521,0.023881815505859338,0.02176577392508876,0.040090635578287015,0.021644985006604243,0.004814717500236627,-0.0038696952571683372,-0.012059209585999424,-0.02531168162599371,-0.061280504110412685,-0.04119711834055789,-0.042739225411464146,-0.030947363280516928,0.07673613654318047,0.0992066414799933,0.23172332339763854,0.23440232640520303,0.2105700916535735,0.18673785690194397,0.17966163058043388,0.17632870440024295,0.18232048263386175,0.18512561335876287,0.20765905004742194,0.22225055996623738,0.2072404293443324,0.19428653981662422,0.16871634234860872,0.1579963482294731,0.1513564667678612,0.13237086483269958,0.12728372380707337,0.1302833089264016,0.14670509917219823,0.15568050256776894,0.14541607287749644,0.1351953798343101,0.11010218331749513,0.11920243097232693,0.10516595061458452,0.09640497327986561,0.0801866562872465,0.09431419544728353,0.11620176459972117,0.13031481444367243,0.12306810790907567,0.12924168831783509,0.007430649334100637,-0.010265401569763273,-0.051429656238312,-0.053974772540346,-0.03470474868107071,-0.08837029927345619,-0.15548155992357554,-0.28114111284233373,-0.30746742653041037,-0.31050798265833385,-0.3622501853751089,-0.5054379138721395,-0.6124677244950225,-0.7326534613109612,-0.7505791388532269,-0.7726995831585125,-0.7850054581777218,-0.8028172255927362,-0.8542231524364173,-0.8591683424565802,-0.8397080711880749,-0.8045574627138751,-0.7967897336891037,-0.772069252200805,-0.7904210149998652,-0.6736372675213359,-0.6514172866696986,-0.5928110639322968,-0.5598213524403907,-0.5629412913270716,-0.4951226236073025,-0.4799941371049472,-0.3671413119528985,-0.3241016043584098,-0.3332805932510718,-0.3015056793693971,-0.18325038103016705,-0.06416635349560326,0.05690607017466401,0.0904253515855586,0.16312781380609725,0.19529797370719426,0.249750065842984,0.3286040296218966,0.2964759349018217,0.21611014414144922,0.20237954470368058,0.2010618527193367,0.07406817879377715,0.0023494552408723,0.030971815531207467,0.03140091828811116,-0.06522230744640183,-0.10650176210677018,-0.09688302514114783,-0.22929144060776152,-0.22160275721520858,-0.33445558236725725,-0.4699284534708459,-0.5533044778995259,-0.5343854598941509,-0.5023170831855409,-0.4890260991033273,-0.45759462267160084,-0.46206877695725374,-0.5743618680106224,-0.5664905765662392,-0.5531641498747952,-0.5587478138659135,-0.49568758208465924,-0.39289818408652644,-0.3879522238873752,-0.40828292987999837,-0.2926160317218505,-0.21014797742987393,-0.23621585887380026,-0.22320083465022214,-0.22320083465022214,-0.19049242338088312,-0.1776452044189877,-0.046898399422926805,0.006844277322973285,0.14716375625221598,0.2968473891400999,0.40190163300144305,0.30823579884978264,0.28968570486084955,0.2725745551693618,0.23814381023293416,0.24711805804391648,0.34913448810242736,0.3421896647091107,0.33046394589258943,0.3247963233643072,0.3279434343297396,0.18713703333449552,0.1340645480508684,0.1506345471673568,0.12014536052493544,0.14446272867092036,0.1661398295694953,0.16681129796489505,0.26728274598370694,0.28870655923044586,0.2932426637601162,0.2005128617611666,0.063047495628491,0.06562665968033961
k__Bacteria;p__Firmicutes;c__Clostridia;o__Clostridiales;f__Ruminococcaceae;g__;s__.31,0.5421424100610049,1.1371187888594414,1.14601106049592,1.078934849242022,1.0480946438585106,1.0417489686188484,1.010774289238767,1.0116908297100604,1.0170873625581123,1.0159424404710538,0.9877954938384966,1.0244164417391532,0.9939323707961467,1.0030471764515256,0.9835719339084295,0.909362894843647,0.8784490198710663,0.8360529866457722,0.8412891229247306,0.834897319264414,0.8351743200755583,0.7900185800680023,0.6857260811789968,0.6364130702613057,0.5739288390918503,0.38183625536849597,0.3016630356932491,0.13860856665127153,0.12499026660306123,0.07858377171416506,-0.0031039546226192625,-0.04009804993106052,-0.08400595936946496,-0.11472352398293087,-0.14655725309976195,-0.18003950552052525,-0.246310671507101,-0.25351314313366535,-0.28690477888392896,-0.2948286011738698,-0.2839323324698083,-0.2828389448089606,-0.26174198355157335,-0.2937636131603516,-0.31114774311815785,-0.3499081934707221,-0.3954822887443733,-0.3124617586439234,-0.29148363255887494,-0.2542048330513672,-0.07968427234870262,-0.037848307891858106,0.08399475584728075,0.07594279140582337,0.07882348607406243,0.09838415367512507,0.07796868867660137,0.08696446819457337,0.08825516984230865,0.08596515065106713,0.09144545311981825,0.0968131363174002,0.09989766028580112,0.08837436767371214,0.08669319377240597,0.09407740369995468,0.09151395741343066,0.09358049323864445,0.10145437627289301,0.10656844601257706,0.118977638550198,0.1515427243192671,0.1127648733554607,0.08889322977715208,0.050738300346973644,0.017422963038019223,-0.008543887382769145,-0.004237052232656809,-0.03720321979092228,-0.0452921466330141,-0.030415681314739026,-0.00019103492617309926,-0.004362216875981352,-0.006420313512701986,-0.18292897819304468,-0.16933712597645484,-0.1832317809005341,-0.22212223961676386,-0.20155597801100694,-0.24602698060676295,-0.2609990460953142,-0.445288955602943,-0.48512919941919797,-0.488755781884479,-0.5164273459391444,-0.6941115488970528,-0.7896848979864122,-0.8905675605754095,-0.9157537473097043,-0.9079649960284538,-0.890961821667876,-0.9126275828586702,-0.9340721520749635,-0.8777464885754918,-0.8295564641663122,-0.7933353693838932,-0.7812250348311868,-0.7656174262121929,-0.7428664603958969,-0.5310360051954598,-0.5313593589990778,-0.5021811457832652,-0.48661229129947514,-0.5182701289418674,-0.45765708910092984,-0.4300168992649003,-0.24225900559854122,-0.21541031240463926,-0.2343564590485394,-0.27401536754443795,-0.14596871664900424,-0.05342322503786335,0.06402375761208919,0.08964796368704048,0.10098145393472813,0.09476212160551305,0.12080075554541457,0.19672445664974827,0.09398810048077134,0.10242550863083338,0.10683088647734172,0.12691546100842513,0.13751043574736838,0.14157492434903093,0.13189013172051264,0.15239911474751802,0.16406851128813693,0.20342784887296145,0.24101740438381206,0.23226051116135465,0.1877692277611129,1.1334094753816527e-05,-0.021764211746443635,0.00804162526050558,0.07797668500053524,0.13978118086973726,0.17393981434863978,0.19940957409978113,0.21929089390232573,0.2508309383947861,0.27897041280659063,0.27638968494418586,0.20680104087110174,0.25641533420304585,0.22972818765683622,0.1850549865478168,0.13199724232737123,0.08055657001350677,0.028673214115635087,-0.015254130610024069,-0.03766502540069729,-0.05847769667644979,-0.08914757026005922,-0.10585295169242802,-0.12970357483548955,-0.1008221739958557,0.08581042411362855,0.11770537811485669,0.11444541582185795,0.10898809402862458,-0.031444504642615764,-0.024127072224729387,-0.043710468074287426,-0.03049798708754551,-0.03613748076065941,-0.030935760510377865,-0.02205990912425036,-0.010134324665942971,0.017611778730441147,0.028589989994468823,0.026189401163155487,0.04538061362747545,0.07898429894931004,0.10975017938813282,0.14170378049239335,0.1664384660414683,0.17445499000563885,0.18213457417542667,0.19580854660196395,0.20815425018165395,0.19841441764268486,0.19570585687630687
k__Bacteria;p__Proteobacteria;c__Gammaproteobacteria;o__Enterobacteriales;f__Enterobacteriaceae;g__;s__.60,-0.725325810167938,-0.6162338751930243,-0.6525978535179955,-0.13486404344127662,-0.12204607481671251,-0.1205061038390461,-0.0745047384361066,-0.2464562633322832,-0.29966399075846706,-0.3204117857044314,-0.3572221515647502,-0.4482967170681476,-0.45282327269506784,-0.3058410184609231,-0.16895207324464293,-0.1007712511823518,-0.13750975465209217,-0.21043237592728256,-0.2375320303610013,-0.15596510087254783,-0.07090794621472003,0.012742778319809755,0.009111605335537329,0.0531183934917027,0.0876434343999843,0.13500037214211447,0.18835834403044868,0.1963221937952621,0.14186290559828346,0.15059026039627657,0.1550811230450909,0.1709816465130224,0.19997329161052563,0.1709816465130224,0.13326264661752604,0.155822531500827,0.155822531500827,0.11810353160533067,0.09592940562982105,0.014471356427758559,-0.014346148603060827,0.008213736280240167,0.0633874457717227,0.09357913290696591,0.047147150657922535,-0.03834793282847533,-0.06892292642238784,-0.08637763601837403,-0.10305521687717752,-0.12136108818971458,-0.11849308087792791,-0.18057840756425525,-0.15082325743357233,-0.1821104971148664,-0.24601156140434202,-0.2750032065018453,-0.3003118403651397,-0.2915844855671466,-0.2915844855671466,-0.24876031038433546,-0.2574876651823286,-0.19830433294958205,-0.1467528029687778,-0.16582445712565635,-0.16301487642213236,-0.136002716319601,-0.08908841458209987,-0.047151016294104696,-0.06861534863135482,-0.06292444394480057,-0.1006434438402969,-0.19884944749240255,-0.19884944749240255,-0.2827875249811601,-0.35913610782079347,-0.3586782060320421,-0.3586782060320421,-0.3509324581020954,-0.3370999280167875,-0.24319117897846695,-0.1888300682941387,-0.21649512846475452,-0.2542141283602509,-0.21649512846475452,-0.15251561587485238,-0.1663481459601603,-0.1739799482121025,-0.19653983309540352,-0.24850421683305116,-0.26876850713256134,-0.36184548289857466,-0.45770144100051463,-0.525820903682489,-0.5345482584804822,-0.6075641207985365,-0.5121162012076692,-0.4769797725109226,-0.45522794568334357,-0.37673103206132774,-0.37673103206132774,-0.4135813488186881,-0.44257299391619137,-0.48803774174163445,-0.453664186887736,-0.4652700306020322,-0.49707125640305955,-0.47680696610354933,-0.4478153210060461,-0.4478153210060461,-0.4943401239999621,-0.43119068171173147,-0.45375056659503243,-0.4260855064244166,-0.3636171340319735,-0.3258981341364771,-0.2969064890389738,-0.23729658031115394,-0.23729658031115394,-0.18276870014918903,-0.13351276475217558,-0.15203968877541366,-0.10997838743545066,-0.05118800931709583,-0.02029994953620411,0.08900638047726957,0.15325683767405843,0.1822484827715617,0.2635845679720309,0.3231042670690365,0.3918073190377717,0.47825076867821487,0.575290844623155,0.7091163545397399,0.8146814909381574,0.8769312160110494,0.9084136679419476,0.9784277181662467,1.0324676629078808,1.045531369783895,1.0637493986271134,1.154239033241975,1.241641899145645,1.3276895573695615,1.3599718574071613,1.3802361477066716,1.3525710875360557,1.3288657850455385,1.2570509348975976,1.2588460427217745,1.1959860674017904,1.1938106517090354,1.1648190066115323,1.0544912763135599,0.9177738471798446,0.8622158094779523,0.724220829856705,0.5779248185147514,0.5103613749509246,0.40479623855250707,0.28226762870081784,0.2366372993790669,0.21817477913557198,0.21450094990139096,0.10997722553543028,0.05404019679671549,-0.06544108291564929,-0.1860720860660014,-0.3011113893874211,-0.3791942147889926,-0.33701632295639006,-0.35728061325590027,-0.3468719765126169,-0.3933183312061064,-0.4755067673356875,-0.4447553919924674,-0.5206629635818092,-0.49167131848430595,-0.49167131848430595,-0.43649760899282336,-0.5319455285836907,-0.49422652868819433,-0.43113806320587295,-0.46417199231194894,-0.4035682223951889,-0.33509784715647245,-0.33645301532262095,-0.34798995082413803,-0.3708474170107243,-0.27238634786375476,-0.22390948019818702,-0.19491783510068372,-0.18619048030269064
k__Bacteria;p__Firmicutes;c__Clostridia;o__Clostridiales;f__Lachnospiraceae;g__Blautia;s__.1,0.8734014090541117,0.9293565735464903,0.8938498520444265,0.9051580881990463,0.7926854404212312,0.8002609689670468,0.7760605242168145,0.7589322002358005,0.8043384880295158,0.796480917594067,0.8564888505324952,0.9074046207279024,0.9397771417432419,0.9689850105219201,0.9547177128117277,0.9329789154035623,0.929679501370788,0.9378972635350523,0.9408628095866872,0.957335573417064,0.9609340960766036,0.9656356431503795,0.9615715511365114,0.9511505896874408,0.94379348822064,0.8332916141664767,0.7924208147554169,0.7124042856343348,0.700886124024518,0.703172744458511,0.6985601061285585,0.7069429915354414,0.7029313571833832,0.6676258034692311,0.6601681536120827,0.6076069580192599,0.5456981982914509,0.5018823861641942,0.4598785198578781,0.4687246120798642,0.48990553389617686,0.49972493154442654,0.4986820835393009,0.4991782775412536,0.49186767296184264,0.4801918299613594,0.4440074257074057,0.41152943122251484,0.40095103380559044,0.4008013659402353,0.5048123210573963,0.5320343918373825,0.6211795201279744,0.6088461638436738,0.5621920734644529,0.5262863489002622,0.5178335487567054,0.4961234935357101,0.4969573367584812,0.4925054301304278,0.5108716603797743,0.5296093692152677,0.5334882442826261,0.5275568032365754,0.5044745229393083,0.4847981874451245,0.46515496890354235,0.44145681852950575,0.42685386284997007,0.416129497960568,0.4122528998808368,0.41172036720716354,0.4277633980329522,0.41390882138200946,0.3959297587567059,0.38237071276902157,0.37213504470131975,0.35030198249517197,0.3571288163649126,0.3957849132352024,0.4294774642171521,0.4362036933252499,0.4331543895908414,0.45387451755850955,0.3984942839896295,0.3779971824538212,0.3318134336582125,0.32102894154938366,0.3365432997557072,0.28855835349525366,0.24234783657405415,0.13711927646929203,0.11943298366332679,0.12450466823168593,0.09781561348062136,0.004928787250046649,-0.05382717090889665,-0.11999052317990602,-0.1202616651582592,-0.1400255603853596,-0.14145668113868715,-0.1530487412518331,-0.1779559117122313,-0.17640057652473942,-0.1586038308631008,-0.13593377020283764,-0.12409834048276357,-0.08209849074755349,-0.09463762495439575,-0.03564095356074625,-0.007907924904473422,0.061334111094395925,0.10260554174369883,0.11131363375380111,0.18616433235087382,0.20306841229695116,0.301930526984536,0.34642527571498766,0.35320671264156595,0.38603630351075735,0.4775101252515403,0.5489184765312143,0.620052923261537,0.6506608546275292,0.7083182340491986,0.7307686847745026,0.7758005022576632,0.8206712555327214,0.8085863183789557,0.7312604305323116,0.6653061389916014,0.5700513593839416,0.49597969803881264,0.48951035343236116,0.4082547081455956,0.3254222978843914,0.2638378040084157,0.12977707754318316,0.10305925549209365,-0.0002875831642023474,-0.08714243991001638,-0.19640855790092665,-0.30209823685954906,-0.33774614153838783,-0.3587825457085259,-0.44365153470941215,-0.48974031758986514,-0.4972640383292727,-0.520851233675156,-0.6318231620999598,-0.7282468361096103,-0.7777691718967923,-0.90832257726399,-0.9698603244274006,-0.9788498557400522,-1.0526461866428207,-1.0044656774537406,-1.0595650590586718,-1.163889378564399,-1.1008902884503562,-1.109879819763008,-1.147399938513269,-1.1175373618859015,-1.1725828961722051,-1.1725828961722051,-1.1337307882321859,-1.0948786802921666,-1.085889148979515,-1.148275562258872,-1.1884888233900375,-1.1632520184124735,-1.1587059982214327,-1.2052605453283218,-1.251317351979196,-1.242327820666544,-1.2721903972939117,-1.3179060742701092,-1.2648058963004782,-1.248558622635566,-1.2485586226355663,-1.197823000693483,-1.254993041195215,-1.2251304645678476,-1.0846575364525206,-1.0345850720972396,-0.9230209310687534,-0.89978332972649,-0.8855352596968784,-0.8712871896672668,-0.8570391196376552,-0.8285429795784318,-0.7448245266408425
k__Bacteria;p__Bacteroidetes;c__Bacteroidia;o__Bacteroidales;f__Bacteroidaceae;g__Bacteroides;s__.7,0.09251470015809823,0.40780363450226365,0.5654083911266415,0.5012643492189783,0.524607207439211,0.48447198481241704,0.4978482799906962,0.5449041993873229,0.6227361199392001,0.6972596938109508,0.6888451312567159,0.7094426402315959,0.6874776922329849,0.6891346357256658,0.6998441425127526,0.6251300737298517,0.6164183874516941,0.5873912405702493,0.5602778134055617,0.5520733860103929,0.5628560401245759,0.5651275297772979,0.5156680679083259,0.4839114577046499,0.4563773215767802,0.2507790864423769,0.21185186250692617,0.044941696593142455,0.01987358617031931,-0.01588913927582408,-0.059854007172456127,-0.10913665662673112,-0.1613964870406493,-0.22035813847102315,-0.2905883434413871,-0.31671081149265806,-0.3573946978084039,-0.3566364716965715,-0.37330480676808897,-0.39890944398841477,-0.38940209845812923,-0.40489231045263485,-0.40396573286628235,-0.39544479565290536,-0.4149903190362911,-0.44159494435181235,-0.48301642734250116,-0.4522596929252904,-0.43390425595409104,-0.41572870487843644,-0.2245377190966908,-0.21084170691761753,-0.08257379902047988,-0.05528135058524836,-0.045759986712547544,-0.026954666204877645,-0.046245117442287785,-0.03545827272143069,-0.04517240903095655,-0.06582465413924106,-0.08705034136042675,-0.11225572946337944,-0.1520486962687296,-0.18345649050335783,-0.21738170850466937,-0.2330677872800304,-0.2668856220753145,-0.27540601982946905,-0.2884955550673162,-0.28253634449767945,-0.29207755957672554,-0.27247747757793894,-0.28962921997983293,-0.293417978025944,-0.2936111682317176,-0.28372084178021373,-0.2684827414694534,-0.24489863874379722,-0.27897409920682625,-0.27814121895808946,-0.26584563302056563,-0.24159137350036644,-0.24238260550447294,-0.21511610335648437,-0.3808501747521836,-0.35244214975434524,-0.3270529983320303,-0.3129986854118891,-0.2878827809413729,-0.2407008693113003,-0.19512361307254872,-0.37051501592195707,-0.3573030724531456,-0.35742528988595035,-0.3883562662707184,-0.5688208880824682,-0.7028093593410263,-0.8572708053032713,-0.9324551097325096,-0.9718020004867313,-0.9901094223116967,-0.9983539847160148,-1.007025525871242,-0.9631308857374615,-0.9355110534732024,-0.9138384286639558,-0.8811226043237295,-0.8635516072209022,-0.8576841376441198,-0.6389744475137522,-0.6488508851697258,-0.6519464510572992,-0.6483671775788165,-0.6566524165258079,-0.6797020090830036,-0.6876921324200654,-0.48288048059004424,-0.5025643750118641,-0.5135751232219665,-0.49299637931867046,-0.3227840380126354,-0.18775436985469895,-0.01897342457028955,0.0446893336120619,0.06880147222352961,0.07425270363813828,0.05063237011657239,0.035511190591068956,-0.02655409919650326,-0.03517516876738095,-0.020334648466107517,0.006227159593339626,0.029438232386386112,0.0503709012453319,0.06197159010206412,0.10053029842740027,0.13369472760763718,0.17597404426020102,0.20706069228013127,0.24263908060348124,0.23872208534022854,0.2222406218619887,0.23031503913481063,0.2549030991086386,0.2786101858957395,0.33455753566385177,0.3639591941785198,0.3982708987146508,0.4055419363233073,0.4475084581435599,0.4882990834790931,0.5418147880328726,0.5812805954246784,0.6459992682601936,0.6588607080385266,0.653015453617628,0.6188345397093505,0.5960037450296244,0.5703313081369135,0.5359346605669935,0.5350466077322862,0.5274733323762455,0.5116572203376253,0.5003958210552328,0.4734357313714237,0.4925319169143356,0.5410934436115229,0.5815874047795048,0.5987686565204843,0.6164595492104988,0.6008514951250443,0.5997078522490442,0.5773829665249103,0.5969653375321144,0.5839440516908901,0.584994869533179,0.5648812029258817,0.5505093852598688,0.552689513933257,0.560086270430931,0.516163080752867,0.5279039899672502,0.5191029333343521,0.4933083155277893,0.496526997900707,0.4637129412011302,0.45757750855200974,0.45721975253462105,0.4493127007219725,0.4326113223973029,0.3699861356850407,0.3426748600992858
k__Bacteria;p__Actinobacteria;c__Actinobacteria;o__Bifidobacteriales;f__Bifidobacteriaceae;g__Bifidobacterium;s__adolescentis.1,0.2418553319945968,-0.12474393665672806,-0.11485154650751737,-0.13046404922125646,-0.33428006407709027,-0.07510236482374899,-0.1345653420357924,-0.13990736895162756,-0.1129097220302931,-0.07531481781312539,-0.09512301489907529,-0.08980280587958221,-0.08530109055539575,-0.10015136878419424,-0.092085500052781,-0.039263779983699405,-0.0658566873557202,0.019524503366507486,0.01685055547010403,0.0013477784086701027,-0.0071593328185272235,-0.008255749811555906,0.0493893726640246,0.026858848581854704,0.06769429500148741,0.03442725189627657,0.008099215168581664,0.011831616525896363,0.033357560105387846,0.05968559683308275,-0.00879957663695766,-0.008799576636957658,0.023746509246507643,-0.026358113827124677,-0.002574932368481031,-0.03682849787815508,-0.08155904255156578,-0.1262895872249765,-0.1605431527346505,-0.11059458991995873,-0.08212701157860446,-0.07420148279662532,-0.07881493950080891,-0.028549218315384844,0.03098866799432248,0.08280009312970694,0.06439758518399116,-0.03428746244109769,0.002235608467094998,0.009915007581551194,0.06683463480113996,0.06683463480113996,0.1236635534927229,0.1116183220975181,0.08529028536982318,0.08529028536982318,0.14071519427197032,0.06927940574298694,0.06927940574298694,0.059413082292853206,0.14288117493874503,0.14288117493874503,0.20726844498096975,0.20726844498096975,0.18453811809757797,0.16545642072650948,0.21053124297148273,0.11032274490987415,0.015326479051039392,0.007840316310530771,-0.08286081147037176,-0.10918884819806668,-0.10918884819806668,-0.14571191910625936,-0.2412828835236395,-0.2447710175142031,-0.15935817461161036,-0.16787698233642118,-0.1281691174509993,-0.1281691174509993,-0.06532282842409756,-0.04956027723407695,-0.04956027723407695,0.04579871529680632,0.011890496514859232,-0.07157759613103258,-0.07157759613103258,-0.13596486617325726,-0.05805267848299259,-0.13208614584178982,-0.21757627259419363,-0.289108660706194,-0.289108660706194,-0.289108660706194,-0.37541394978506676,-0.34946068598056956,-0.3208255703713992,-0.27502673912878944,-0.23547626515654715,-0.23547626515654715,-0.3112966935001624,-0.39670953640275514,-0.49093114301849516,-0.5790094227337218,-0.5790094227337218,-0.5614659664989126,-0.5579057532795817,-0.4544118094362179,-0.5497708019671012,-0.5862827789393364,-0.49617615540127047,-0.39606302890221173,-0.2938974230588971,-0.27273814508383815,-0.24641010835614324,-0.24641010835614324,-0.2278780712710952,-0.12368859088686282,-0.02289629827631236,0.0034317384513825465,-0.0028720387012972147,0.007382548335050566,-0.012088246179864275,0.018513034583195462,0.044841071310890365,0.13336249319026783,0.23845189957920007,0.23845189957920007,0.3187318236708099,0.35762152631632793,0.28515730983659615,0.27085355428450003,0.2016131759508103,0.2016131759508103,0.2016131759508103,0.1378345891404393,0.06404949936907549,-0.011788069746544262,-0.08453149868417299,-0.0030374374649012183,0.07437950455670177,0.14271158178038928,0.15367449930599697,0.07921024342314142,0.052882206695446514,0.033232720043629066,0.020671054125805895,0.020671054125805895,-0.07580873733719104,-0.050711773692606814,-0.11290515884428938,-0.19166652850552668,-0.16533849177783178,-0.2067287132239235,-0.21929037914174668,-0.1636110128987449,-0.22405493065814738,-0.19494770402231423,-0.19494770402231423,-0.19494770402231423,-0.13179249671355986,-0.13179249671355986,-0.06552845521408404,-0.09185649194177894,-0.1733505531610507,-0.21651392967297967,-0.27692047811468806,-0.36574483929683327,-0.36574483929683327,-0.3268551366513152,-0.22641792890398763,-0.1464210667302607,-0.0696455867569506,0.04036699388503252,-0.01105800648724661,-0.011058006487246608,-0.011058006487246608,0.05224412079602983,0.039682454878206666,0.03968245487820666,0.04736597546765672,0.021037938739961806,0.0689334913382949,0.20515632798736946,0.33852604585578944,0.3800506635177875,0.4586704161034488,0.366078337876278,0.36607833787627814,0.3740038666582573,0.47062078884003755,0.5596484155386208
k__Bacteria;p__Firmicutes;c__Clostridia;o__Clostridiales;f__Ruminococcaceae;g__Faecalibacterium;s__prausnitzii.29,0.7357057731608043,0.8642682297207309,0.8944618950017467,0.8964567681065692,0.841123420961719,0.8328147095510561,0.8167092070452294,0.8068649698616421,0.8353785441890742,0.8532212520982133,0.8768173375800814,0.9155266290544203,0.9315217824245594,0.9555142441843607,0.9598409003937973,0.9391657478646614,0.932163848910745,0.9307386370532839,0.9336075994608506,0.9397395283200976,0.9415064138585146,0.9433402319512411,0.9187477492300153,0.9028618204735223,0.8887670549119996,0.7933067381390735,0.7601520770090808,0.6559260221400359,0.6507117385023594,0.6465247571057947,0.6379153174862157,0.6350207755866171,0.6276017024140366,0.6050533834136637,0.586369205539961,0.5544016608442651,0.5114772433234172,0.48700430539360295,0.4630218737225959,0.45656663622821475,0.46482831140587266,0.4660217313502441,0.4642148965596586,0.4575832035725044,0.44457028693984524,0.4380468380751693,0.41919397292792576,0.42501195987524554,0.4305443344779748,0.43904489652520573,0.5373444879792616,0.5683034911351773,0.6702096200120188,0.6675552711105321,0.6544964910529195,0.6456735116396376,0.6476301734097596,0.6439378068304368,0.6474530531883752,0.6522072863144883,0.667617598912765,0.682675387075934,0.6869693983306255,0.6780932360540928,0.6686595128975233,0.6615463075982413,0.6521875321067943,0.6474760455470931,0.6463654758021572,0.6550068503892781,0.653765989591567,0.6577603928986444,0.6661324588775831,0.658587986345967,0.6525233574783573,0.6444542477864005,0.6384383546267786,0.6382315521633003,0.6375600647809598,0.6465420410732721,0.6629477498033709,0.6659969556590997,0.6634998038367551,0.6683818850417012,0.611220452497585,0.6034521238522911,0.5652279916823502,0.5408062383279001,0.5463113826444933,0.5067666995948463,0.4761356402520965,0.38288311353731047,0.36579112423717397,0.3607726068980097,0.33266012477919,0.25456108639925396,0.18631769158225747,0.10278551420199047,0.07918106234532855,0.052430807566431065,0.04797460964505246,0.03147982261457309,0.003649906981249953,-0.005680094024883977,0.0047942158125849855,0.007520546032018305,0.007191808608312051,0.02526835673051885,0.020640355161554838,0.08756850792118943,0.09608819892763114,0.13948523122543732,0.17082347465870143,0.18206935924721507,0.23152006599778782,0.26504784656356795,0.34994417412260476,0.3574093657285446,0.3499288305520169,0.36705877389859654,0.43159888636483357,0.4912840617341246,0.5709081476316266,0.5989897227303335,0.6326409333878575,0.6368779513489605,0.652264809304506,0.6496617834941489,0.6361930824804939,0.5735860103611659,0.4816474747203289,0.3924737691131165,0.31914203334708546,0.22934945495470288,0.1343723849312996,0.058877543914371895,-0.030669949890956144,-0.12837814405579048,-0.21720082817531508,-0.34279502719226984,-0.4262353559702675,-0.43242585272433864,-0.45081680501968263,-0.5285735163080385,-0.6097028818355784,-0.6816870105240536,-0.7883049181860651,-0.8648394582060983,-0.8629139141647398,-0.9485041097598923,-1.0385154115617157,-1.134941244650803,-1.1987636133982478,-1.2472224841335766,-1.2658511372646317,-1.2732951534868697,-1.2732951534868697,-1.282697202093141,-1.282697202093141,-1.2155164418972042,-1.1502477778857778,-1.1576917941080158,-1.1458933075410087,-1.1576917941080158,-1.0509401254921134,-1.0509401254921134,-1.1270654985076343,-1.1830234278663514,-1.1830234278663514,-1.1948219144333585,-1.1873778982111205,-1.155205395361433,-1.170093427805909,-1.2545714851476486,-1.1854106530324295,-1.1779666368101915,-1.1779666368101915,-1.1854106530324295,-1.2002986854769053,-1.2120971720439124,-1.148065358093923,-1.1555093743161613,-1.1653498284991348,-1.0618358025273904,-1.0350859503435408,-1.0169037055863854,-0.9291311529234766,-0.9409296394904837,-0.9291311529234766,-1.0111543349119296,-1.0229528214789367,-0.9254166171442881
k__Bacteria;p__Firmicutes;c__Clostridia;o__Clostridiales;f__Veillonellaceae;g__Phascolarctobacterium;s__.9,0.49852423869965906,0.7492965060371064,0.8256189642509125,0.7791649015726776,0.8122657023722228,0.8196436985982803,0.819594787576896,0.8319933090931947,0.8415861930802528,0.8780908806202744,0.8507409875813917,0.8641452059594603,0.8732003081511824,0.8685622879940403,0.8984072353416273,0.8506028425897716,0.8251877993148197,0.7867035991962729,0.7513732876273589,0.7418094859911415,0.7333732081642808,0.7508194090548043,0.7125274766383736,0.6803484763491751,0.6341354348468202,0.44948160242561697,0.41937354169121754,0.21812390929510117,0.1872332614333284,0.17601412545227257,0.1370970387076998,0.07009825309086762,0.01920923481435365,-0.031231689348317437,-0.10024737273062494,-0.1176472854693635,-0.14382541653606826,-0.16188295272900366,-0.17984291930515897,-0.2195033311535076,-0.21970636471939772,-0.225595002122435,-0.22816823685879403,-0.21575228755125836,-0.2267859216018666,-0.23788022530121133,-0.2592257191478873,-0.24377410873336486,-0.23756052738388214,-0.21182835789000362,-0.034164191230623225,-0.04406699959318695,0.1129245053309406,0.11263081095209641,0.07873547118550979,0.05849596168547938,0.07835396609369424,0.06291094480088805,0.047543515012798715,0.05251370622469459,0.03358707694764385,0.01822645770295651,-0.013768861844206028,-0.03898398018855166,-0.06580637622002229,-0.1007310187022482,-0.13968159005447225,-0.1283003098068653,-0.13671411348734966,-0.13472136003740492,-0.14757376467553285,-0.18209303461436627,-0.19234343621599898,-0.20638098520574583,-0.198301166008172,-0.19228142466000064,-0.16310681901855378,-0.14499019869374086,-0.11467429411278884,-0.10593948503881861,-0.10992037812316534,-0.10534227128810426,-0.08486963612615872,-0.04937332204119574,-0.2495217410489014,-0.2557333466686698,-0.28789900566615156,-0.29742848575425,-0.2828640195937395,-0.2750265316129893,-0.24439898503303706,-0.4041543125997844,-0.4317447014561232,-0.4217824789751983,-0.4385215349897531,-0.60187359559058,-0.7236766300879922,-0.8883949003131748,-0.9221297103082989,-0.9575217268876948,-0.9945889674355908,-1.0143959138276657,-1.0151086610293127,-1.0305261306742777,-1.0129910130381539,-0.9725025807324442,-0.9497380011693312,-0.9335007075004396,-0.911204490518933,-0.6659496295692597,-0.6463475165285486,-0.6312946895910353,-0.6073010645407257,-0.6118281801454374,-0.596821796738352,-0.5864312199756738,-0.3786983783920512,-0.3554942767123923,-0.37067834750014106,-0.36038018730013355,-0.1963763829246062,-0.04358247565034798,0.12266407191739248,0.15892573432869864,0.18826139031840572,0.2061865166067488,0.1941024357139672,0.14188310952663646,0.08503547096532872,0.06430854326308204,-0.054965192748574754,-0.09944129964002307,-0.10502420261936667,-0.11024373353134553,-0.12696131447744444,-0.09627799613590474,-0.06687448365857969,-0.039696237740108865,-0.02089014555545484,-0.0007341815123190665,-0.0027312249845266533,-0.10075965880904965,-0.11805380282437765,-0.10878887268065396,-0.10869001604237188,-0.07758100733265373,-0.07003045852323607,-0.046778254933100775,-0.05167479092225947,-0.022418144473885827,-0.0015520435199190006,0.024509851531337015,0.09420918124739783,0.15913307679547523,0.17556328704011764,0.2744401828547193,0.31077814965303596,0.31343857893256727,0.3076245083444115,0.2814827124017161,0.26765992910545783,0.25992285358648975,0.22662289176628364,0.21095107856744894,0.1760002323019465,0.1827687660054324,0.27984189674385856,0.3145132545399394,0.31858005763982417,0.3404320826371936,0.33099227713025015,0.3340899610543625,0.3299135967295698,0.344970949922333,0.31188048145965147,0.3174893518430397,0.32233108179867165,0.30933576778853433,0.3024128699310187,0.34464458270405307,0.35734289873043434,0.37920539669756687,0.3888313477444247,0.348682668570819,0.32721976327538,0.28210825605860473,0.2934356736298504,0.3172028960397674,0.3561489928052073,0.3980485198963255,0.4003135048614665,0.40791934169985533
k__Bacteria;p__Firmicutes;c__Clostridia;o__Clostridiales;f__Ruminococcaceae;g__;s__.262,0.8465458094805792,0.8516803370531756,0.7896394297480968,0.7685181234811274,0.7003667978756315,0.7107071848021617,0.6816946640184229,0.6614316670982777,0.7082608245856614,0.7308574419556058,0.7858012314590244,0.8345409662747812,0.8643623262422808,0.9104849583245104,0.931437309039407,0.9043996005634692,0.8952716122378237,0.9065910079420276,0.9058488101839284,0.9091883852203706,0.8919133308086069,0.8824792346227124,0.8622132810583574,0.8264231721505132,0.8042573053423895,0.6513321387845091,0.6202852851529537,0.4745996463687788,0.4580053967929828,0.45374168859256,0.43174511300863566,0.4161280282906435,0.3788158386369683,0.3345579502166871,0.30338653224183887,0.2548558057887961,0.1964418818943246,0.16334642825986997,0.11314518410387327,0.0881880747622951,0.09870424082838616,0.09456656933520875,0.07567954189969983,0.060628304813143255,0.04060888513130813,0.028717549552279745,-0.0014405122481051303,-0.025083985953242117,-0.02269176729792717,-0.015518559467019239,0.12863130079377458,0.13677056886106426,0.2768348705191086,0.2701492060919008,0.24170380902210542,0.22224203863796255,0.23621015833601416,0.24522617514710546,0.2589300713827445,0.26588678885369166,0.27512803554920684,0.287658192816821,0.2793972237434106,0.27512924986143233,0.26208257909343613,0.24671496448020672,0.23841614918450166,0.23842887330560733,0.24259761789361775,0.2571364289339599,0.2700745234632698,0.2832931490403502,0.3091110529093372,0.31291664507147704,0.3073852048966275,0.3147007084769893,0.3161541765459168,0.31626994258306684,0.32061149848040676,0.33078572013592267,0.3517808774117031,0.3538749764640029,0.3598798422580129,0.36500033242792157,0.2886411966321874,0.2662441908848928,0.24737043135945047,0.23487159686253647,0.24048821070592347,0.22792131923167003,0.21437014981503494,0.08244575706919946,0.0515583729095631,0.0460039224222028,0.011979960630906313,-0.10822102294765182,-0.20600578713255183,-0.3438980435807609,-0.3706642168352002,-0.4015562578930723,-0.42560925070195865,-0.4303076343988312,-0.4434977061793623,-0.4365582548765242,-0.41084643072971294,-0.38436176668346816,-0.37061708216927663,-0.3379141048151132,-0.33375262376953685,-0.24305328967736145,-0.21466387302466067,-0.18016432493084697,-0.15123237828058453,-0.14135631973016483,-0.10773385619835509,-0.10155383755063184,0.0342485566515024,0.07455090101087324,0.08601530365747966,0.10854905130779478,0.2088594831075128,0.30908412904963367,0.425902193213557,0.4460772282763562,0.4873982358478951,0.49632985669854984,0.5228824065421336,0.5086709687687881,0.4941319886041304,0.423803506632045,0.2682223323220373,0.11466439802418955,0.020989219069980677,0.014734340632900583,0.00460425270294607,-0.004463536966869203,-0.03867484200425657,-0.06028288075114724,-0.16545365138781615,-0.31655958627637376,-0.3446788287835138,-0.4498334446771273,-0.4818462817635146,-0.5061496415764835,-0.5112042544030154,-0.5053733792861224,-0.5121511458355389,-0.49435546192531005,-0.5044013236090642,-0.5235066364555965,-0.5327208867452987,-0.5643705451249226,-0.5512665773039435,-0.5562248357237862,-0.4928710335522254,-0.4928710335522254,-0.38404020561013524,-0.4406236586864637,-0.4528455601935294,-0.4739798013135436,-0.4875077052962271,-0.492198629463898,-0.613619360175239,-0.5166575941646101,-0.3868059083644295,-0.3646976920417035,-0.27403820015788716,-0.26737386079043135,-0.26481444050080405,-0.4007579515069659,-0.4110987825155408,-0.5009401393538951,-0.5172824132986651,-0.5015062907614722,-0.4971906515242216,-0.5025149196916567,-0.48834449696211346,-0.48442921810876816,-0.564883390173748,-0.6972594449021355,-0.595748977185912,-0.5815842707249841,-0.4613010545740356,-0.4414032620901607,-0.4255988390567995,-0.40979602977394186,-0.3724166789564625,-0.23248415736437886,-0.2224741308686862,-0.2334103875860542,-0.35419345520122336,-0.33459008372711807
k__Bacteria;p__Firmicutes;c__Clostridia;o__Clostridiales;f__Lachnospiraceae;g__Coprococcus;s__.187,0.38739584488909595,0.22527994803063273,0.10334797563171055,0.13036684038669039,0.023903870804707694,0.034847610849471765,-0.023582262060165917,-0.06886660418006937,-0.03326579842307819,-0.025226611335936077,0.051884797731304035,0.11092893699724216,0.1675697336666443,0.2102733710537518,0.19828746741220735,0.17550659267710705,0.18642820053546963,0.18610873045959073,0.1783998163851884,0.20309076731697534,0.21607133385131677,0.21490673349065803,0.23223906116137813,0.20345015664184482,0.17301513448712086,0.058576278612010126,0.012599168900656248,-0.04750856358503988,-0.06695197828224782,-0.08023100580818097,-0.09517274214061411,-0.08647392305960971,-0.10705955074985057,-0.15646926255392296,-0.17544382443522172,-0.2407404852866328,-0.30821834020529726,-0.37112199541388263,-0.4393446995593902,-0.4446221144049279,-0.41229685385146786,-0.4048695518536358,-0.393758980736119,-0.3789367964237501,-0.39345218719399133,-0.44954076993727926,-0.48758866698230285,-0.5631461974775831,-0.5916302851613306,-0.5839945810254652,-0.5023154454358525,-0.4842033467899499,-0.4174415547361365,-0.43323319448480163,-0.47828441105049235,-0.5204734683085916,-0.5176113090010002,-0.5397829069022859,-0.5308647130118783,-0.5497951016795299,-0.5257823514344647,-0.5036875352534225,-0.5033504172747973,-0.4878102035269228,-0.49902914329681153,-0.537098989547557,-0.5778889385736329,-0.618995614017616,-0.6547080490097094,-0.6667471113459149,-0.650855198474868,-0.6540819543318256,-0.6214142205255309,-0.6078019810370461,-0.6259338210779203,-0.6289862094283086,-0.6386841840129217,-0.6659057286159167,-0.6623815177107487,-0.6065084230614083,-0.5546135480283363,-0.5471463368356437,-0.5179681147439479,-0.45664249651759403,-0.5603171274733688,-0.5925659503910942,-0.6642750836464244,-0.6716188258154595,-0.66262418187634,-0.7462902419976839,-0.8011295737052645,-0.898551070864243,-0.9019701999060855,-0.8646352336419005,-0.8903079829548552,-0.9680816417436872,-1.0124819279345083,-1.058848594654965,-1.0698662225828786,-1.0893096372800866,-1.087717719107716,-1.0914293863596332,-1.1187894037057111,-1.1178325134401212,-1.1147317236576846,-1.0903974654869606,-1.0766690465048503,-1.0326907741206481,-1.0830889233443626,-0.9505302292916881,-0.9278965122184988,-0.8348485244603085,-0.8141055787674949,-0.8135609770671954,-0.6910603716625979,-0.665803039835808,-0.570418057943419,-0.5199205785477863,-0.5074515604568598,-0.4877337502049407,-0.41649243692966664,-0.37209215073884544,-0.3181200590323505,-0.25860853930806194,-0.1875944198941449,-0.16657409934396816,-0.10467448552082213,-0.044846368644679335,-0.03134237511294281,-0.09031625954471982,-0.15982912517695935,-0.17555695233011842,-0.15555518978919605,-0.09777092839422505,-0.0453861048782557,0.03488545229736511,0.08875472056512891,0.17035303540698557,0.23327231865057685,0.26891376499646485,0.35097426646120355,0.43254623108776696,0.4856027743550546,0.5057813927978507,0.5547544122221985,0.6249914287203714,0.7226330768942058,0.7896447939187804,0.7275386626339205,0.7539741845566794,0.7762037142895838,0.7583804238424697,0.7576231678531097,0.7813527939494946,0.9190220771584844,0.9308175271313511,0.9707446050416535,0.9344123687424666,0.9320686301829316,0.8944805609060542,0.8743917670900153,0.8616975345335623,0.8405069153929904,0.8420541989326695,0.8205343931802876,0.8242293666795848,0.8283633819150938,0.8070483235350062,0.8059156595920673,0.8062993133769113,0.8174034118432809,0.8135720016932559,0.8112550218836884,0.9172649460793094,0.8907147240871818,0.8849439027725673,0.9334989743611816,0.9792728926210874,1.0201320315047395,0.9595116568006432,1.0155770696228665,0.9809023946760764,1.0334439598676943,1.042213759671662,1.0851816937016292,1.0997059378202785,1.1036110136341493,1.0974401774015647,1.0802640925053517,1.0802798032553909,1.0974047043340298,1.0640468298679493
k__Bacteria;p__Bacteroidetes;c__Bacteroidia;o__Bacteroidales;f__Bacteroidaceae;g__Bacteroides;s__.52,0.6570767288189477,0.8751584778831976,1.031824349069199,1.0034500765771996,1.0263404683915045,1.0104404855520488,1.0266985999639122,1.0253882988727416,1.047470680016578,1.086795123451551,1.0712725058337107,1.0429297603053618,1.0135887156662549,1.0260195593958137,1.0539627676385008,0.9858284116620601,0.9551581379128145,0.909800193774733,0.8781300211049398,0.8602950744636748,0.8657768837665399,0.8706468456912861,0.8308953825626533,0.7824482199597718,0.7340761362479491,0.507553687099385,0.4656581203561562,0.20416507960681807,0.16904361394114784,0.1349705477056858,0.07322229668716261,0.001391592600288023,-0.056325737461729,-0.11868280161395672,-0.1975702702873581,-0.24611428020887727,-0.27943610936867513,-0.29003571319567567,-0.3189217924193415,-0.3690036205217989,-0.36610189101191387,-0.38960320880109095,-0.3888513534973883,-0.41013484956578344,-0.42593462412388833,-0.46190669887057767,-0.494379065089582,-0.48835833088547664,-0.477883848933365,-0.46672805427513936,-0.2713203870570478,-0.26170792986276964,-0.04940503487796825,-0.03495172126198992,-0.0508182254317973,-0.047540740882307225,-0.03875278302987665,-0.028878332572432067,-0.02941557966017675,-0.030728549357089338,-0.03213768706003066,-0.04224953482714421,-0.07444477482690058,-0.0970067989999575,-0.11016726261072592,-0.11925667133480534,-0.11850106890905981,-0.11483708203095838,-0.10051563140876096,-0.09363122284165605,-0.11155757841452568,-0.1237712507485368,-0.13400759188586567,-0.13286040426884255,-0.1084656905133757,-0.08500834367802719,-0.07045736141789988,-0.04893021267566379,-0.06350346935526886,-0.05986850232940748,-0.05783596410083611,-0.04431326574051164,-0.03849179897716808,-0.034764965822306274,-0.0990711729490509,-0.0849174513420875,-0.08541668479093134,-0.0783200290320876,-0.06690933236840785,-0.056954914276908956,-0.042529197857499194,-0.2641568608885322,-0.2622705882579753,-0.24821161022519195,-0.2782491059335726,-0.44911943239927893,-0.5916873830496818,-0.7259163302057139,-0.7829213169930496,-0.8116041568442358,-0.8343052376819267,-0.8427592667470793,-0.8489327574663456,-0.8251694199090008,-0.7906239343155367,-0.7425379100930647,-0.7114343867150922,-0.6898522115337049,-0.6584298176900337,-0.5355316913919937,-0.5328164840620953,-0.5145476666466297,-0.5009597944102496,-0.5008075384678135,-0.48929797685172305,-0.4732915956154262,-0.2461646793699717,-0.26236725971835595,-0.28947910094956364,-0.2613632445326433,-0.07229873509704944,0.095368512545021,0.25093112457581745,0.30418372045105785,0.31986103739819083,0.3254361793295224,0.30873789306482374,0.31679855238346516,0.2569596011768661,0.2764859932268127,0.29009991939440377,0.3128236423938031,0.3440681944058623,0.3698571999183358,0.3667401438755445,0.4014593978840976,0.42299949626922545,0.4624922131110845,0.48692981650370126,0.5046426712188442,0.4697456129933297,0.44001541558633334,0.4047232453680018,0.4324414385027642,0.43798685055839004,0.45352116177190055,0.4375756509293285,0.434221552007806,0.4470910275456189,0.4512063478552621,0.4534755560904197,0.4462273283344973,0.42109754742394956,0.4511852486549273,0.41810545765717605,0.3680658038829398,0.30029146169096527,0.2296071691133291,0.16441118625148085,0.09683796854804122,0.05814619596337083,0.022934593423688882,-0.018696715313505474,-0.05238768753846612,-0.09686125206377069,-0.0796362473280654,-0.042245795786573774,0.010921608771567013,0.001504871939469079,-0.00888254496933804,-0.027606122591309897,-0.016628196067140263,-0.034732763059594746,-0.03601768273055839,-0.03994582397558765,-0.026102386255264554,-0.012590696034424023,-0.01873235488258781,-0.01122944437869587,-0.0127625378898662,-0.03215502974037792,-0.011252689346533671,0.0016216517191831948,-0.011456199303565834,0.009674524235737282,0.0005009537295544347,0.011623649378186628,0.019974928833984704,0.040863307874103284,0.055520637653117835,0.002908660800297728,-0.0288513356118192
k__Bacteria;p__Firmicutes;c__Clostridia;o__Clostridiales;f__Lachnospiraceae;g__Blautia;s__.71,0.8527794625163977,0.8702240794180855,0.8139815774208494,0.8370887799940403,0.7138317524261214,0.752062231526892,0.7264912344480682,0.7050027607275353,0.7606322648729876,0.7612316278178424,0.839432938637858,0.8948292284304386,0.9363423891605933,0.9778490263030127,0.9616115065122022,0.9406838848343652,0.9427020415244234,0.960443919592993,0.9672849250794927,0.9837738037698595,0.9812194050633918,0.9918374214553299,0.9900378131169473,0.9679476708420082,0.9530216669720635,0.8070873480594096,0.757576691446675,0.6552866844074928,0.6453216164842808,0.6507573165618794,0.6447193119192027,0.649159018922349,0.6401222787979729,0.5901980413289536,0.5802755245863628,0.5144709499370161,0.4454987173529297,0.3895571428946163,0.3385746009642384,0.34715340460835603,0.36748898040500705,0.37849293099698605,0.3712889836707209,0.3623102860421873,0.3506362722629824,0.33373025531024536,0.29260406394976135,0.24720209605479734,0.23616361667023011,0.23751687631683033,0.3745222427622451,0.41016673248578933,0.5306904755103405,0.5203799091794113,0.458158296107222,0.4102837158599909,0.40928178000029825,0.38928641240434564,0.4039750246219066,0.4005251013149923,0.4290593468930322,0.45191371478005943,0.460285345074554,0.4470457489707925,0.4192809014818188,0.4001658908838277,0.3780033707113858,0.3469157152835816,0.3390460552128707,0.3312571290820177,0.33892436865323056,0.33779013276209674,0.3673130343516879,0.36276263925775226,0.3449739732035855,0.32399412048365966,0.30229918353720847,0.25411486461274213,0.2307499726502761,0.2563598719730683,0.27851984798894625,0.2626208183446686,0.2414957059363757,0.23257259790480161,0.1554745505097946,0.0978696879672051,-0.02800312439368648,-0.06677685898426718,-0.07235640519816576,-0.15677195463307098,-0.23935702875249334,-0.3790213015266425,-0.4182526220928168,-0.44439517493353264,-0.5192751115813402,-0.6321517108723882,-0.7495789952445823,-0.8835409265381083,-0.9045124174494749,-0.9502262229716968,-0.9676359358033865,-1.0026626525523836,-1.0410522181039992,-1.03807555781352,-1.0138245180107683,-0.9887691449505012,-0.9784394590946343,-0.932993895897784,-0.9452834416684524,-0.8951984267339401,-0.888219791581234,-0.794043697690581,-0.775770640755737,-0.7683638744214327,-0.6809871326563295,-0.6536570721597408,-0.5518713965209752,-0.4958946551854711,-0.4721350088072982,-0.4173207354195159,-0.3441327110558185,-0.2506846765807927,-0.15370288135291202,-0.13612140017349553,-0.07467229380243064,-0.059252606649934834,-0.004534610974191229,0.029917638931812526,0.023964318350853872,-0.04085637805224766,-0.18371086773171266,-0.223837614680499,-0.30422282012205054,-0.27948330159317764,-0.24711719741319393,-0.2100186095746761,-0.19311132188439675,-0.2566508568838666,-0.2847282297380216,-0.37210497150312494,-0.45496444587762136,-0.4371660135558511,-0.44333339976829067,-0.45572692614092813,-0.4454575855841687,-0.4191620176023387,-0.386589533172643,-0.344557671640316,-0.33388138638556336,-0.3443001797705103,-0.330865375060414,-0.3336398787043513,-0.34098301520878627,-0.4424453846222419,-0.3660846185929071,-0.3660846185929071,-0.3549942208448333,-0.40390383667086044,-0.4302632616069028,-0.449571823570884,-0.4458876881048783,-0.4400389910099614,-0.3730605836867899,-0.32072591807125944,-0.23005326048955987,-0.11145147595624304,-0.09917590244036606,-0.0935226224143148,-0.08487648391480082,-0.09778330304547211,-0.09980600783278362,-0.10148423347152334,-0.12479663357746787,-0.12083937216848697,-0.12103211857287485,-0.15087995134753562,-0.14489714433360312,-0.11720377796945808,-0.0796107816595874,-0.20488116351494942,-0.10086820889465618,-0.09369251604290929,0.034768393814608736,0.09146269369128801,0.13475105702676432,0.16835420749029706,0.08901512512431875,0.11941030901032441,0.12769097303175436,0.03701831545005476,0.0516503421242351,0.0697009240988557
k__Bacteria;p__Firmicutes;c__Clostridia;o__Clostridiales;f__Lachnospiraceae;g__Dorea;s__.9,0.9857942608457668,0.9588775245770682,0.9048381357644611,0.9037522905008173,0.8068382675951421,0.8248035980861489,0.8184198314317227,0.8105871653475791,0.8474595934495868,0.8458996916409081,0.8938374947940303,0.9326279400291545,0.9584746352765896,0.9926438413063288,0.9819568722178854,0.9546907719016026,0.9546377717906191,0.9612349450619888,0.9541975642895435,0.9572682953605126,0.9558692197813546,0.9463697534054016,0.945663015728048,0.9245873511424453,0.9031942521878983,0.7602288743129237,0.7063035485332297,0.5758341062572303,0.5602835549472153,0.5623953283502077,0.5378321549939489,0.5169324230370103,0.48591983718734993,0.43487744317780047,0.4197240548515038,0.368617885299138,0.3062671938032885,0.2699030780625872,0.22229526781155265,0.22652853933045874,0.2486198059451677,0.2538048508705961,0.24581187453872919,0.24565603507827405,0.24105133783831245,0.22547676015390614,0.21214059219333223,0.1974393465908,0.19597673863274814,0.20133643990135536,0.3238473866698173,0.36042103489514127,0.49703193877231366,0.4936660264653942,0.461741023259333,0.4234963870063052,0.4306235425859461,0.4298892715623584,0.44793664457698845,0.4476753487295848,0.46171263606975216,0.48108093337672775,0.4722720927680012,0.4610765579288065,0.43090324012521286,0.40287725430037946,0.3744427449857774,0.35056490927870515,0.34282252304579847,0.33844021186349516,0.3377630704117284,0.3287862027916153,0.3261635195646447,0.3124689074332296,0.307942478104987,0.30174144705658373,0.29008554338974873,0.2803599300582931,0.2801928368903921,0.3003807303012151,0.35375860768649253,0.361914928110172,0.3622864873695573,0.3811358467833774,0.30224457834841884,0.2843030930182489,0.26917271553379474,0.26111316187770606,0.26979629209471745,0.2512798563659519,0.22824756208697825,0.10981182823441275,0.08758425483207521,0.082627038651579,0.048300681920711026,-0.07085454491716402,-0.15878930262661334,-0.28220357271130514,-0.3034670096045498,-0.35667210811219136,-0.3658932204191563,-0.37726468093543125,-0.4078388851080756,-0.41851013945814075,-0.40952081543590135,-0.3928141235729276,-0.3750263801205103,-0.33393407664040026,-0.3517127490429829,-0.2739139324099383,-0.25192318751981907,-0.21942594009105285,-0.18750093688499178,-0.1704536312508458,-0.1219241517158175,-0.11486685540237204,0.012790609149770269,0.07433554639128209,0.10251961874608041,0.1422343976321471,0.2576291618497283,0.3507042564951557,0.4716156695445659,0.509854356500739,0.5892321637632678,0.6207902443728938,0.6618182179718508,0.6863745817731807,0.6653693404577852,0.6459729969162045,0.49857741981444875,0.4531076987647701,0.34470242564659304,0.2624712717580623,0.25844752119989234,0.23296981206172768,0.1829632137804273,0.08506739430846365,0.05375682915221483,-0.0871433480096914,-0.15551952866191981,-0.28317699321406214,-0.38528159518822436,-0.5021691412261725,-0.5217174654018392,-0.607278719114887,-0.627808620504507,-0.630159107879515,-0.6393528621260436,-0.6894349453600579,-0.7181872624242481,-0.7509522245611271,-0.782132011188364,-0.8709253563676072,-0.8573932996681803,-0.8573932996681803,-0.8654612474896772,-0.9005369277892343,-0.9005369277892343,-0.9817383914115487,-0.9733844069363188,-0.9641045406191722,-0.9548666279104835,-0.9317447916723033,-0.8168581073085555,-0.7463161510056584,-0.634156012306191,-0.6508913649008615,-0.6403325330123745,-0.6658057957455586,-0.5896823609914822,-0.6503129264791552,-0.6719477256825271,-0.6723378132688496,-0.6560493454407248,-0.6728355183978763,-0.6643106127858615,-0.6502091306851735,-0.5544778486455825,-0.6332027636139067,-0.5981270833143496,-0.6564235183437662,-0.6213478380442092,-0.5160751660348226,-0.4129520291548802,-0.38184606346215816,-0.42777581601116316,-0.3516735466805766,-0.43634357645274013,-0.44592911279803327,-0.5059122372124435,-0.4826707125379234
